============================================================================================== 
Warning! Mixing Conda and module environments may lead to corruption of the
user environment. 
We do not recommend users mixing those two environments unless absolutely
necessary. Note that 
SURF does not provide any support for Conda environment.
For more information, please refer to our software policy page:
https://servicedesk.surf.nl/wiki/display/WIKI/Software+policy+Snellius#SoftwarepolicySnellius-UseofAnacondaandMinicondaenvironmentsonSnellius 

Remember that many packages have already been installed on the system and can
be loaded using 
the 'module load <package__name>' command. If you are uncertain if a package is
already available 
on the system, please use 'module avail' or 'module spider' to search for it.
============================================================================================== 
2025-12-03 10:14:46.895462: I tensorflow/core/util/port.cc:153] oneDNN custom operations are on. You may see slightly different numerical results due to floating-point round-off errors from different computation orders. To turn them off, set the environment variable `TF_ENABLE_ONEDNN_OPTS=0`.
2025-12-03 10:14:46.918038: E external/local_xla/xla/stream_executor/cuda/cuda_fft.cc:477] Unable to register cuFFT factory: Attempting to register factory for plugin cuFFT when one has already been registered
WARNING: All log messages before absl::InitializeLog() is called are written to STDERR
E0000 00:00:1764753286.939603 1920720 cuda_dnn.cc:8310] Unable to register cuDNN factory: Attempting to register factory for plugin cuDNN when one has already been registered
E0000 00:00:1764753286.946175 1920720 cuda_blas.cc:1418] Unable to register cuBLAS factory: Attempting to register factory for plugin cuBLAS when one has already been registered
2025-12-03 10:14:46.968854: I tensorflow/core/platform/cpu_feature_guard.cc:210] This TensorFlow binary is optimized to use available CPU instructions in performance-critical operations.
To enable the following instructions: AVX2 AVX512F AVX512_VNNI FMA, in other operations, rebuild TensorFlow with the appropriate compiler flags.
Args: Namespace(seed=42, model_repo='facebook/VGGT-1B', model_name='vggt-1b', d_model=None, input_size=504, patch_size=14, data_dir='datasets/split_angles_mvimgnet', dataset_name='mvimgnet', train_fs_path=None, val_fs_path=None, batch_size=4, augmentation_epoch=1, memory_size=1024000, num_workers=8, n_neighbours=30, nn_method='faiss', nn_params=None, return_knn_details=False, job_id=None, vggt_hf_id='facebook/VGGT-1B', vggt_ckpt=None, vggt_normalize=False, vggt_seq_len=4)
Loading VGGT model via VGGT loader: repo=facebook/VGGT-1B, name=vggt-1b
[VGGT] Detected patch embedding dimension: 2052
Detected 4 GPUs. Enabling FAISS index sharding.
[VGGT] Using VGGT-specific evaluation pipeline with multi-view geometry support
[VGGT] Found raw MVImgNet directory for camera metadata: datasets/mvimgnet
✅ MVImgNet Loaded → Train: 17172 | Val: 0
[VGGT] Using sequence_length=4 for multi-view feature extraction
[VGGT] Camera metadata will be used from: datasets/mvimgnet

  0%|          | 0/4 [00:00<?, ?it/s]

Augmentation loop:   0%|          | 0/1 [00:00<?, ?it/s][A


Memory Creation loop:   0%|          | 0/4293 [00:00<?, ?it/s][A[A



  0%|          | 0/4 [00:00<?, ?it/s][A[A[A
100%|██████████| 4/4 [00:01<00:00,  3.19it/s]




  0%|          | 0/4 [00:00<?, ?it/s][A[A[A
100%|██████████| 4/4 [00:01<00:00,  3.13it/s]




  0%|          | 0/4 [00:00<?, ?it/s][A[A[A
100%|██████████| 4/4 [00:01<00:00,  3.04it/s]




  0%|          | 0/4 [00:00<?, ?it/s][A[A[A
100%|██████████| 4/4 [00:01<00:00,  3.16it/s]



Memory Creation loop:   0%|          | 4/4293 [00:10<3:00:33,  2.53s/it][A[A



  0%|          | 0/4 [00:00<?, ?it/s][A[A[A
100%|██████████| 4/4 [00:01<00:00,  3.18it/s]




  0%|          | 0/4 [00:00<?, ?it/s][A[A[A
100%|██████████| 4/4 [00:01<00:00,  3.27it/s]




  0%|          | 0/4 [00:00<?, ?it/s][A[A[A
100%|██████████| 4/4 [00:01<00:00,  3.25it/s]




  0%|          | 0/4 [00:00<?, ?it/s][A[A[A
100%|██████████| 4/4 [00:01<00:00,  3.25it/s]




  0%|          | 0/4 [00:00<?, ?it/s][A[A[A
100%|██████████| 4/4 [00:01<00:00,  3.26it/s]




  0%|          | 0/4 [00:00<?, ?it/s][A[A[A
100%|██████████| 4/4 [00:01<00:00,  3.24it/s]



Memory Creation loop:   0%|          | 10/4293 [00:21<2:27:21,  2.06s/it][A[A



  0%|          | 0/4 [00:00<?, ?it/s][A[A[A
100%|██████████| 4/4 [00:01<00:00,  3.25it/s]




  0%|          | 0/4 [00:00<?, ?it/s][A[A[A
100%|██████████| 4/4 [00:01<00:00,  3.24it/s]




  0%|          | 0/4 [00:00<?, ?it/s][A[A[A
100%|██████████| 4/4 [00:01<00:00,  3.26it/s]




  0%|          | 0/4 [00:00<?, ?it/s][A[A[A
100%|██████████| 4/4 [00:01<00:00,  3.27it/s]




  0%|          | 0/4 [00:00<?, ?it/s][A[A[A
100%|██████████| 4/4 [00:01<00:00,  3.26it/s]




  0%|          | 0/4 [00:00<?, ?it/s][A[A[A
100%|██████████| 4/4 [00:01<00:00,  3.24it/s]



Memory Creation loop:   0%|          | 16/4293 [00:32<2:19:25,  1.96s/it][A[A



  0%|          | 0/4 [00:00<?, ?it/s][A[A[A
100%|██████████| 4/4 [00:01<00:00,  3.25it/s]




  0%|          | 0/4 [00:00<?, ?it/s][A[A[A
100%|██████████| 4/4 [00:01<00:00,  3.23it/s]




  0%|          | 0/4 [00:00<?, ?it/s][A[A[A
100%|██████████| 4/4 [00:01<00:00,  3.25it/s]




  0%|          | 0/4 [00:00<?, ?it/s][A[A[A
100%|██████████| 4/4 [00:01<00:00,  3.24it/s]




  0%|          | 0/4 [00:00<?, ?it/s][A[A[A
100%|██████████| 4/4 [00:01<00:00,  3.26it/s]




  0%|          | 0/4 [00:00<?, ?it/s][A[A[A


Memory Creation loop:   0%|          | 16/4293 [00:42<2:19:25,  1.96s/it][A[A
100%|██████████| 4/4 [00:01<00:00,  3.26it/s]



Memory Creation loop:   1%|          | 22/4293 [00:43<2:15:59,  1.91s/it][A[A



  0%|          | 0/4 [00:00<?, ?it/s][A[A[A
100%|██████████| 4/4 [00:01<00:00,  3.26it/s]




  0%|          | 0/4 [00:00<?, ?it/s][A[A[A
100%|██████████| 4/4 [00:01<00:00,  3.25it/s]




  0%|          | 0/4 [00:00<?, ?it/s][A[A[A
100%|██████████| 4/4 [00:01<00:00,  3.25it/s]




  0%|          | 0/4 [00:00<?, ?it/s][A[A[A
100%|██████████| 4/4 [00:01<00:00,  3.25it/s]




  0%|          | 0/4 [00:00<?, ?it/s][A[A[A
100%|██████████| 4/4 [00:01<00:00,  3.25it/s]




  0%|          | 0/4 [00:00<?, ?it/s][A[A[A
100%|██████████| 4/4 [00:01<00:00,  3.25it/s]



Memory Creation loop:   1%|          | 28/4293 [00:54<2:14:04,  1.89s/it][A[A



  0%|          | 0/4 [00:00<?, ?it/s][A[A[A
100%|██████████| 4/4 [00:01<00:00,  3.26it/s]




  0%|          | 0/4 [00:00<?, ?it/s][A[A[A
100%|██████████| 4/4 [00:01<00:00,  3.26it/s]




  0%|          | 0/4 [00:00<?, ?it/s][A[A[A
100%|██████████| 4/4 [00:01<00:00,  3.25it/s]




  0%|          | 0/4 [00:00<?, ?it/s][A[A[A
100%|██████████| 4/4 [00:01<00:00,  3.24it/s]




  0%|          | 0/4 [00:00<?, ?it/s][A[A[A
100%|██████████| 4/4 [00:01<00:00,  3.27it/s]




  0%|          | 0/4 [00:00<?, ?it/s][A[A[A
100%|██████████| 4/4 [00:01<00:00,  3.15it/s]



Memory Creation loop:   1%|          | 34/4293 [01:05<2:12:59,  1.87s/it][A[A



  0%|          | 0/4 [00:00<?, ?it/s][A[A[A
100%|██████████| 4/4 [00:01<00:00,  3.27it/s]




  0%|          | 0/4 [00:00<?, ?it/s][A[A[A
100%|██████████| 4/4 [00:01<00:00,  3.27it/s]




  0%|          | 0/4 [00:00<?, ?it/s][A[A[A
100%|██████████| 4/4 [00:01<00:00,  3.26it/s]




  0%|          | 0/4 [00:00<?, ?it/s][A[A[A
100%|██████████| 4/4 [00:01<00:00,  3.27it/s]




  0%|          | 0/4 [00:00<?, ?it/s][A[A[A
100%|██████████| 4/4 [00:01<00:00,  3.27it/s]




  0%|          | 0/4 [00:00<?, ?it/s][A[A[A
100%|██████████| 4/4 [00:01<00:00,  3.26it/s]



Memory Creation loop:   1%|          | 40/4293 [01:16<2:11:57,  1.86s/it][A[A



  0%|          | 0/4 [00:00<?, ?it/s][A[A[A
100%|██████████| 4/4 [00:01<00:00,  3.26it/s]




  0%|          | 0/4 [00:00<?, ?it/s][A[A[A
100%|██████████| 4/4 [00:01<00:00,  3.26it/s]




  0%|          | 0/4 [00:00<?, ?it/s][A[A[A
100%|██████████| 4/4 [00:01<00:00,  3.26it/s]




  0%|          | 0/4 [00:00<?, ?it/s][A[A[A
100%|██████████| 4/4 [00:01<00:00,  3.25it/s]




  0%|          | 0/4 [00:00<?, ?it/s][A[A[A
100%|██████████| 4/4 [00:01<00:00,  3.26it/s]




  0%|          | 0/4 [00:00<?, ?it/s][A[A[A
100%|██████████| 4/4 [00:01<00:00,  3.25it/s]



Memory Creation loop:   1%|          | 46/4293 [01:27<2:11:19,  1.86s/it][A[A



  0%|          | 0/4 [00:00<?, ?it/s][A[A[A
100%|██████████| 4/4 [00:01<00:00,  3.25it/s]




  0%|          | 0/4 [00:00<?, ?it/s][A[A[A
100%|██████████| 4/4 [00:01<00:00,  3.25it/s]




  0%|          | 0/4 [00:00<?, ?it/s][A[A[A
100%|██████████| 4/4 [00:01<00:00,  3.26it/s]




  0%|          | 0/4 [00:00<?, ?it/s][A[A[A
100%|██████████| 4/4 [00:01<00:00,  3.25it/s]




  0%|          | 0/4 [00:00<?, ?it/s][A[A[A
100%|██████████| 4/4 [00:01<00:00,  3.25it/s]




  0%|          | 0/4 [00:00<?, ?it/s][A[A[A
100%|██████████| 4/4 [00:01<00:00,  3.25it/s]



Memory Creation loop:   1%|          | 52/4293 [01:38<2:10:52,  1.85s/it][A[A



  0%|          | 0/4 [00:00<?, ?it/s][A[A[A
100%|██████████| 4/4 [00:01<00:00,  3.26it/s]




  0%|          | 0/4 [00:00<?, ?it/s][A[A[A
100%|██████████| 4/4 [00:01<00:00,  3.25it/s]




  0%|          | 0/4 [00:00<?, ?it/s][A[A[A
100%|██████████| 4/4 [00:01<00:00,  3.25it/s]




  0%|          | 0/4 [00:00<?, ?it/s][A[A[A
100%|██████████| 4/4 [00:01<00:00,  3.25it/s]




  0%|          | 0/4 [00:00<?, ?it/s][A[A[A
100%|██████████| 4/4 [00:01<00:00,  3.26it/s]




  0%|          | 0/4 [00:00<?, ?it/s][A[A[A
100%|██████████| 4/4 [00:01<00:00,  3.25it/s]



Memory Creation loop:   1%|▏         | 58/4293 [01:49<2:10:30,  1.85s/it][A[A



  0%|          | 0/4 [00:00<?, ?it/s][A[A[A
100%|██████████| 4/4 [00:01<00:00,  3.26it/s]




  0%|          | 0/4 [00:00<?, ?it/s][A[A[A
100%|██████████| 4/4 [00:01<00:00,  3.25it/s]




  0%|          | 0/4 [00:00<?, ?it/s][A[A[A
100%|██████████| 4/4 [00:01<00:00,  3.26it/s]




  0%|          | 0/4 [00:00<?, ?it/s][A[A[A
100%|██████████| 4/4 [00:01<00:00,  3.27it/s]




  0%|          | 0/4 [00:00<?, ?it/s][A[A[A
100%|██████████| 4/4 [00:01<00:00,  3.26it/s]




  0%|          | 0/4 [00:00<?, ?it/s][A[A[A
100%|██████████| 4/4 [00:01<00:00,  3.25it/s]



Memory Creation loop:   1%|▏         | 64/4293 [02:00<2:10:06,  1.85s/it][A[A



  0%|          | 0/4 [00:00<?, ?it/s][A[A[A
100%|██████████| 4/4 [00:01<00:00,  3.26it/s]




  0%|          | 0/4 [00:00<?, ?it/s][A[A[A
100%|██████████| 4/4 [00:01<00:00,  3.26it/s]




  0%|          | 0/4 [00:00<?, ?it/s][A[A[A
100%|██████████| 4/4 [00:01<00:00,  3.25it/s]




  0%|          | 0/4 [00:00<?, ?it/s][A[A[A
100%|██████████| 4/4 [00:01<00:00,  3.25it/s]




  0%|          | 0/4 [00:00<?, ?it/s][A[A[A
100%|██████████| 4/4 [00:01<00:00,  3.27it/s]




  0%|          | 0/4 [00:00<?, ?it/s][A[A[A
100%|██████████| 4/4 [00:01<00:00,  3.26it/s]



Memory Creation loop:   2%|▏         | 70/4293 [02:11<2:09:48,  1.84s/it][A[A



  0%|          | 0/4 [00:00<?, ?it/s][A[A[A
100%|██████████| 4/4 [00:01<00:00,  3.25it/s]




  0%|          | 0/4 [00:00<?, ?it/s][A[A[A
100%|██████████| 4/4 [00:01<00:00,  3.26it/s]




  0%|          | 0/4 [00:00<?, ?it/s][A[A[A
100%|██████████| 4/4 [00:01<00:00,  3.25it/s]




  0%|          | 0/4 [00:00<?, ?it/s][A[A[A
100%|██████████| 4/4 [00:01<00:00,  3.25it/s]




  0%|          | 0/4 [00:00<?, ?it/s][A[A[A
100%|██████████| 4/4 [00:01<00:00,  3.25it/s]




  0%|          | 0/4 [00:00<?, ?it/s][A[A[A


Memory Creation loop:   2%|▏         | 70/4293 [02:22<2:09:48,  1.84s/it][A[A
100%|██████████| 4/4 [00:01<00:00,  3.28it/s]



Memory Creation loop:   2%|▏         | 76/4293 [02:22<2:09:32,  1.84s/it][A[A



  0%|          | 0/4 [00:00<?, ?it/s][A[A[A
100%|██████████| 4/4 [00:01<00:00,  3.26it/s]




  0%|          | 0/4 [00:00<?, ?it/s][A[A[A
100%|██████████| 4/4 [00:01<00:00,  3.26it/s]




  0%|          | 0/4 [00:00<?, ?it/s][A[A[A
100%|██████████| 4/4 [00:01<00:00,  3.25it/s]




  0%|          | 0/4 [00:00<?, ?it/s][A[A[A
100%|██████████| 4/4 [00:01<00:00,  3.25it/s]




  0%|          | 0/4 [00:00<?, ?it/s][A[A[A
100%|██████████| 4/4 [00:01<00:00,  3.26it/s]




  0%|          | 0/4 [00:00<?, ?it/s][A[A[A
100%|██████████| 4/4 [00:01<00:00,  3.24it/s]



Memory Creation loop:   2%|▏         | 82/4293 [02:33<2:09:20,  1.84s/it][A[A



  0%|          | 0/4 [00:00<?, ?it/s][A[A[A
100%|██████████| 4/4 [00:01<00:00,  3.25it/s]




  0%|          | 0/4 [00:00<?, ?it/s][A[A[A
100%|██████████| 4/4 [00:01<00:00,  3.24it/s]




  0%|          | 0/4 [00:00<?, ?it/s][A[A[A
100%|██████████| 4/4 [00:01<00:00,  3.26it/s]




  0%|          | 0/4 [00:00<?, ?it/s][A[A[A
100%|██████████| 4/4 [00:01<00:00,  3.26it/s]




  0%|          | 0/4 [00:00<?, ?it/s][A[A[A
100%|██████████| 4/4 [00:01<00:00,  3.24it/s]




  0%|          | 0/4 [00:00<?, ?it/s][A[A[A
100%|██████████| 4/4 [00:01<00:00,  3.25it/s]



Memory Creation loop:   2%|▏         | 88/4293 [02:44<2:09:10,  1.84s/it][A[A



  0%|          | 0/4 [00:00<?, ?it/s][A[A[A
100%|██████████| 4/4 [00:01<00:00,  3.26it/s]




  0%|          | 0/4 [00:00<?, ?it/s][A[A[A
100%|██████████| 4/4 [00:01<00:00,  3.24it/s]




  0%|          | 0/4 [00:00<?, ?it/s][A[A[A
100%|██████████| 4/4 [00:01<00:00,  3.25it/s]




  0%|          | 0/4 [00:00<?, ?it/s][A[A[A
100%|██████████| 4/4 [00:01<00:00,  3.25it/s]




  0%|          | 0/4 [00:00<?, ?it/s][A[A[A
100%|██████████| 4/4 [00:01<00:00,  3.27it/s]




  0%|          | 0/4 [00:00<?, ?it/s][A[A[A
100%|██████████| 4/4 [00:01<00:00,  3.25it/s]



Memory Creation loop:   2%|▏         | 94/4293 [02:56<2:09:01,  1.84s/it][A[A



  0%|          | 0/4 [00:00<?, ?it/s][A[A[A
100%|██████████| 4/4 [00:01<00:00,  3.25it/s]




  0%|          | 0/4 [00:00<?, ?it/s][A[A[A
100%|██████████| 4/4 [00:01<00:00,  3.24it/s]




  0%|          | 0/4 [00:00<?, ?it/s][A[A[A
100%|██████████| 4/4 [00:01<00:00,  3.25it/s]




  0%|          | 0/4 [00:00<?, ?it/s][A[A[A
100%|██████████| 4/4 [00:01<00:00,  3.25it/s]




  0%|          | 0/4 [00:00<?, ?it/s][A[A[A
100%|██████████| 4/4 [00:01<00:00,  3.26it/s]




  0%|          | 0/4 [00:00<?, ?it/s][A[A[A
100%|██████████| 4/4 [00:01<00:00,  3.25it/s]



Memory Creation loop:   2%|▏         | 100/4293 [03:07<2:08:53,  1.84s/it][A[A



  0%|          | 0/4 [00:00<?, ?it/s][A[A[A
100%|██████████| 4/4 [00:01<00:00,  3.26it/s]




  0%|          | 0/4 [00:00<?, ?it/s][A[A[A
100%|██████████| 4/4 [00:01<00:00,  3.26it/s]




  0%|          | 0/4 [00:00<?, ?it/s][A[A[A
100%|██████████| 4/4 [00:01<00:00,  3.27it/s]




  0%|          | 0/4 [00:00<?, ?it/s][A[A[A
100%|██████████| 4/4 [00:01<00:00,  3.25it/s]




  0%|          | 0/4 [00:00<?, ?it/s][A[A[A
100%|██████████| 4/4 [00:01<00:00,  3.25it/s]




  0%|          | 0/4 [00:00<?, ?it/s][A[A[A
100%|██████████| 4/4 [00:01<00:00,  3.25it/s]



Memory Creation loop:   2%|▏         | 106/4293 [03:18<2:08:39,  1.84s/it][A[A



  0%|          | 0/4 [00:00<?, ?it/s][A[A[A
100%|██████████| 4/4 [00:01<00:00,  3.24it/s]




  0%|          | 0/4 [00:00<?, ?it/s][A[A[A
100%|██████████| 4/4 [00:01<00:00,  3.24it/s]




  0%|          | 0/4 [00:00<?, ?it/s][A[A[A
100%|██████████| 4/4 [00:01<00:00,  3.26it/s]




  0%|          | 0/4 [00:00<?, ?it/s][A[A[A
100%|██████████| 4/4 [00:01<00:00,  3.25it/s]




  0%|          | 0/4 [00:00<?, ?it/s][A[A[A
100%|██████████| 4/4 [00:01<00:00,  3.25it/s]




  0%|          | 0/4 [00:00<?, ?it/s][A[A[A
100%|██████████| 4/4 [00:01<00:00,  3.25it/s]



Memory Creation loop:   3%|▎         | 112/4293 [03:29<2:08:30,  1.84s/it][A[A



  0%|          | 0/4 [00:00<?, ?it/s][A[A[A
100%|██████████| 4/4 [00:01<00:00,  3.25it/s]




  0%|          | 0/4 [00:00<?, ?it/s][A[A[A
100%|██████████| 4/4 [00:01<00:00,  3.25it/s]




  0%|          | 0/4 [00:00<?, ?it/s][A[A[A
100%|██████████| 4/4 [00:01<00:00,  3.26it/s]




  0%|          | 0/4 [00:00<?, ?it/s][A[A[A
100%|██████████| 4/4 [00:01<00:00,  3.25it/s]




  0%|          | 0/4 [00:00<?, ?it/s][A[A[A
100%|██████████| 4/4 [00:01<00:00,  3.26it/s]




  0%|          | 0/4 [00:00<?, ?it/s][A[A[A
100%|██████████| 4/4 [00:01<00:00,  3.24it/s]



Memory Creation loop:   3%|▎         | 118/4293 [03:40<2:08:16,  1.84s/it][A[A



  0%|          | 0/4 [00:00<?, ?it/s][A[A[A
100%|██████████| 4/4 [00:01<00:00,  3.25it/s]




  0%|          | 0/4 [00:00<?, ?it/s][A[A[A
100%|██████████| 4/4 [00:01<00:00,  3.25it/s]




  0%|          | 0/4 [00:00<?, ?it/s][A[A[A
100%|██████████| 4/4 [00:01<00:00,  3.25it/s]




  0%|          | 0/4 [00:00<?, ?it/s][A[A[A
100%|██████████| 4/4 [00:01<00:00,  3.24it/s]




  0%|          | 0/4 [00:00<?, ?it/s][A[A[A
100%|██████████| 4/4 [00:01<00:00,  3.27it/s]




  0%|          | 0/4 [00:00<?, ?it/s][A[A[A
100%|██████████| 4/4 [00:01<00:00,  3.25it/s]



Memory Creation loop:   3%|▎         | 124/4293 [03:51<2:08:08,  1.84s/it][A[A



  0%|          | 0/4 [00:00<?, ?it/s][A[A[A
100%|██████████| 4/4 [00:01<00:00,  3.26it/s]




  0%|          | 0/4 [00:00<?, ?it/s][A[A[A
100%|██████████| 4/4 [00:01<00:00,  3.26it/s]




  0%|          | 0/4 [00:00<?, ?it/s][A[A[A
100%|██████████| 4/4 [00:01<00:00,  3.24it/s]




  0%|          | 0/4 [00:00<?, ?it/s][A[A[A
100%|██████████| 4/4 [00:01<00:00,  3.26it/s]




  0%|          | 0/4 [00:00<?, ?it/s][A[A[A
100%|██████████| 4/4 [00:01<00:00,  3.26it/s]




  0%|          | 0/4 [00:00<?, ?it/s][A[A[A
100%|██████████| 4/4 [00:01<00:00,  3.27it/s]



Memory Creation loop:   3%|▎         | 130/4293 [04:02<2:07:53,  1.84s/it][A[A



  0%|          | 0/4 [00:00<?, ?it/s][A[A[A
100%|██████████| 4/4 [00:01<00:00,  3.26it/s]




  0%|          | 0/4 [00:00<?, ?it/s][A[A[A
100%|██████████| 4/4 [00:01<00:00,  3.26it/s]




  0%|          | 0/4 [00:00<?, ?it/s][A[A[A
100%|██████████| 4/4 [00:01<00:00,  3.26it/s]




  0%|          | 0/4 [00:00<?, ?it/s][A[A[A
100%|██████████| 4/4 [00:01<00:00,  3.26it/s]




  0%|          | 0/4 [00:00<?, ?it/s][A[A[A
100%|██████████| 4/4 [00:01<00:00,  3.26it/s]




  0%|          | 0/4 [00:00<?, ?it/s][A[A[A


Memory Creation loop:   3%|▎         | 130/4293 [04:12<2:07:53,  1.84s/it][A[A
100%|██████████| 4/4 [00:01<00:00,  3.25it/s]



Memory Creation loop:   3%|▎         | 136/4293 [04:13<2:07:38,  1.84s/it][A[A



  0%|          | 0/4 [00:00<?, ?it/s][A[A[A
100%|██████████| 4/4 [00:01<00:00,  3.26it/s]




  0%|          | 0/4 [00:00<?, ?it/s][A[A[A
100%|██████████| 4/4 [00:01<00:00,  3.26it/s]




  0%|          | 0/4 [00:00<?, ?it/s][A[A[A
100%|██████████| 4/4 [00:01<00:00,  3.26it/s]




  0%|          | 0/4 [00:00<?, ?it/s][A[A[A
100%|██████████| 4/4 [00:01<00:00,  3.25it/s]




  0%|          | 0/4 [00:00<?, ?it/s][A[A[A
100%|██████████| 4/4 [00:01<00:00,  3.25it/s]




  0%|          | 0/4 [00:00<?, ?it/s][A[A[A
100%|██████████| 4/4 [00:01<00:00,  3.26it/s]



Memory Creation loop:   3%|▎         | 142/4293 [04:24<2:07:27,  1.84s/it][A[A



  0%|          | 0/4 [00:00<?, ?it/s][A[A[A
100%|██████████| 4/4 [00:01<00:00,  3.25it/s]




  0%|          | 0/4 [00:00<?, ?it/s][A[A[A
100%|██████████| 4/4 [00:01<00:00,  3.25it/s]




  0%|          | 0/4 [00:00<?, ?it/s][A[A[A
100%|██████████| 4/4 [00:01<00:00,  3.25it/s]




  0%|          | 0/4 [00:00<?, ?it/s][A[A[A
100%|██████████| 4/4 [00:01<00:00,  3.25it/s]




  0%|          | 0/4 [00:00<?, ?it/s][A[A[A
100%|██████████| 4/4 [00:01<00:00,  3.25it/s]




  0%|          | 0/4 [00:00<?, ?it/s][A[A[A
100%|██████████| 4/4 [00:01<00:00,  3.23it/s]



Memory Creation loop:   3%|▎         | 148/4293 [04:35<2:07:19,  1.84s/it][A[A



  0%|          | 0/4 [00:00<?, ?it/s][A[A[A
100%|██████████| 4/4 [00:01<00:00,  3.25it/s]




  0%|          | 0/4 [00:00<?, ?it/s][A[A[A
100%|██████████| 4/4 [00:01<00:00,  3.25it/s]




  0%|          | 0/4 [00:00<?, ?it/s][A[A[A
100%|██████████| 4/4 [00:01<00:00,  3.25it/s]




  0%|          | 0/4 [00:00<?, ?it/s][A[A[A
100%|██████████| 4/4 [00:01<00:00,  3.25it/s]




  0%|          | 0/4 [00:00<?, ?it/s][A[A[A
100%|██████████| 4/4 [00:01<00:00,  3.25it/s]




  0%|          | 0/4 [00:00<?, ?it/s][A[A[A
100%|██████████| 4/4 [00:01<00:00,  3.25it/s]



Memory Creation loop:   4%|▎         | 154/4293 [04:46<2:07:08,  1.84s/it][A[A



  0%|          | 0/4 [00:00<?, ?it/s][A[A[A
100%|██████████| 4/4 [00:01<00:00,  3.26it/s]




  0%|          | 0/4 [00:00<?, ?it/s][A[A[A
100%|██████████| 4/4 [00:01<00:00,  3.25it/s]




  0%|          | 0/4 [00:00<?, ?it/s][A[A[A
100%|██████████| 4/4 [00:01<00:00,  3.26it/s]




  0%|          | 0/4 [00:00<?, ?it/s][A[A[A
100%|██████████| 4/4 [00:01<00:00,  3.26it/s]




  0%|          | 0/4 [00:00<?, ?it/s][A[A[A
100%|██████████| 4/4 [00:01<00:00,  3.25it/s]




  0%|          | 0/4 [00:00<?, ?it/s][A[A[A
100%|██████████| 4/4 [00:01<00:00,  3.25it/s]



Memory Creation loop:   4%|▎         | 160/4293 [04:57<2:06:56,  1.84s/it][A[A



  0%|          | 0/4 [00:00<?, ?it/s][A[A[A
100%|██████████| 4/4 [00:01<00:00,  3.25it/s]




  0%|          | 0/4 [00:00<?, ?it/s][A[A[A
100%|██████████| 4/4 [00:01<00:00,  3.26it/s]




  0%|          | 0/4 [00:00<?, ?it/s][A[A[A
100%|██████████| 4/4 [00:01<00:00,  3.27it/s]




  0%|          | 0/4 [00:00<?, ?it/s][A[A[A
100%|██████████| 4/4 [00:01<00:00,  3.25it/s]




  0%|          | 0/4 [00:00<?, ?it/s][A[A[A
100%|██████████| 4/4 [00:01<00:00,  3.26it/s]




  0%|          | 0/4 [00:00<?, ?it/s][A[A[A
100%|██████████| 4/4 [00:01<00:00,  3.26it/s]



Memory Creation loop:   4%|▍         | 166/4293 [05:08<2:06:43,  1.84s/it][A[A



  0%|          | 0/4 [00:00<?, ?it/s][A[A[A
100%|██████████| 4/4 [00:01<00:00,  3.26it/s]




  0%|          | 0/4 [00:00<?, ?it/s][A[A[A
100%|██████████| 4/4 [00:01<00:00,  3.25it/s]




  0%|          | 0/4 [00:00<?, ?it/s][A[A[A
100%|██████████| 4/4 [00:01<00:00,  3.26it/s]




  0%|          | 0/4 [00:00<?, ?it/s][A[A[A
100%|██████████| 4/4 [00:01<00:00,  3.25it/s]




  0%|          | 0/4 [00:00<?, ?it/s][A[A[A
100%|██████████| 4/4 [00:01<00:00,  3.26it/s]




  0%|          | 0/4 [00:00<?, ?it/s][A[A[A
100%|██████████| 4/4 [00:01<00:00,  3.25it/s]



Memory Creation loop:   4%|▍         | 172/4293 [05:19<2:06:31,  1.84s/it][A[A



  0%|          | 0/4 [00:00<?, ?it/s][A[A[A
100%|██████████| 4/4 [00:01<00:00,  3.26it/s]




  0%|          | 0/4 [00:00<?, ?it/s][A[A[A
100%|██████████| 4/4 [00:01<00:00,  3.26it/s]




  0%|          | 0/4 [00:00<?, ?it/s][A[A[A
100%|██████████| 4/4 [00:01<00:00,  3.26it/s]




  0%|          | 0/4 [00:00<?, ?it/s][A[A[A
100%|██████████| 4/4 [00:01<00:00,  3.25it/s]




  0%|          | 0/4 [00:00<?, ?it/s][A[A[A
100%|██████████| 4/4 [00:01<00:00,  3.26it/s]




  0%|          | 0/4 [00:00<?, ?it/s][A[A[A
100%|██████████| 4/4 [00:01<00:00,  3.25it/s]



Memory Creation loop:   4%|▍         | 178/4293 [05:30<2:06:21,  1.84s/it][A[A



  0%|          | 0/4 [00:00<?, ?it/s][A[A[A
100%|██████████| 4/4 [00:01<00:00,  3.26it/s]




  0%|          | 0/4 [00:00<?, ?it/s][A[A[A
100%|██████████| 4/4 [00:01<00:00,  3.25it/s]




  0%|          | 0/4 [00:00<?, ?it/s][A[A[A
100%|██████████| 4/4 [00:01<00:00,  3.26it/s]




  0%|          | 0/4 [00:00<?, ?it/s][A[A[A
100%|██████████| 4/4 [00:01<00:00,  3.26it/s]




  0%|          | 0/4 [00:00<?, ?it/s][A[A[A
100%|██████████| 4/4 [00:01<00:00,  3.25it/s]




  0%|          | 0/4 [00:00<?, ?it/s][A[A[A
100%|██████████| 4/4 [00:01<00:00,  3.25it/s]



Memory Creation loop:   4%|▍         | 184/4293 [05:41<2:06:06,  1.84s/it][A[A



  0%|          | 0/4 [00:00<?, ?it/s][A[A[A
100%|██████████| 4/4 [00:01<00:00,  3.26it/s]




  0%|          | 0/4 [00:00<?, ?it/s][A[A[A
100%|██████████| 4/4 [00:01<00:00,  3.25it/s]




  0%|          | 0/4 [00:00<?, ?it/s][A[A[A
100%|██████████| 4/4 [00:01<00:00,  3.26it/s]




  0%|          | 0/4 [00:00<?, ?it/s][A[A[A
100%|██████████| 4/4 [00:01<00:00,  3.24it/s]




  0%|          | 0/4 [00:00<?, ?it/s][A[A[A
100%|██████████| 4/4 [00:01<00:00,  3.26it/s]




  0%|          | 0/4 [00:00<?, ?it/s][A[A[A


Memory Creation loop:   4%|▍         | 184/4293 [05:52<2:06:06,  1.84s/it][A[A
100%|██████████| 4/4 [00:01<00:00,  3.26it/s]



Memory Creation loop:   4%|▍         | 190/4293 [05:52<2:05:59,  1.84s/it][A[A



  0%|          | 0/4 [00:00<?, ?it/s][A[A[A
100%|██████████| 4/4 [00:01<00:00,  3.26it/s]




  0%|          | 0/4 [00:00<?, ?it/s][A[A[A
100%|██████████| 4/4 [00:01<00:00,  3.24it/s]




  0%|          | 0/4 [00:00<?, ?it/s][A[A[A
100%|██████████| 4/4 [00:01<00:00,  3.25it/s]




  0%|          | 0/4 [00:00<?, ?it/s][A[A[A
100%|██████████| 4/4 [00:01<00:00,  3.25it/s]




  0%|          | 0/4 [00:00<?, ?it/s][A[A[A
100%|██████████| 4/4 [00:01<00:00,  3.26it/s]




  0%|          | 0/4 [00:00<?, ?it/s][A[A[A
100%|██████████| 4/4 [00:01<00:00,  3.25it/s]



Memory Creation loop:   5%|▍         | 196/4293 [06:03<2:05:50,  1.84s/it][A[A



  0%|          | 0/4 [00:00<?, ?it/s][A[A[A
100%|██████████| 4/4 [00:01<00:00,  3.26it/s]




  0%|          | 0/4 [00:00<?, ?it/s][A[A[A
100%|██████████| 4/4 [00:01<00:00,  3.25it/s]




  0%|          | 0/4 [00:00<?, ?it/s][A[A[A
100%|██████████| 4/4 [00:01<00:00,  3.25it/s]




  0%|          | 0/4 [00:00<?, ?it/s][A[A[A
100%|██████████| 4/4 [00:01<00:00,  3.25it/s]




  0%|          | 0/4 [00:00<?, ?it/s][A[A[A
100%|██████████| 4/4 [00:01<00:00,  3.25it/s]




  0%|          | 0/4 [00:00<?, ?it/s][A[A[A
100%|██████████| 4/4 [00:01<00:00,  3.25it/s]



Memory Creation loop:   5%|▍         | 202/4293 [06:15<2:05:44,  1.84s/it][A[A



  0%|          | 0/4 [00:00<?, ?it/s][A[A[A
100%|██████████| 4/4 [00:01<00:00,  3.25it/s]




  0%|          | 0/4 [00:00<?, ?it/s][A[A[A
100%|██████████| 4/4 [00:01<00:00,  3.24it/s]




  0%|          | 0/4 [00:00<?, ?it/s][A[A[A
100%|██████████| 4/4 [00:01<00:00,  3.26it/s]




  0%|          | 0/4 [00:00<?, ?it/s][A[A[A
100%|██████████| 4/4 [00:01<00:00,  3.26it/s]




  0%|          | 0/4 [00:00<?, ?it/s][A[A[A
100%|██████████| 4/4 [00:01<00:00,  3.25it/s]




  0%|          | 0/4 [00:00<?, ?it/s][A[A[A
100%|██████████| 4/4 [00:01<00:00,  3.26it/s]



Memory Creation loop:   5%|▍         | 208/4293 [06:26<2:05:31,  1.84s/it][A[A



  0%|          | 0/4 [00:00<?, ?it/s][A[A[A
100%|██████████| 4/4 [00:01<00:00,  3.26it/s]




  0%|          | 0/4 [00:00<?, ?it/s][A[A[A
100%|██████████| 4/4 [00:01<00:00,  3.26it/s]




  0%|          | 0/4 [00:00<?, ?it/s][A[A[A
100%|██████████| 4/4 [00:01<00:00,  3.26it/s]




  0%|          | 0/4 [00:00<?, ?it/s][A[A[A
100%|██████████| 4/4 [00:01<00:00,  3.25it/s]




  0%|          | 0/4 [00:00<?, ?it/s][A[A[A
100%|██████████| 4/4 [00:01<00:00,  3.27it/s]




  0%|          | 0/4 [00:00<?, ?it/s][A[A[A
100%|██████████| 4/4 [00:01<00:00,  3.26it/s]



Memory Creation loop:   5%|▍         | 214/4293 [06:37<2:05:19,  1.84s/it][A[A



  0%|          | 0/4 [00:00<?, ?it/s][A[A[A
100%|██████████| 4/4 [00:01<00:00,  3.26it/s]




  0%|          | 0/4 [00:00<?, ?it/s][A[A[A
100%|██████████| 4/4 [00:01<00:00,  3.24it/s]




  0%|          | 0/4 [00:00<?, ?it/s][A[A[A
100%|██████████| 4/4 [00:01<00:00,  3.25it/s]




  0%|          | 0/4 [00:00<?, ?it/s][A[A[A
100%|██████████| 4/4 [00:01<00:00,  3.25it/s]




  0%|          | 0/4 [00:00<?, ?it/s][A[A[A
100%|██████████| 4/4 [00:01<00:00,  3.25it/s]




  0%|          | 0/4 [00:00<?, ?it/s][A[A[A
100%|██████████| 4/4 [00:01<00:00,  3.24it/s]



Memory Creation loop:   5%|▌         | 220/4293 [06:48<2:05:11,  1.84s/it][A[A



  0%|          | 0/4 [00:00<?, ?it/s][A[A[A
100%|██████████| 4/4 [00:01<00:00,  3.26it/s]




  0%|          | 0/4 [00:00<?, ?it/s][A[A[A
100%|██████████| 4/4 [00:01<00:00,  3.24it/s]




  0%|          | 0/4 [00:00<?, ?it/s][A[A[A
100%|██████████| 4/4 [00:01<00:00,  3.26it/s]




  0%|          | 0/4 [00:00<?, ?it/s][A[A[A
100%|██████████| 4/4 [00:01<00:00,  3.25it/s]




  0%|          | 0/4 [00:00<?, ?it/s][A[A[A
100%|██████████| 4/4 [00:01<00:00,  3.26it/s]




  0%|          | 0/4 [00:00<?, ?it/s][A[A[A
100%|██████████| 4/4 [00:01<00:00,  3.26it/s]



Memory Creation loop:   5%|▌         | 226/4293 [06:59<2:05:01,  1.84s/it][A[A



  0%|          | 0/4 [00:00<?, ?it/s][A[A[A
100%|██████████| 4/4 [00:01<00:00,  3.26it/s]




  0%|          | 0/4 [00:00<?, ?it/s][A[A[A
100%|██████████| 4/4 [00:01<00:00,  3.25it/s]




  0%|          | 0/4 [00:00<?, ?it/s][A[A[A
100%|██████████| 4/4 [00:01<00:00,  3.27it/s]




  0%|          | 0/4 [00:00<?, ?it/s][A[A[A
100%|██████████| 4/4 [00:01<00:00,  3.27it/s]




  0%|          | 0/4 [00:00<?, ?it/s][A[A[A
100%|██████████| 4/4 [00:01<00:00,  3.25it/s]




  0%|          | 0/4 [00:00<?, ?it/s][A[A[A
100%|██████████| 4/4 [00:01<00:00,  3.25it/s]



Memory Creation loop:   5%|▌         | 232/4293 [07:10<2:04:47,  1.84s/it][A[A



  0%|          | 0/4 [00:00<?, ?it/s][A[A[A
100%|██████████| 4/4 [00:01<00:00,  3.25it/s]




  0%|          | 0/4 [00:00<?, ?it/s][A[A[A
100%|██████████| 4/4 [00:01<00:00,  3.26it/s]




  0%|          | 0/4 [00:00<?, ?it/s][A[A[A
100%|██████████| 4/4 [00:01<00:00,  3.26it/s]




  0%|          | 0/4 [00:00<?, ?it/s][A[A[A
100%|██████████| 4/4 [00:01<00:00,  3.24it/s]




  0%|          | 0/4 [00:00<?, ?it/s][A[A[A
100%|██████████| 4/4 [00:01<00:00,  3.26it/s]




  0%|          | 0/4 [00:00<?, ?it/s][A[A[A
100%|██████████| 4/4 [00:01<00:00,  3.26it/s]



Memory Creation loop:   6%|▌         | 238/4293 [07:21<2:04:32,  1.84s/it][A[A



  0%|          | 0/4 [00:00<?, ?it/s][A[A[A
100%|██████████| 4/4 [00:01<00:00,  3.25it/s]




  0%|          | 0/4 [00:00<?, ?it/s][A[A[A
100%|██████████| 4/4 [00:01<00:00,  3.25it/s]




  0%|          | 0/4 [00:00<?, ?it/s][A[A[A
100%|██████████| 4/4 [00:01<00:00,  3.25it/s]




  0%|          | 0/4 [00:00<?, ?it/s][A[A[A
100%|██████████| 4/4 [00:01<00:00,  3.25it/s]




  0%|          | 0/4 [00:00<?, ?it/s][A[A[A
100%|██████████| 4/4 [00:01<00:00,  3.26it/s]




  0%|          | 0/4 [00:00<?, ?it/s][A[A[A
100%|██████████| 4/4 [00:01<00:00,  3.25it/s]



Memory Creation loop:   6%|▌         | 244/4293 [07:32<2:04:26,  1.84s/it][A[A



  0%|          | 0/4 [00:00<?, ?it/s][A[A[A
100%|██████████| 4/4 [00:01<00:00,  3.26it/s]




  0%|          | 0/4 [00:00<?, ?it/s][A[A[A
100%|██████████| 4/4 [00:01<00:00,  3.26it/s]




  0%|          | 0/4 [00:00<?, ?it/s][A[A[A
100%|██████████| 4/4 [00:01<00:00,  3.25it/s]




  0%|          | 0/4 [00:00<?, ?it/s][A[A[A
100%|██████████| 4/4 [00:01<00:00,  3.25it/s]




  0%|          | 0/4 [00:00<?, ?it/s][A[A[A
100%|██████████| 4/4 [00:01<00:00,  3.25it/s]




  0%|          | 0/4 [00:00<?, ?it/s][A[A[A


Memory Creation loop:   6%|▌         | 244/4293 [07:42<2:04:26,  1.84s/it][A[A
100%|██████████| 4/4 [00:01<00:00,  3.25it/s]



Memory Creation loop:   6%|▌         | 250/4293 [07:43<2:04:17,  1.84s/it][A[A



  0%|          | 0/4 [00:00<?, ?it/s][A[A[A
100%|██████████| 4/4 [00:01<00:00,  3.26it/s]




  0%|          | 0/4 [00:00<?, ?it/s][A[A[A
100%|██████████| 4/4 [00:01<00:00,  3.24it/s]




  0%|          | 0/4 [00:00<?, ?it/s][A[A[A
100%|██████████| 4/4 [00:01<00:00,  3.25it/s]




  0%|          | 0/4 [00:00<?, ?it/s][A[A[A
100%|██████████| 4/4 [00:01<00:00,  3.25it/s]




  0%|          | 0/4 [00:00<?, ?it/s][A[A[A
100%|██████████| 4/4 [00:01<00:00,  3.24it/s]




  0%|          | 0/4 [00:00<?, ?it/s][A[A[A
100%|██████████| 4/4 [00:01<00:00,  3.24it/s]



Memory Creation loop:   6%|▌         | 256/4293 [07:54<2:04:11,  1.85s/it][A[A



  0%|          | 0/4 [00:00<?, ?it/s][A[A[A
100%|██████████| 4/4 [00:01<00:00,  3.25it/s]




  0%|          | 0/4 [00:00<?, ?it/s][A[A[A
100%|██████████| 4/4 [00:01<00:00,  3.24it/s]




  0%|          | 0/4 [00:00<?, ?it/s][A[A[A
100%|██████████| 4/4 [00:01<00:00,  3.27it/s]




  0%|          | 0/4 [00:00<?, ?it/s][A[A[A
100%|██████████| 4/4 [00:01<00:00,  3.27it/s]




  0%|          | 0/4 [00:00<?, ?it/s][A[A[A
100%|██████████| 4/4 [00:01<00:00,  3.28it/s]




  0%|          | 0/4 [00:00<?, ?it/s][A[A[A
100%|██████████| 4/4 [00:01<00:00,  3.26it/s]



Memory Creation loop:   6%|▌         | 262/4293 [08:05<2:03:54,  1.84s/it][A[A



  0%|          | 0/4 [00:00<?, ?it/s][A[A[A
100%|██████████| 4/4 [00:01<00:00,  3.25it/s]




  0%|          | 0/4 [00:00<?, ?it/s][A[A[A
100%|██████████| 4/4 [00:01<00:00,  3.25it/s]




  0%|          | 0/4 [00:00<?, ?it/s][A[A[A
100%|██████████| 4/4 [00:01<00:00,  3.26it/s]




  0%|          | 0/4 [00:00<?, ?it/s][A[A[A
100%|██████████| 4/4 [00:01<00:00,  3.25it/s]




  0%|          | 0/4 [00:00<?, ?it/s][A[A[A
100%|██████████| 4/4 [00:01<00:00,  3.26it/s]




  0%|          | 0/4 [00:00<?, ?it/s][A[A[A
100%|██████████| 4/4 [00:01<00:00,  3.25it/s]



Memory Creation loop:   6%|▌         | 268/4293 [08:16<2:03:48,  1.85s/it][A[A



  0%|          | 0/4 [00:00<?, ?it/s][A[A[A
100%|██████████| 4/4 [00:01<00:00,  3.26it/s]




  0%|          | 0/4 [00:00<?, ?it/s][A[A[A
100%|██████████| 4/4 [00:01<00:00,  3.26it/s]




  0%|          | 0/4 [00:00<?, ?it/s][A[A[A
100%|██████████| 4/4 [00:01<00:00,  3.25it/s]




  0%|          | 0/4 [00:00<?, ?it/s][A[A[A
100%|██████████| 4/4 [00:01<00:00,  3.25it/s]




  0%|          | 0/4 [00:00<?, ?it/s][A[A[A
100%|██████████| 4/4 [00:01<00:00,  3.25it/s]




  0%|          | 0/4 [00:00<?, ?it/s][A[A[A
100%|██████████| 4/4 [00:01<00:00,  3.25it/s]



Memory Creation loop:   6%|▋         | 274/4293 [08:27<2:03:32,  1.84s/it][A[A



  0%|          | 0/4 [00:00<?, ?it/s][A[A[A
100%|██████████| 4/4 [00:01<00:00,  3.24it/s]




  0%|          | 0/4 [00:00<?, ?it/s][A[A[A
100%|██████████| 4/4 [00:01<00:00,  3.24it/s]




  0%|          | 0/4 [00:00<?, ?it/s][A[A[A
100%|██████████| 4/4 [00:01<00:00,  3.26it/s]




  0%|          | 0/4 [00:00<?, ?it/s][A[A[A
100%|██████████| 4/4 [00:01<00:00,  3.24it/s]




  0%|          | 0/4 [00:00<?, ?it/s][A[A[A
100%|██████████| 4/4 [00:01<00:00,  3.25it/s]




  0%|          | 0/4 [00:00<?, ?it/s][A[A[A
100%|██████████| 4/4 [00:01<00:00,  3.24it/s]



Memory Creation loop:   7%|▋         | 280/4293 [08:38<2:03:25,  1.85s/it][A[A



  0%|          | 0/4 [00:00<?, ?it/s][A[A[A
100%|██████████| 4/4 [00:01<00:00,  3.25it/s]




  0%|          | 0/4 [00:00<?, ?it/s][A[A[A
100%|██████████| 4/4 [00:01<00:00,  3.25it/s]




  0%|          | 0/4 [00:00<?, ?it/s][A[A[A
100%|██████████| 4/4 [00:01<00:00,  3.25it/s]




  0%|          | 0/4 [00:00<?, ?it/s][A[A[A
100%|██████████| 4/4 [00:01<00:00,  3.25it/s]




  0%|          | 0/4 [00:00<?, ?it/s][A[A[A
100%|██████████| 4/4 [00:01<00:00,  3.27it/s]




  0%|          | 0/4 [00:00<?, ?it/s][A[A[A
100%|██████████| 4/4 [00:01<00:00,  3.26it/s]



Memory Creation loop:   7%|▋         | 286/4293 [08:49<2:03:11,  1.84s/it][A[A



  0%|          | 0/4 [00:00<?, ?it/s][A[A[A
100%|██████████| 4/4 [00:01<00:00,  3.26it/s]




  0%|          | 0/4 [00:00<?, ?it/s][A[A[A
100%|██████████| 4/4 [00:01<00:00,  3.25it/s]




  0%|          | 0/4 [00:00<?, ?it/s][A[A[A
100%|██████████| 4/4 [00:01<00:00,  3.26it/s]




  0%|          | 0/4 [00:00<?, ?it/s][A[A[A
100%|██████████| 4/4 [00:01<00:00,  3.25it/s]




  0%|          | 0/4 [00:00<?, ?it/s][A[A[A
100%|██████████| 4/4 [00:01<00:00,  3.25it/s]




  0%|          | 0/4 [00:00<?, ?it/s][A[A[A
100%|██████████| 4/4 [00:01<00:00,  3.25it/s]



Memory Creation loop:   7%|▋         | 292/4293 [09:01<2:03:00,  1.84s/it][A[A



  0%|          | 0/4 [00:00<?, ?it/s][A[A[A
100%|██████████| 4/4 [00:01<00:00,  3.26it/s]




  0%|          | 0/4 [00:00<?, ?it/s][A[A[A
100%|██████████| 4/4 [00:01<00:00,  3.25it/s]




  0%|          | 0/4 [00:00<?, ?it/s][A[A[A
100%|██████████| 4/4 [00:01<00:00,  3.25it/s]




  0%|          | 0/4 [00:00<?, ?it/s][A[A[A
100%|██████████| 4/4 [00:01<00:00,  3.26it/s]




  0%|          | 0/4 [00:00<?, ?it/s][A[A[A
100%|██████████| 4/4 [00:01<00:00,  3.26it/s]




  0%|          | 0/4 [00:00<?, ?it/s][A[A[A
100%|██████████| 4/4 [00:01<00:00,  3.25it/s]



Memory Creation loop:   7%|▋         | 298/4293 [09:12<2:02:46,  1.84s/it][A[A



  0%|          | 0/4 [00:00<?, ?it/s][A[A[A
100%|██████████| 4/4 [00:01<00:00,  3.26it/s]




  0%|          | 0/4 [00:00<?, ?it/s][A[A[A
100%|██████████| 4/4 [00:01<00:00,  3.25it/s]




  0%|          | 0/4 [00:00<?, ?it/s][A[A[A
100%|██████████| 4/4 [00:01<00:00,  3.26it/s]




  0%|          | 0/4 [00:00<?, ?it/s][A[A[A
100%|██████████| 4/4 [00:01<00:00,  3.26it/s]




  0%|          | 0/4 [00:00<?, ?it/s][A[A[A
100%|██████████| 4/4 [00:01<00:00,  3.25it/s]




  0%|          | 0/4 [00:00<?, ?it/s][A[A[A


Memory Creation loop:   7%|▋         | 298/4293 [09:22<2:02:46,  1.84s/it][A[A
100%|██████████| 4/4 [00:01<00:00,  3.25it/s]



Memory Creation loop:   7%|▋         | 304/4293 [09:23<2:02:33,  1.84s/it][A[A



  0%|          | 0/4 [00:00<?, ?it/s][A[A[A
100%|██████████| 4/4 [00:01<00:00,  3.26it/s]




  0%|          | 0/4 [00:00<?, ?it/s][A[A[A
100%|██████████| 4/4 [00:01<00:00,  3.25it/s]




  0%|          | 0/4 [00:00<?, ?it/s][A[A[A
100%|██████████| 4/4 [00:01<00:00,  3.25it/s]




  0%|          | 0/4 [00:00<?, ?it/s][A[A[A
100%|██████████| 4/4 [00:01<00:00,  3.25it/s]




  0%|          | 0/4 [00:00<?, ?it/s][A[A[A
100%|██████████| 4/4 [00:01<00:00,  3.26it/s]




  0%|          | 0/4 [00:00<?, ?it/s][A[A[A
100%|██████████| 4/4 [00:01<00:00,  3.26it/s]



Memory Creation loop:   7%|▋         | 310/4293 [09:34<2:02:19,  1.84s/it][A[A



  0%|          | 0/4 [00:00<?, ?it/s][A[A[A
100%|██████████| 4/4 [00:01<00:00,  3.26it/s]




  0%|          | 0/4 [00:00<?, ?it/s][A[A[A
100%|██████████| 4/4 [00:01<00:00,  3.25it/s]




  0%|          | 0/4 [00:00<?, ?it/s][A[A[A
100%|██████████| 4/4 [00:01<00:00,  3.26it/s]




  0%|          | 0/4 [00:00<?, ?it/s][A[A[A
100%|██████████| 4/4 [00:01<00:00,  3.26it/s]




  0%|          | 0/4 [00:00<?, ?it/s][A[A[A
100%|██████████| 4/4 [00:01<00:00,  3.26it/s]




  0%|          | 0/4 [00:00<?, ?it/s][A[A[A
100%|██████████| 4/4 [00:01<00:00,  3.25it/s]



Memory Creation loop:   7%|▋         | 316/4293 [09:45<2:02:05,  1.84s/it][A[A



  0%|          | 0/4 [00:00<?, ?it/s][A[A[A
100%|██████████| 4/4 [00:01<00:00,  3.27it/s]




  0%|          | 0/4 [00:00<?, ?it/s][A[A[A
100%|██████████| 4/4 [00:01<00:00,  3.26it/s]




  0%|          | 0/4 [00:00<?, ?it/s][A[A[A
100%|██████████| 4/4 [00:01<00:00,  3.25it/s]




  0%|          | 0/4 [00:00<?, ?it/s][A[A[A
100%|██████████| 4/4 [00:01<00:00,  3.25it/s]




  0%|          | 0/4 [00:00<?, ?it/s][A[A[A
100%|██████████| 4/4 [00:01<00:00,  3.26it/s]




  0%|          | 0/4 [00:00<?, ?it/s][A[A[A
100%|██████████| 4/4 [00:01<00:00,  3.26it/s]



Memory Creation loop:   8%|▊         | 322/4293 [09:56<2:01:53,  1.84s/it][A[A



  0%|          | 0/4 [00:00<?, ?it/s][A[A[A
100%|██████████| 4/4 [00:01<00:00,  3.26it/s]




  0%|          | 0/4 [00:00<?, ?it/s][A[A[A
100%|██████████| 4/4 [00:01<00:00,  3.25it/s]




  0%|          | 0/4 [00:00<?, ?it/s][A[A[A
100%|██████████| 4/4 [00:01<00:00,  3.26it/s]




  0%|          | 0/4 [00:00<?, ?it/s][A[A[A
100%|██████████| 4/4 [00:01<00:00,  3.27it/s]




  0%|          | 0/4 [00:00<?, ?it/s][A[A[A
100%|██████████| 4/4 [00:01<00:00,  3.25it/s]




  0%|          | 0/4 [00:00<?, ?it/s][A[A[A
100%|██████████| 4/4 [00:01<00:00,  3.26it/s]



Memory Creation loop:   8%|▊         | 328/4293 [10:07<2:01:37,  1.84s/it][A[A



  0%|          | 0/4 [00:00<?, ?it/s][A[A[A
100%|██████████| 4/4 [00:01<00:00,  3.26it/s]




  0%|          | 0/4 [00:00<?, ?it/s][A[A[A
100%|██████████| 4/4 [00:01<00:00,  3.26it/s]




  0%|          | 0/4 [00:00<?, ?it/s][A[A[A
100%|██████████| 4/4 [00:01<00:00,  3.27it/s]




  0%|          | 0/4 [00:00<?, ?it/s][A[A[A
100%|██████████| 4/4 [00:01<00:00,  3.25it/s]




  0%|          | 0/4 [00:00<?, ?it/s][A[A[A
100%|██████████| 4/4 [00:01<00:00,  3.26it/s]




  0%|          | 0/4 [00:00<?, ?it/s][A[A[A
100%|██████████| 4/4 [00:01<00:00,  3.27it/s]



Memory Creation loop:   8%|▊         | 334/4293 [10:18<2:01:31,  1.84s/it][A[A



  0%|          | 0/4 [00:00<?, ?it/s][A[A[A
100%|██████████| 4/4 [00:01<00:00,  3.25it/s]




  0%|          | 0/4 [00:00<?, ?it/s][A[A[A
100%|██████████| 4/4 [00:01<00:00,  3.25it/s]




  0%|          | 0/4 [00:00<?, ?it/s][A[A[A
100%|██████████| 4/4 [00:01<00:00,  3.25it/s]




  0%|          | 0/4 [00:00<?, ?it/s][A[A[A
100%|██████████| 4/4 [00:01<00:00,  3.24it/s]




  0%|          | 0/4 [00:00<?, ?it/s][A[A[A
100%|██████████| 4/4 [00:01<00:00,  3.26it/s]




  0%|          | 0/4 [00:00<?, ?it/s][A[A[A
100%|██████████| 4/4 [00:01<00:00,  3.24it/s]



Memory Creation loop:   8%|▊         | 340/4293 [10:29<2:01:23,  1.84s/it][A[A



  0%|          | 0/4 [00:00<?, ?it/s][A[A[A
100%|██████████| 4/4 [00:01<00:00,  3.25it/s]




  0%|          | 0/4 [00:00<?, ?it/s][A[A[A
100%|██████████| 4/4 [00:01<00:00,  3.26it/s]




  0%|          | 0/4 [00:00<?, ?it/s][A[A[A
100%|██████████| 4/4 [00:01<00:00,  3.24it/s]




  0%|          | 0/4 [00:00<?, ?it/s][A[A[A
100%|██████████| 4/4 [00:01<00:00,  3.25it/s]




  0%|          | 0/4 [00:00<?, ?it/s][A[A[A
100%|██████████| 4/4 [00:01<00:00,  3.26it/s]




  0%|          | 0/4 [00:00<?, ?it/s][A[A[A
100%|██████████| 4/4 [00:01<00:00,  3.25it/s]



Memory Creation loop:   8%|▊         | 346/4293 [10:40<2:01:15,  1.84s/it][A[A



  0%|          | 0/4 [00:00<?, ?it/s][A[A[A
100%|██████████| 4/4 [00:01<00:00,  3.26it/s]




  0%|          | 0/4 [00:00<?, ?it/s][A[A[A
100%|██████████| 4/4 [00:01<00:00,  3.25it/s]




  0%|          | 0/4 [00:00<?, ?it/s][A[A[A
100%|██████████| 4/4 [00:01<00:00,  3.25it/s]




  0%|          | 0/4 [00:00<?, ?it/s][A[A[A
100%|██████████| 4/4 [00:01<00:00,  3.26it/s]




  0%|          | 0/4 [00:00<?, ?it/s][A[A[A
100%|██████████| 4/4 [00:01<00:00,  3.25it/s]




  0%|          | 0/4 [00:00<?, ?it/s][A[A[A
100%|██████████| 4/4 [00:01<00:00,  3.24it/s]



Memory Creation loop:   8%|▊         | 352/4293 [10:51<2:01:07,  1.84s/it][A[A



  0%|          | 0/4 [00:00<?, ?it/s][A[A[A
100%|██████████| 4/4 [00:01<00:00,  3.25it/s]




  0%|          | 0/4 [00:00<?, ?it/s][A[A[A
100%|██████████| 4/4 [00:01<00:00,  3.27it/s]




  0%|          | 0/4 [00:00<?, ?it/s][A[A[A
100%|██████████| 4/4 [00:01<00:00,  3.24it/s]




  0%|          | 0/4 [00:00<?, ?it/s][A[A[A
100%|██████████| 4/4 [00:01<00:00,  3.24it/s]




  0%|          | 0/4 [00:00<?, ?it/s][A[A[A
100%|██████████| 4/4 [00:01<00:00,  3.26it/s]




  0%|          | 0/4 [00:00<?, ?it/s][A[A[A
100%|██████████| 4/4 [00:01<00:00,  3.26it/s]



Memory Creation loop:   8%|▊         | 358/4293 [11:02<2:00:58,  1.84s/it][A[A



  0%|          | 0/4 [00:00<?, ?it/s][A[A[A
100%|██████████| 4/4 [00:01<00:00,  3.25it/s]




  0%|          | 0/4 [00:00<?, ?it/s][A[A[A
100%|██████████| 4/4 [00:01<00:00,  3.25it/s]




  0%|          | 0/4 [00:00<?, ?it/s][A[A[A
100%|██████████| 4/4 [00:01<00:00,  3.25it/s]




  0%|          | 0/4 [00:00<?, ?it/s][A[A[A
100%|██████████| 4/4 [00:01<00:00,  3.25it/s]




  0%|          | 0/4 [00:00<?, ?it/s][A[A[A
100%|██████████| 4/4 [00:01<00:00,  3.26it/s]




  0%|          | 0/4 [00:00<?, ?it/s][A[A[A


Memory Creation loop:   8%|▊         | 358/4293 [11:12<2:00:58,  1.84s/it][A[A
100%|██████████| 4/4 [00:01<00:00,  3.25it/s]



Memory Creation loop:   8%|▊         | 364/4293 [11:13<2:00:47,  1.84s/it][A[A



  0%|          | 0/4 [00:00<?, ?it/s][A[A[A
100%|██████████| 4/4 [00:01<00:00,  3.27it/s]




  0%|          | 0/4 [00:00<?, ?it/s][A[A[A
100%|██████████| 4/4 [00:01<00:00,  3.25it/s]




  0%|          | 0/4 [00:00<?, ?it/s][A[A[A
100%|██████████| 4/4 [00:01<00:00,  3.25it/s]




  0%|          | 0/4 [00:00<?, ?it/s][A[A[A
100%|██████████| 4/4 [00:01<00:00,  3.25it/s]




  0%|          | 0/4 [00:00<?, ?it/s][A[A[A
100%|██████████| 4/4 [00:01<00:00,  3.26it/s]




  0%|          | 0/4 [00:00<?, ?it/s][A[A[A
100%|██████████| 4/4 [00:01<00:00,  3.26it/s]



Memory Creation loop:   9%|▊         | 370/4293 [11:24<2:00:32,  1.84s/it][A[A



  0%|          | 0/4 [00:00<?, ?it/s][A[A[A
100%|██████████| 4/4 [00:01<00:00,  3.26it/s]




  0%|          | 0/4 [00:00<?, ?it/s][A[A[A
100%|██████████| 4/4 [00:01<00:00,  3.26it/s]




  0%|          | 0/4 [00:00<?, ?it/s][A[A[A
100%|██████████| 4/4 [00:01<00:00,  3.27it/s]




  0%|          | 0/4 [00:00<?, ?it/s][A[A[A
100%|██████████| 4/4 [00:01<00:00,  3.26it/s]




  0%|          | 0/4 [00:00<?, ?it/s][A[A[A
100%|██████████| 4/4 [00:01<00:00,  3.25it/s]




  0%|          | 0/4 [00:00<?, ?it/s][A[A[A
100%|██████████| 4/4 [00:01<00:00,  3.26it/s]



Memory Creation loop:   9%|▉         | 376/4293 [11:35<2:00:15,  1.84s/it][A[A



  0%|          | 0/4 [00:00<?, ?it/s][A[A[A
100%|██████████| 4/4 [00:01<00:00,  3.26it/s]




  0%|          | 0/4 [00:00<?, ?it/s][A[A[A
100%|██████████| 4/4 [00:01<00:00,  3.25it/s]




  0%|          | 0/4 [00:00<?, ?it/s][A[A[A
100%|██████████| 4/4 [00:01<00:00,  3.26it/s]




  0%|          | 0/4 [00:00<?, ?it/s][A[A[A
100%|██████████| 4/4 [00:01<00:00,  3.25it/s]




  0%|          | 0/4 [00:00<?, ?it/s][A[A[A
100%|██████████| 4/4 [00:01<00:00,  3.26it/s]




  0%|          | 0/4 [00:00<?, ?it/s][A[A[A
100%|██████████| 4/4 [00:01<00:00,  3.26it/s]



Memory Creation loop:   9%|▉         | 382/4293 [11:46<2:00:01,  1.84s/it][A[A



  0%|          | 0/4 [00:00<?, ?it/s][A[A[A
100%|██████████| 4/4 [00:01<00:00,  3.26it/s]




  0%|          | 0/4 [00:00<?, ?it/s][A[A[A
100%|██████████| 4/4 [00:01<00:00,  3.25it/s]




  0%|          | 0/4 [00:00<?, ?it/s][A[A[A
100%|██████████| 4/4 [00:01<00:00,  3.26it/s]




  0%|          | 0/4 [00:00<?, ?it/s][A[A[A
100%|██████████| 4/4 [00:01<00:00,  3.25it/s]




  0%|          | 0/4 [00:00<?, ?it/s][A[A[A
100%|██████████| 4/4 [00:01<00:00,  3.26it/s]




  0%|          | 0/4 [00:00<?, ?it/s][A[A[A
100%|██████████| 4/4 [00:01<00:00,  3.26it/s]



Memory Creation loop:   9%|▉         | 388/4293 [11:57<1:59:51,  1.84s/it][A[A



  0%|          | 0/4 [00:00<?, ?it/s][A[A[A
100%|██████████| 4/4 [00:01<00:00,  3.27it/s]




  0%|          | 0/4 [00:00<?, ?it/s][A[A[A
100%|██████████| 4/4 [00:01<00:00,  3.26it/s]




  0%|          | 0/4 [00:00<?, ?it/s][A[A[A
100%|██████████| 4/4 [00:01<00:00,  3.26it/s]




  0%|          | 0/4 [00:00<?, ?it/s][A[A[A
100%|██████████| 4/4 [00:01<00:00,  3.25it/s]




  0%|          | 0/4 [00:00<?, ?it/s][A[A[A
100%|██████████| 4/4 [00:01<00:00,  3.25it/s]




  0%|          | 0/4 [00:00<?, ?it/s][A[A[A
100%|██████████| 4/4 [00:01<00:00,  3.26it/s]



Memory Creation loop:   9%|▉         | 394/4293 [12:08<1:59:39,  1.84s/it][A[A



  0%|          | 0/4 [00:00<?, ?it/s][A[A[A
100%|██████████| 4/4 [00:01<00:00,  3.26it/s]




  0%|          | 0/4 [00:00<?, ?it/s][A[A[A
100%|██████████| 4/4 [00:01<00:00,  3.26it/s]




  0%|          | 0/4 [00:00<?, ?it/s][A[A[A
100%|██████████| 4/4 [00:01<00:00,  3.26it/s]




  0%|          | 0/4 [00:00<?, ?it/s][A[A[A
100%|██████████| 4/4 [00:01<00:00,  3.27it/s]




  0%|          | 0/4 [00:00<?, ?it/s][A[A[A
100%|██████████| 4/4 [00:01<00:00,  3.24it/s]




  0%|          | 0/4 [00:00<?, ?it/s][A[A[A
100%|██████████| 4/4 [00:01<00:00,  3.24it/s]



Memory Creation loop:   9%|▉         | 400/4293 [12:20<1:59:32,  1.84s/it][A[A



  0%|          | 0/4 [00:00<?, ?it/s][A[A[A
100%|██████████| 4/4 [00:01<00:00,  3.26it/s]




  0%|          | 0/4 [00:00<?, ?it/s][A[A[A
100%|██████████| 4/4 [00:01<00:00,  3.25it/s]




  0%|          | 0/4 [00:00<?, ?it/s][A[A[A
100%|██████████| 4/4 [00:01<00:00,  3.26it/s]




  0%|          | 0/4 [00:00<?, ?it/s][A[A[A
100%|██████████| 4/4 [00:01<00:00,  3.25it/s]




  0%|          | 0/4 [00:00<?, ?it/s][A[A[A
100%|██████████| 4/4 [00:01<00:00,  3.26it/s]




  0%|          | 0/4 [00:00<?, ?it/s][A[A[A
100%|██████████| 4/4 [00:01<00:00,  3.26it/s]



Memory Creation loop:   9%|▉         | 406/4293 [12:31<1:59:18,  1.84s/it][A[A



  0%|          | 0/4 [00:00<?, ?it/s][A[A[A
100%|██████████| 4/4 [00:01<00:00,  3.25it/s]




  0%|          | 0/4 [00:00<?, ?it/s][A[A[A
100%|██████████| 4/4 [00:01<00:00,  3.25it/s]




  0%|          | 0/4 [00:00<?, ?it/s][A[A[A
100%|██████████| 4/4 [00:01<00:00,  3.26it/s]




  0%|          | 0/4 [00:00<?, ?it/s][A[A[A
100%|██████████| 4/4 [00:01<00:00,  3.25it/s]




  0%|          | 0/4 [00:00<?, ?it/s][A[A[A
100%|██████████| 4/4 [00:01<00:00,  3.26it/s]




  0%|          | 0/4 [00:00<?, ?it/s][A[A[A
100%|██████████| 4/4 [00:01<00:00,  3.25it/s]



Memory Creation loop:  10%|▉         | 412/4293 [12:42<1:59:09,  1.84s/it][A[A



  0%|          | 0/4 [00:00<?, ?it/s][A[A[A
100%|██████████| 4/4 [00:01<00:00,  3.27it/s]




  0%|          | 0/4 [00:00<?, ?it/s][A[A[A
100%|██████████| 4/4 [00:01<00:00,  3.25it/s]




  0%|          | 0/4 [00:00<?, ?it/s][A[A[A
100%|██████████| 4/4 [00:01<00:00,  3.24it/s]




  0%|          | 0/4 [00:00<?, ?it/s][A[A[A
100%|██████████| 4/4 [00:01<00:00,  3.24it/s]




  0%|          | 0/4 [00:00<?, ?it/s][A[A[A
100%|██████████| 4/4 [00:01<00:00,  3.25it/s]




  0%|          | 0/4 [00:00<?, ?it/s][A[A[A


Memory Creation loop:  10%|▉         | 412/4293 [12:52<1:59:09,  1.84s/it][A[A
100%|██████████| 4/4 [00:01<00:00,  3.25it/s]



Memory Creation loop:  10%|▉         | 418/4293 [12:53<1:58:57,  1.84s/it][A[A



  0%|          | 0/4 [00:00<?, ?it/s][A[A[A
100%|██████████| 4/4 [00:01<00:00,  3.25it/s]




  0%|          | 0/4 [00:00<?, ?it/s][A[A[A
100%|██████████| 4/4 [00:01<00:00,  3.25it/s]




  0%|          | 0/4 [00:00<?, ?it/s][A[A[A
100%|██████████| 4/4 [00:01<00:00,  3.27it/s]




  0%|          | 0/4 [00:00<?, ?it/s][A[A[A
100%|██████████| 4/4 [00:01<00:00,  3.26it/s]




  0%|          | 0/4 [00:00<?, ?it/s][A[A[A
100%|██████████| 4/4 [00:01<00:00,  3.26it/s]




  0%|          | 0/4 [00:00<?, ?it/s][A[A[A
100%|██████████| 4/4 [00:01<00:00,  3.25it/s]



Memory Creation loop:  10%|▉         | 424/4293 [13:04<1:58:48,  1.84s/it][A[A



  0%|          | 0/4 [00:00<?, ?it/s][A[A[A
100%|██████████| 4/4 [00:01<00:00,  3.26it/s]




  0%|          | 0/4 [00:00<?, ?it/s][A[A[A
100%|██████████| 4/4 [00:01<00:00,  3.25it/s]




  0%|          | 0/4 [00:00<?, ?it/s][A[A[A
100%|██████████| 4/4 [00:01<00:00,  3.26it/s]




  0%|          | 0/4 [00:00<?, ?it/s][A[A[A
100%|██████████| 4/4 [00:01<00:00,  3.24it/s]




  0%|          | 0/4 [00:00<?, ?it/s][A[A[A
100%|██████████| 4/4 [00:01<00:00,  3.26it/s]




  0%|          | 0/4 [00:00<?, ?it/s][A[A[A
100%|██████████| 4/4 [00:01<00:00,  3.26it/s]



Memory Creation loop:  10%|█         | 430/4293 [13:15<1:58:35,  1.84s/it][A[A



  0%|          | 0/4 [00:00<?, ?it/s][A[A[A
100%|██████████| 4/4 [00:01<00:00,  3.25it/s]




  0%|          | 0/4 [00:00<?, ?it/s][A[A[A
100%|██████████| 4/4 [00:01<00:00,  3.25it/s]




  0%|          | 0/4 [00:00<?, ?it/s][A[A[A
100%|██████████| 4/4 [00:01<00:00,  3.25it/s]




  0%|          | 0/4 [00:00<?, ?it/s][A[A[A
100%|██████████| 4/4 [00:01<00:00,  3.25it/s]




  0%|          | 0/4 [00:00<?, ?it/s][A[A[A
100%|██████████| 4/4 [00:01<00:00,  3.25it/s]




  0%|          | 0/4 [00:00<?, ?it/s][A[A[A
100%|██████████| 4/4 [00:01<00:00,  3.24it/s]



Memory Creation loop:  10%|█         | 436/4293 [13:26<1:58:26,  1.84s/it][A[A



  0%|          | 0/4 [00:00<?, ?it/s][A[A[A
100%|██████████| 4/4 [00:01<00:00,  3.26it/s]




  0%|          | 0/4 [00:00<?, ?it/s][A[A[A
100%|██████████| 4/4 [00:01<00:00,  3.26it/s]




  0%|          | 0/4 [00:00<?, ?it/s][A[A[A
100%|██████████| 4/4 [00:01<00:00,  3.25it/s]




  0%|          | 0/4 [00:00<?, ?it/s][A[A[A
100%|██████████| 4/4 [00:01<00:00,  3.26it/s]




  0%|          | 0/4 [00:00<?, ?it/s][A[A[A
100%|██████████| 4/4 [00:01<00:00,  3.26it/s]




  0%|          | 0/4 [00:00<?, ?it/s][A[A[A
100%|██████████| 4/4 [00:01<00:00,  3.26it/s]



Memory Creation loop:  10%|█         | 442/4293 [13:37<1:58:10,  1.84s/it][A[A



  0%|          | 0/4 [00:00<?, ?it/s][A[A[A
100%|██████████| 4/4 [00:01<00:00,  3.26it/s]




  0%|          | 0/4 [00:00<?, ?it/s][A[A[A
100%|██████████| 4/4 [00:01<00:00,  3.25it/s]




  0%|          | 0/4 [00:00<?, ?it/s][A[A[A
100%|██████████| 4/4 [00:01<00:00,  3.27it/s]




  0%|          | 0/4 [00:00<?, ?it/s][A[A[A
100%|██████████| 4/4 [00:01<00:00,  3.27it/s]




  0%|          | 0/4 [00:00<?, ?it/s][A[A[A
100%|██████████| 4/4 [00:01<00:00,  3.25it/s]




  0%|          | 0/4 [00:00<?, ?it/s][A[A[A
100%|██████████| 4/4 [00:01<00:00,  3.25it/s]



Memory Creation loop:  10%|█         | 448/4293 [13:48<1:57:54,  1.84s/it][A[A



  0%|          | 0/4 [00:00<?, ?it/s][A[A[A
100%|██████████| 4/4 [00:01<00:00,  3.26it/s]




  0%|          | 0/4 [00:00<?, ?it/s][A[A[A
100%|██████████| 4/4 [00:01<00:00,  3.25it/s]




  0%|          | 0/4 [00:00<?, ?it/s][A[A[A
100%|██████████| 4/4 [00:01<00:00,  3.26it/s]




  0%|          | 0/4 [00:00<?, ?it/s][A[A[A
100%|██████████| 4/4 [00:01<00:00,  3.25it/s]




  0%|          | 0/4 [00:00<?, ?it/s][A[A[A
100%|██████████| 4/4 [00:01<00:00,  3.27it/s]




  0%|          | 0/4 [00:00<?, ?it/s][A[A[A
100%|██████████| 4/4 [00:01<00:00,  3.26it/s]



Memory Creation loop:  11%|█         | 454/4293 [13:59<1:57:44,  1.84s/it][A[A



  0%|          | 0/4 [00:00<?, ?it/s][A[A[A
100%|██████████| 4/4 [00:01<00:00,  3.25it/s]




  0%|          | 0/4 [00:00<?, ?it/s][A[A[A
100%|██████████| 4/4 [00:01<00:00,  3.25it/s]




  0%|          | 0/4 [00:00<?, ?it/s][A[A[A
100%|██████████| 4/4 [00:01<00:00,  3.26it/s]




  0%|          | 0/4 [00:00<?, ?it/s][A[A[A
100%|██████████| 4/4 [00:01<00:00,  3.26it/s]




  0%|          | 0/4 [00:00<?, ?it/s][A[A[A
100%|██████████| 4/4 [00:01<00:00,  3.26it/s]




  0%|          | 0/4 [00:00<?, ?it/s][A[A[A
100%|██████████| 4/4 [00:01<00:00,  3.25it/s]



Memory Creation loop:  11%|█         | 460/4293 [14:10<1:57:32,  1.84s/it][A[A



  0%|          | 0/4 [00:00<?, ?it/s][A[A[A
100%|██████████| 4/4 [00:01<00:00,  3.27it/s]




  0%|          | 0/4 [00:00<?, ?it/s][A[A[A
100%|██████████| 4/4 [00:01<00:00,  3.25it/s]




  0%|          | 0/4 [00:00<?, ?it/s][A[A[A
100%|██████████| 4/4 [00:01<00:00,  3.25it/s]




  0%|          | 0/4 [00:00<?, ?it/s][A[A[A
100%|██████████| 4/4 [00:01<00:00,  3.24it/s]




  0%|          | 0/4 [00:00<?, ?it/s][A[A[A
100%|██████████| 4/4 [00:01<00:00,  3.26it/s]




  0%|          | 0/4 [00:00<?, ?it/s][A[A[A
100%|██████████| 4/4 [00:01<00:00,  3.25it/s]



Memory Creation loop:  11%|█         | 466/4293 [14:21<1:57:23,  1.84s/it][A[A



  0%|          | 0/4 [00:00<?, ?it/s][A[A[A
100%|██████████| 4/4 [00:01<00:00,  3.26it/s]




  0%|          | 0/4 [00:00<?, ?it/s][A[A[A
100%|██████████| 4/4 [00:01<00:00,  3.24it/s]




  0%|          | 0/4 [00:00<?, ?it/s][A[A[A
100%|██████████| 4/4 [00:01<00:00,  3.26it/s]




  0%|          | 0/4 [00:00<?, ?it/s][A[A[A
100%|██████████| 4/4 [00:01<00:00,  3.26it/s]




  0%|          | 0/4 [00:00<?, ?it/s][A[A[A
100%|██████████| 4/4 [00:01<00:00,  3.25it/s]




  0%|          | 0/4 [00:00<?, ?it/s][A[A[A
100%|██████████| 4/4 [00:01<00:00,  3.25it/s]



Memory Creation loop:  11%|█         | 472/4293 [14:32<1:57:14,  1.84s/it][A[A



  0%|          | 0/4 [00:00<?, ?it/s][A[A[A
100%|██████████| 4/4 [00:01<00:00,  3.25it/s]




  0%|          | 0/4 [00:00<?, ?it/s][A[A[A
100%|██████████| 4/4 [00:01<00:00,  3.25it/s]




  0%|          | 0/4 [00:00<?, ?it/s][A[A[A
100%|██████████| 4/4 [00:01<00:00,  3.24it/s]




  0%|          | 0/4 [00:00<?, ?it/s][A[A[A
100%|██████████| 4/4 [00:01<00:00,  3.24it/s]




  0%|          | 0/4 [00:00<?, ?it/s][A[A[A
100%|██████████| 4/4 [00:01<00:00,  3.27it/s]




  0%|          | 0/4 [00:00<?, ?it/s][A[A[A


Memory Creation loop:  11%|█         | 472/4293 [14:42<1:57:14,  1.84s/it][A[A
100%|██████████| 4/4 [00:01<00:00,  3.26it/s]



Memory Creation loop:  11%|█         | 478/4293 [14:43<1:57:07,  1.84s/it][A[A



  0%|          | 0/4 [00:00<?, ?it/s][A[A[A
100%|██████████| 4/4 [00:01<00:00,  3.25it/s]




  0%|          | 0/4 [00:00<?, ?it/s][A[A[A
100%|██████████| 4/4 [00:01<00:00,  3.26it/s]




  0%|          | 0/4 [00:00<?, ?it/s][A[A[A
100%|██████████| 4/4 [00:01<00:00,  3.25it/s]




  0%|          | 0/4 [00:00<?, ?it/s][A[A[A
100%|██████████| 4/4 [00:01<00:00,  3.25it/s]




  0%|          | 0/4 [00:00<?, ?it/s][A[A[A
100%|██████████| 4/4 [00:01<00:00,  3.26it/s]




  0%|          | 0/4 [00:00<?, ?it/s][A[A[A
100%|██████████| 4/4 [00:01<00:00,  3.25it/s]



Memory Creation loop:  11%|█▏        | 484/4293 [14:54<1:56:54,  1.84s/it][A[A



  0%|          | 0/4 [00:00<?, ?it/s][A[A[A
100%|██████████| 4/4 [00:01<00:00,  3.27it/s]




  0%|          | 0/4 [00:00<?, ?it/s][A[A[A
100%|██████████| 4/4 [00:01<00:00,  3.25it/s]




  0%|          | 0/4 [00:00<?, ?it/s][A[A[A
100%|██████████| 4/4 [00:01<00:00,  3.25it/s]




  0%|          | 0/4 [00:00<?, ?it/s][A[A[A
100%|██████████| 4/4 [00:01<00:00,  3.24it/s]




  0%|          | 0/4 [00:00<?, ?it/s][A[A[A
100%|██████████| 4/4 [00:01<00:00,  3.25it/s]




  0%|          | 0/4 [00:00<?, ?it/s][A[A[A
100%|██████████| 4/4 [00:01<00:00,  3.26it/s]



Memory Creation loop:  11%|█▏        | 490/4293 [15:05<1:56:45,  1.84s/it][A[A



  0%|          | 0/4 [00:00<?, ?it/s][A[A[A
100%|██████████| 4/4 [00:01<00:00,  3.25it/s]




  0%|          | 0/4 [00:00<?, ?it/s][A[A[A
100%|██████████| 4/4 [00:01<00:00,  3.26it/s]




  0%|          | 0/4 [00:00<?, ?it/s][A[A[A
100%|██████████| 4/4 [00:01<00:00,  3.26it/s]




  0%|          | 0/4 [00:00<?, ?it/s][A[A[A
100%|██████████| 4/4 [00:01<00:00,  3.25it/s]




  0%|          | 0/4 [00:00<?, ?it/s][A[A[A
100%|██████████| 4/4 [00:01<00:00,  3.26it/s]




  0%|          | 0/4 [00:00<?, ?it/s][A[A[A
100%|██████████| 4/4 [00:01<00:00,  3.25it/s]



Memory Creation loop:  12%|█▏        | 496/4293 [15:16<1:56:33,  1.84s/it][A[A



  0%|          | 0/4 [00:00<?, ?it/s][A[A[A
100%|██████████| 4/4 [00:01<00:00,  3.25it/s]




  0%|          | 0/4 [00:00<?, ?it/s][A[A[A
100%|██████████| 4/4 [00:01<00:00,  3.26it/s]




  0%|          | 0/4 [00:00<?, ?it/s][A[A[A
100%|██████████| 4/4 [00:01<00:00,  3.26it/s]




  0%|          | 0/4 [00:00<?, ?it/s][A[A[A
100%|██████████| 4/4 [00:01<00:00,  3.25it/s]




  0%|          | 0/4 [00:00<?, ?it/s][A[A[A
100%|██████████| 4/4 [00:01<00:00,  3.27it/s]




  0%|          | 0/4 [00:00<?, ?it/s][A[A[A
100%|██████████| 4/4 [00:01<00:00,  3.26it/s]



Memory Creation loop:  12%|█▏        | 502/4293 [15:27<1:56:20,  1.84s/it][A[A



  0%|          | 0/4 [00:00<?, ?it/s][A[A[A
100%|██████████| 4/4 [00:01<00:00,  3.25it/s]




  0%|          | 0/4 [00:00<?, ?it/s][A[A[A
100%|██████████| 4/4 [00:01<00:00,  3.25it/s]




  0%|          | 0/4 [00:00<?, ?it/s][A[A[A
100%|██████████| 4/4 [00:01<00:00,  3.26it/s]




  0%|          | 0/4 [00:00<?, ?it/s][A[A[A
100%|██████████| 4/4 [00:01<00:00,  3.26it/s]




  0%|          | 0/4 [00:00<?, ?it/s][A[A[A
100%|██████████| 4/4 [00:01<00:00,  3.26it/s]




  0%|          | 0/4 [00:00<?, ?it/s][A[A[A
100%|██████████| 4/4 [00:01<00:00,  3.25it/s]



Memory Creation loop:  12%|█▏        | 508/4293 [15:38<1:56:09,  1.84s/it][A[A



  0%|          | 0/4 [00:00<?, ?it/s][A[A[A
100%|██████████| 4/4 [00:01<00:00,  3.27it/s]




  0%|          | 0/4 [00:00<?, ?it/s][A[A[A
100%|██████████| 4/4 [00:01<00:00,  3.27it/s]




  0%|          | 0/4 [00:00<?, ?it/s][A[A[A
100%|██████████| 4/4 [00:01<00:00,  3.25it/s]




  0%|          | 0/4 [00:00<?, ?it/s][A[A[A
100%|██████████| 4/4 [00:01<00:00,  3.26it/s]




  0%|          | 0/4 [00:00<?, ?it/s][A[A[A
100%|██████████| 4/4 [00:01<00:00,  3.26it/s]




  0%|          | 0/4 [00:00<?, ?it/s][A[A[A
100%|██████████| 4/4 [00:01<00:00,  3.26it/s]



Memory Creation loop:  12%|█▏        | 514/4293 [15:49<1:55:54,  1.84s/it][A[A



  0%|          | 0/4 [00:00<?, ?it/s][A[A[A
100%|██████████| 4/4 [00:01<00:00,  3.26it/s]




  0%|          | 0/4 [00:00<?, ?it/s][A[A[A
100%|██████████| 4/4 [00:01<00:00,  3.25it/s]




  0%|          | 0/4 [00:00<?, ?it/s][A[A[A
100%|██████████| 4/4 [00:01<00:00,  3.27it/s]




  0%|          | 0/4 [00:00<?, ?it/s][A[A[A
100%|██████████| 4/4 [00:01<00:00,  3.25it/s]




  0%|          | 0/4 [00:00<?, ?it/s][A[A[A
100%|██████████| 4/4 [00:01<00:00,  3.25it/s]




  0%|          | 0/4 [00:00<?, ?it/s][A[A[A
100%|██████████| 4/4 [00:01<00:00,  3.25it/s]



Memory Creation loop:  12%|█▏        | 520/4293 [16:00<1:55:42,  1.84s/it][A[A



  0%|          | 0/4 [00:00<?, ?it/s][A[A[A
100%|██████████| 4/4 [00:01<00:00,  3.26it/s]




  0%|          | 0/4 [00:00<?, ?it/s][A[A[A
100%|██████████| 4/4 [00:01<00:00,  3.26it/s]




  0%|          | 0/4 [00:00<?, ?it/s][A[A[A
100%|██████████| 4/4 [00:01<00:00,  3.26it/s]




  0%|          | 0/4 [00:00<?, ?it/s][A[A[A
100%|██████████| 4/4 [00:01<00:00,  3.25it/s]




  0%|          | 0/4 [00:00<?, ?it/s][A[A[A
100%|██████████| 4/4 [00:01<00:00,  3.26it/s]




  0%|          | 0/4 [00:00<?, ?it/s][A[A[A
100%|██████████| 4/4 [00:01<00:00,  3.25it/s]



Memory Creation loop:  12%|█▏        | 526/4293 [16:12<1:55:35,  1.84s/it][A[A



  0%|          | 0/4 [00:00<?, ?it/s][A[A[A
100%|██████████| 4/4 [00:01<00:00,  3.25it/s]




  0%|          | 0/4 [00:00<?, ?it/s][A[A[A
100%|██████████| 4/4 [00:01<00:00,  3.25it/s]




  0%|          | 0/4 [00:00<?, ?it/s][A[A[A
100%|██████████| 4/4 [00:01<00:00,  3.25it/s]




  0%|          | 0/4 [00:00<?, ?it/s][A[A[A
100%|██████████| 4/4 [00:01<00:00,  3.26it/s]




  0%|          | 0/4 [00:00<?, ?it/s][A[A[A
100%|██████████| 4/4 [00:01<00:00,  3.27it/s]




  0%|          | 0/4 [00:00<?, ?it/s][A[A[A


Memory Creation loop:  12%|█▏        | 526/4293 [16:22<1:55:35,  1.84s/it][A[A
100%|██████████| 4/4 [00:01<00:00,  3.25it/s]



Memory Creation loop:  12%|█▏        | 532/4293 [16:23<1:55:26,  1.84s/it][A[A



  0%|          | 0/4 [00:00<?, ?it/s][A[A[A
100%|██████████| 4/4 [00:01<00:00,  3.26it/s]




  0%|          | 0/4 [00:00<?, ?it/s][A[A[A
100%|██████████| 4/4 [00:01<00:00,  3.26it/s]




  0%|          | 0/4 [00:00<?, ?it/s][A[A[A
100%|██████████| 4/4 [00:01<00:00,  3.25it/s]




  0%|          | 0/4 [00:00<?, ?it/s][A[A[A
100%|██████████| 4/4 [00:01<00:00,  3.25it/s]




  0%|          | 0/4 [00:00<?, ?it/s][A[A[A
100%|██████████| 4/4 [00:01<00:00,  3.26it/s]




  0%|          | 0/4 [00:00<?, ?it/s][A[A[A
100%|██████████| 4/4 [00:01<00:00,  3.25it/s]



Memory Creation loop:  13%|█▎        | 538/4293 [16:34<1:55:13,  1.84s/it][A[A



  0%|          | 0/4 [00:00<?, ?it/s][A[A[A
100%|██████████| 4/4 [00:01<00:00,  3.26it/s]




  0%|          | 0/4 [00:00<?, ?it/s][A[A[A
100%|██████████| 4/4 [00:01<00:00,  3.25it/s]




  0%|          | 0/4 [00:00<?, ?it/s][A[A[A
100%|██████████| 4/4 [00:01<00:00,  3.27it/s]




  0%|          | 0/4 [00:00<?, ?it/s][A[A[A
100%|██████████| 4/4 [00:01<00:00,  3.26it/s]




  0%|          | 0/4 [00:00<?, ?it/s][A[A[A
100%|██████████| 4/4 [00:01<00:00,  3.25it/s]




  0%|          | 0/4 [00:00<?, ?it/s][A[A[A
100%|██████████| 4/4 [00:01<00:00,  3.25it/s]



Memory Creation loop:  13%|█▎        | 544/4293 [16:45<1:55:01,  1.84s/it][A[A



  0%|          | 0/4 [00:00<?, ?it/s][A[A[A
100%|██████████| 4/4 [00:01<00:00,  3.26it/s]




  0%|          | 0/4 [00:00<?, ?it/s][A[A[A
100%|██████████| 4/4 [00:01<00:00,  3.25it/s]




  0%|          | 0/4 [00:00<?, ?it/s][A[A[A
100%|██████████| 4/4 [00:01<00:00,  3.26it/s]




  0%|          | 0/4 [00:00<?, ?it/s][A[A[A
100%|██████████| 4/4 [00:01<00:00,  3.24it/s]




  0%|          | 0/4 [00:00<?, ?it/s][A[A[A
100%|██████████| 4/4 [00:01<00:00,  3.27it/s]




  0%|          | 0/4 [00:00<?, ?it/s][A[A[A
100%|██████████| 4/4 [00:01<00:00,  3.27it/s]



Memory Creation loop:  13%|█▎        | 550/4293 [16:56<1:54:46,  1.84s/it][A[A



  0%|          | 0/4 [00:00<?, ?it/s][A[A[A
100%|██████████| 4/4 [00:01<00:00,  3.26it/s]




  0%|          | 0/4 [00:00<?, ?it/s][A[A[A
100%|██████████| 4/4 [00:01<00:00,  3.25it/s]




  0%|          | 0/4 [00:00<?, ?it/s][A[A[A
100%|██████████| 4/4 [00:01<00:00,  3.26it/s]




  0%|          | 0/4 [00:00<?, ?it/s][A[A[A
100%|██████████| 4/4 [00:01<00:00,  3.25it/s]




  0%|          | 0/4 [00:00<?, ?it/s][A[A[A
100%|██████████| 4/4 [00:01<00:00,  3.26it/s]




  0%|          | 0/4 [00:00<?, ?it/s][A[A[A
100%|██████████| 4/4 [00:01<00:00,  3.25it/s]



Memory Creation loop:  13%|█▎        | 556/4293 [17:07<1:54:37,  1.84s/it][A[A



  0%|          | 0/4 [00:00<?, ?it/s][A[A[A
100%|██████████| 4/4 [00:01<00:00,  3.20it/s]




  0%|          | 0/4 [00:00<?, ?it/s][A[A[A
100%|██████████| 4/4 [00:01<00:00,  3.25it/s]




  0%|          | 0/4 [00:00<?, ?it/s][A[A[A
100%|██████████| 4/4 [00:01<00:00,  3.25it/s]




  0%|          | 0/4 [00:00<?, ?it/s][A[A[A
100%|██████████| 4/4 [00:01<00:00,  3.26it/s]




  0%|          | 0/4 [00:00<?, ?it/s][A[A[A
100%|██████████| 4/4 [00:01<00:00,  3.26it/s]




  0%|          | 0/4 [00:00<?, ?it/s][A[A[A
100%|██████████| 4/4 [00:01<00:00,  3.25it/s]



Memory Creation loop:  13%|█▎        | 562/4293 [17:18<1:54:29,  1.84s/it][A[A



  0%|          | 0/4 [00:00<?, ?it/s][A[A[A
100%|██████████| 4/4 [00:01<00:00,  3.26it/s]




  0%|          | 0/4 [00:00<?, ?it/s][A[A[A
100%|██████████| 4/4 [00:01<00:00,  3.26it/s]




  0%|          | 0/4 [00:00<?, ?it/s][A[A[A
100%|██████████| 4/4 [00:01<00:00,  3.28it/s]




  0%|          | 0/4 [00:00<?, ?it/s][A[A[A
100%|██████████| 4/4 [00:01<00:00,  3.26it/s]




  0%|          | 0/4 [00:00<?, ?it/s][A[A[A
100%|██████████| 4/4 [00:01<00:00,  3.24it/s]




  0%|          | 0/4 [00:00<?, ?it/s][A[A[A
100%|██████████| 4/4 [00:01<00:00,  3.26it/s]



Memory Creation loop:  13%|█▎        | 568/4293 [17:29<1:54:20,  1.84s/it][A[A



  0%|          | 0/4 [00:00<?, ?it/s][A[A[A
100%|██████████| 4/4 [00:01<00:00,  3.25it/s]




  0%|          | 0/4 [00:00<?, ?it/s][A[A[A
100%|██████████| 4/4 [00:01<00:00,  3.25it/s]




  0%|          | 0/4 [00:00<?, ?it/s][A[A[A
100%|██████████| 4/4 [00:01<00:00,  3.26it/s]




  0%|          | 0/4 [00:00<?, ?it/s][A[A[A
100%|██████████| 4/4 [00:01<00:00,  3.25it/s]




  0%|          | 0/4 [00:00<?, ?it/s][A[A[A
100%|██████████| 4/4 [00:01<00:00,  3.26it/s]




  0%|          | 0/4 [00:00<?, ?it/s][A[A[A
100%|██████████| 4/4 [00:01<00:00,  3.26it/s]



Memory Creation loop:  13%|█▎        | 574/4293 [17:40<1:54:11,  1.84s/it][A[A



  0%|          | 0/4 [00:00<?, ?it/s][A[A[A
100%|██████████| 4/4 [00:01<00:00,  3.27it/s]




  0%|          | 0/4 [00:00<?, ?it/s][A[A[A
100%|██████████| 4/4 [00:01<00:00,  3.27it/s]




  0%|          | 0/4 [00:00<?, ?it/s][A[A[A
100%|██████████| 4/4 [00:01<00:00,  3.26it/s]




  0%|          | 0/4 [00:00<?, ?it/s][A[A[A
100%|██████████| 4/4 [00:01<00:00,  3.26it/s]




  0%|          | 0/4 [00:00<?, ?it/s][A[A[A
100%|██████████| 4/4 [00:01<00:00,  3.26it/s]




  0%|          | 0/4 [00:00<?, ?it/s][A[A[A
100%|██████████| 4/4 [00:01<00:00,  3.24it/s]



Memory Creation loop:  14%|█▎        | 580/4293 [17:51<1:53:58,  1.84s/it][A[A



  0%|          | 0/4 [00:00<?, ?it/s][A[A[A
100%|██████████| 4/4 [00:01<00:00,  3.27it/s]




  0%|          | 0/4 [00:00<?, ?it/s][A[A[A
100%|██████████| 4/4 [00:01<00:00,  3.25it/s]




  0%|          | 0/4 [00:00<?, ?it/s][A[A[A
100%|██████████| 4/4 [00:01<00:00,  3.25it/s]




  0%|          | 0/4 [00:00<?, ?it/s][A[A[A
100%|██████████| 4/4 [00:01<00:00,  3.25it/s]




  0%|          | 0/4 [00:00<?, ?it/s][A[A[A
100%|██████████| 4/4 [00:01<00:00,  3.26it/s]




  0%|          | 0/4 [00:00<?, ?it/s][A[A[A
100%|██████████| 4/4 [00:01<00:00,  3.26it/s]



Memory Creation loop:  14%|█▎        | 586/4293 [18:02<1:53:44,  1.84s/it][A[A



  0%|          | 0/4 [00:00<?, ?it/s][A[A[A
100%|██████████| 4/4 [00:01<00:00,  3.26it/s]




  0%|          | 0/4 [00:00<?, ?it/s][A[A[A
100%|██████████| 4/4 [00:01<00:00,  3.25it/s]




  0%|          | 0/4 [00:00<?, ?it/s][A[A[A
100%|██████████| 4/4 [00:01<00:00,  3.27it/s]




  0%|          | 0/4 [00:00<?, ?it/s][A[A[A
100%|██████████| 4/4 [00:01<00:00,  3.27it/s]




  0%|          | 0/4 [00:00<?, ?it/s][A[A[A
100%|██████████| 4/4 [00:01<00:00,  3.24it/s]




  0%|          | 0/4 [00:00<?, ?it/s][A[A[A


Memory Creation loop:  14%|█▎        | 586/4293 [18:12<1:53:44,  1.84s/it][A[A
100%|██████████| 4/4 [00:01<00:00,  3.25it/s]



Memory Creation loop:  14%|█▍        | 592/4293 [18:13<1:53:33,  1.84s/it][A[A



  0%|          | 0/4 [00:00<?, ?it/s][A[A[A
100%|██████████| 4/4 [00:01<00:00,  3.25it/s]




  0%|          | 0/4 [00:00<?, ?it/s][A[A[A
100%|██████████| 4/4 [00:01<00:00,  3.25it/s]




  0%|          | 0/4 [00:00<?, ?it/s][A[A[A
100%|██████████| 4/4 [00:01<00:00,  3.25it/s]




  0%|          | 0/4 [00:00<?, ?it/s][A[A[A
100%|██████████| 4/4 [00:01<00:00,  3.24it/s]




  0%|          | 0/4 [00:00<?, ?it/s][A[A[A
100%|██████████| 4/4 [00:01<00:00,  3.26it/s]




  0%|          | 0/4 [00:00<?, ?it/s][A[A[A
100%|██████████| 4/4 [00:01<00:00,  3.26it/s]



Memory Creation loop:  14%|█▍        | 598/4293 [18:24<1:53:26,  1.84s/it][A[A



  0%|          | 0/4 [00:00<?, ?it/s][A[A[A
100%|██████████| 4/4 [00:01<00:00,  3.24it/s]




  0%|          | 0/4 [00:00<?, ?it/s][A[A[A
100%|██████████| 4/4 [00:01<00:00,  3.25it/s]




  0%|          | 0/4 [00:00<?, ?it/s][A[A[A
100%|██████████| 4/4 [00:01<00:00,  3.26it/s]




  0%|          | 0/4 [00:00<?, ?it/s][A[A[A
100%|██████████| 4/4 [00:01<00:00,  3.25it/s]




  0%|          | 0/4 [00:00<?, ?it/s][A[A[A
100%|██████████| 4/4 [00:01<00:00,  3.26it/s]




  0%|          | 0/4 [00:00<?, ?it/s][A[A[A
100%|██████████| 4/4 [00:01<00:00,  3.25it/s]



Memory Creation loop:  14%|█▍        | 604/4293 [18:35<1:53:15,  1.84s/it][A[A



  0%|          | 0/4 [00:00<?, ?it/s][A[A[A
100%|██████████| 4/4 [00:01<00:00,  3.26it/s]




  0%|          | 0/4 [00:00<?, ?it/s][A[A[A
100%|██████████| 4/4 [00:01<00:00,  3.26it/s]




  0%|          | 0/4 [00:00<?, ?it/s][A[A[A
100%|██████████| 4/4 [00:01<00:00,  3.26it/s]




  0%|          | 0/4 [00:00<?, ?it/s][A[A[A
100%|██████████| 4/4 [00:01<00:00,  3.24it/s]




  0%|          | 0/4 [00:00<?, ?it/s][A[A[A
100%|██████████| 4/4 [00:01<00:00,  3.25it/s]




  0%|          | 0/4 [00:00<?, ?it/s][A[A[A
100%|██████████| 4/4 [00:01<00:00,  3.25it/s]



Memory Creation loop:  14%|█▍        | 610/4293 [18:46<1:53:04,  1.84s/it][A[A



  0%|          | 0/4 [00:00<?, ?it/s][A[A[A
100%|██████████| 4/4 [00:01<00:00,  3.25it/s]




  0%|          | 0/4 [00:00<?, ?it/s][A[A[A
100%|██████████| 4/4 [00:01<00:00,  3.25it/s]




  0%|          | 0/4 [00:00<?, ?it/s][A[A[A
100%|██████████| 4/4 [00:01<00:00,  3.26it/s]




  0%|          | 0/4 [00:00<?, ?it/s][A[A[A
100%|██████████| 4/4 [00:01<00:00,  3.26it/s]




  0%|          | 0/4 [00:00<?, ?it/s][A[A[A
100%|██████████| 4/4 [00:01<00:00,  3.25it/s]




  0%|          | 0/4 [00:00<?, ?it/s][A[A[A
100%|██████████| 4/4 [00:01<00:00,  3.27it/s]



Memory Creation loop:  14%|█▍        | 616/4293 [18:57<1:52:50,  1.84s/it][A[A



  0%|          | 0/4 [00:00<?, ?it/s][A[A[A
100%|██████████| 4/4 [00:01<00:00,  3.28it/s]




  0%|          | 0/4 [00:00<?, ?it/s][A[A[A
100%|██████████| 4/4 [00:01<00:00,  3.27it/s]




  0%|          | 0/4 [00:00<?, ?it/s][A[A[A
100%|██████████| 4/4 [00:01<00:00,  3.27it/s]




  0%|          | 0/4 [00:00<?, ?it/s][A[A[A
100%|██████████| 4/4 [00:01<00:00,  3.26it/s]




  0%|          | 0/4 [00:00<?, ?it/s][A[A[A
100%|██████████| 4/4 [00:01<00:00,  3.28it/s]




  0%|          | 0/4 [00:00<?, ?it/s][A[A[A
100%|██████████| 4/4 [00:01<00:00,  3.27it/s]



Memory Creation loop:  14%|█▍        | 622/4293 [19:08<1:52:31,  1.84s/it][A[A



  0%|          | 0/4 [00:00<?, ?it/s][A[A[A
100%|██████████| 4/4 [00:01<00:00,  3.27it/s]




  0%|          | 0/4 [00:00<?, ?it/s][A[A[A
100%|██████████| 4/4 [00:01<00:00,  3.26it/s]




  0%|          | 0/4 [00:00<?, ?it/s][A[A[A
100%|██████████| 4/4 [00:01<00:00,  3.27it/s]




  0%|          | 0/4 [00:00<?, ?it/s][A[A[A
100%|██████████| 4/4 [00:01<00:00,  3.27it/s]




  0%|          | 0/4 [00:00<?, ?it/s][A[A[A
100%|██████████| 4/4 [00:01<00:00,  3.27it/s]




  0%|          | 0/4 [00:00<?, ?it/s][A[A[A
100%|██████████| 4/4 [00:01<00:00,  3.25it/s]



Memory Creation loop:  15%|█▍        | 628/4293 [19:19<1:52:17,  1.84s/it][A[A



  0%|          | 0/4 [00:00<?, ?it/s][A[A[A
100%|██████████| 4/4 [00:01<00:00,  3.26it/s]




  0%|          | 0/4 [00:00<?, ?it/s][A[A[A
100%|██████████| 4/4 [00:01<00:00,  3.25it/s]




  0%|          | 0/4 [00:00<?, ?it/s][A[A[A
100%|██████████| 4/4 [00:01<00:00,  3.26it/s]




  0%|          | 0/4 [00:00<?, ?it/s][A[A[A
100%|██████████| 4/4 [00:01<00:00,  3.25it/s]




  0%|          | 0/4 [00:00<?, ?it/s][A[A[A
100%|██████████| 4/4 [00:01<00:00,  3.26it/s]




  0%|          | 0/4 [00:00<?, ?it/s][A[A[A
100%|██████████| 4/4 [00:01<00:00,  3.26it/s]



Memory Creation loop:  15%|█▍        | 634/4293 [19:30<1:52:11,  1.84s/it][A[A



  0%|          | 0/4 [00:00<?, ?it/s][A[A[A
100%|██████████| 4/4 [00:01<00:00,  3.26it/s]




  0%|          | 0/4 [00:00<?, ?it/s][A[A[A
100%|██████████| 4/4 [00:01<00:00,  3.25it/s]




  0%|          | 0/4 [00:00<?, ?it/s][A[A[A
100%|██████████| 4/4 [00:01<00:00,  3.27it/s]




  0%|          | 0/4 [00:00<?, ?it/s][A[A[A
100%|██████████| 4/4 [00:01<00:00,  3.26it/s]




  0%|          | 0/4 [00:00<?, ?it/s][A[A[A
100%|██████████| 4/4 [00:01<00:00,  3.24it/s]




  0%|          | 0/4 [00:00<?, ?it/s][A[A[A
100%|██████████| 4/4 [00:01<00:00,  3.25it/s]



Memory Creation loop:  15%|█▍        | 640/4293 [19:41<1:52:04,  1.84s/it][A[A



  0%|          | 0/4 [00:00<?, ?it/s][A[A[A
100%|██████████| 4/4 [00:01<00:00,  3.25it/s]




  0%|          | 0/4 [00:00<?, ?it/s][A[A[A
100%|██████████| 4/4 [00:01<00:00,  3.25it/s]




  0%|          | 0/4 [00:00<?, ?it/s][A[A[A
100%|██████████| 4/4 [00:01<00:00,  3.26it/s]




  0%|          | 0/4 [00:00<?, ?it/s][A[A[A
100%|██████████| 4/4 [00:01<00:00,  3.25it/s]




  0%|          | 0/4 [00:00<?, ?it/s][A[A[A
100%|██████████| 4/4 [00:01<00:00,  3.25it/s]




  0%|          | 0/4 [00:00<?, ?it/s][A[A[A


Memory Creation loop:  15%|█▍        | 640/4293 [19:52<1:52:04,  1.84s/it][A[A
100%|██████████| 4/4 [00:01<00:00,  3.26it/s]



Memory Creation loop:  15%|█▌        | 646/4293 [19:52<1:51:58,  1.84s/it][A[A



  0%|          | 0/4 [00:00<?, ?it/s][A[A[A
100%|██████████| 4/4 [00:01<00:00,  3.27it/s]




  0%|          | 0/4 [00:00<?, ?it/s][A[A[A
100%|██████████| 4/4 [00:01<00:00,  3.25it/s]




  0%|          | 0/4 [00:00<?, ?it/s][A[A[A
100%|██████████| 4/4 [00:01<00:00,  3.26it/s]




  0%|          | 0/4 [00:00<?, ?it/s][A[A[A
100%|██████████| 4/4 [00:01<00:00,  3.24it/s]




  0%|          | 0/4 [00:00<?, ?it/s][A[A[A
100%|██████████| 4/4 [00:01<00:00,  3.25it/s]




  0%|          | 0/4 [00:00<?, ?it/s][A[A[A
100%|██████████| 4/4 [00:01<00:00,  3.25it/s]



Memory Creation loop:  15%|█▌        | 652/4293 [20:04<1:51:48,  1.84s/it][A[A



  0%|          | 0/4 [00:00<?, ?it/s][A[A[A
100%|██████████| 4/4 [00:01<00:00,  3.28it/s]




  0%|          | 0/4 [00:00<?, ?it/s][A[A[A
100%|██████████| 4/4 [00:01<00:00,  3.27it/s]




  0%|          | 0/4 [00:00<?, ?it/s][A[A[A
100%|██████████| 4/4 [00:01<00:00,  3.25it/s]




  0%|          | 0/4 [00:00<?, ?it/s][A[A[A
100%|██████████| 4/4 [00:01<00:00,  3.25it/s]




  0%|          | 0/4 [00:00<?, ?it/s][A[A[A
100%|██████████| 4/4 [00:01<00:00,  3.26it/s]




  0%|          | 0/4 [00:00<?, ?it/s][A[A[A
100%|██████████| 4/4 [00:01<00:00,  3.25it/s]



Memory Creation loop:  15%|█▌        | 658/4293 [20:15<1:51:36,  1.84s/it][A[A



  0%|          | 0/4 [00:00<?, ?it/s][A[A[A
100%|██████████| 4/4 [00:01<00:00,  3.25it/s]




  0%|          | 0/4 [00:00<?, ?it/s][A[A[A
100%|██████████| 4/4 [00:01<00:00,  3.25it/s]




  0%|          | 0/4 [00:00<?, ?it/s][A[A[A
100%|██████████| 4/4 [00:01<00:00,  3.28it/s]




  0%|          | 0/4 [00:00<?, ?it/s][A[A[A
100%|██████████| 4/4 [00:01<00:00,  3.27it/s]




  0%|          | 0/4 [00:00<?, ?it/s][A[A[A
100%|██████████| 4/4 [00:01<00:00,  3.25it/s]




  0%|          | 0/4 [00:00<?, ?it/s][A[A[A
100%|██████████| 4/4 [00:01<00:00,  3.26it/s]



Memory Creation loop:  15%|█▌        | 664/4293 [20:26<1:51:22,  1.84s/it][A[A



  0%|          | 0/4 [00:00<?, ?it/s][A[A[A
100%|██████████| 4/4 [00:01<00:00,  3.26it/s]




  0%|          | 0/4 [00:00<?, ?it/s][A[A[A
100%|██████████| 4/4 [00:01<00:00,  3.25it/s]




  0%|          | 0/4 [00:00<?, ?it/s][A[A[A
100%|██████████| 4/4 [00:01<00:00,  3.26it/s]




  0%|          | 0/4 [00:00<?, ?it/s][A[A[A
100%|██████████| 4/4 [00:01<00:00,  3.25it/s]




  0%|          | 0/4 [00:00<?, ?it/s][A[A[A
100%|██████████| 4/4 [00:01<00:00,  3.27it/s]




  0%|          | 0/4 [00:00<?, ?it/s][A[A[A
100%|██████████| 4/4 [00:01<00:00,  3.27it/s]



Memory Creation loop:  16%|█▌        | 670/4293 [20:37<1:51:11,  1.84s/it][A[A



  0%|          | 0/4 [00:00<?, ?it/s][A[A[A
100%|██████████| 4/4 [00:01<00:00,  3.26it/s]




  0%|          | 0/4 [00:00<?, ?it/s][A[A[A
100%|██████████| 4/4 [00:01<00:00,  3.25it/s]




  0%|          | 0/4 [00:00<?, ?it/s][A[A[A
100%|██████████| 4/4 [00:01<00:00,  3.27it/s]




  0%|          | 0/4 [00:00<?, ?it/s][A[A[A
100%|██████████| 4/4 [00:01<00:00,  3.26it/s]




  0%|          | 0/4 [00:00<?, ?it/s][A[A[A
100%|██████████| 4/4 [00:01<00:00,  3.26it/s]




  0%|          | 0/4 [00:00<?, ?it/s][A[A[A
100%|██████████| 4/4 [00:01<00:00,  3.26it/s]



Memory Creation loop:  16%|█▌        | 676/4293 [20:48<1:50:55,  1.84s/it][A[A



  0%|          | 0/4 [00:00<?, ?it/s][A[A[A
100%|██████████| 4/4 [00:01<00:00,  3.27it/s]




  0%|          | 0/4 [00:00<?, ?it/s][A[A[A
100%|██████████| 4/4 [00:01<00:00,  3.25it/s]




  0%|          | 0/4 [00:00<?, ?it/s][A[A[A
100%|██████████| 4/4 [00:01<00:00,  3.25it/s]




  0%|          | 0/4 [00:00<?, ?it/s][A[A[A
100%|██████████| 4/4 [00:01<00:00,  3.25it/s]




  0%|          | 0/4 [00:00<?, ?it/s][A[A[A
100%|██████████| 4/4 [00:01<00:00,  3.25it/s]




  0%|          | 0/4 [00:00<?, ?it/s][A[A[A
100%|██████████| 4/4 [00:01<00:00,  3.24it/s]



Memory Creation loop:  16%|█▌        | 682/4293 [20:59<1:50:47,  1.84s/it][A[A



  0%|          | 0/4 [00:00<?, ?it/s][A[A[A
100%|██████████| 4/4 [00:01<00:00,  3.25it/s]




  0%|          | 0/4 [00:00<?, ?it/s][A[A[A
100%|██████████| 4/4 [00:01<00:00,  3.24it/s]




  0%|          | 0/4 [00:00<?, ?it/s][A[A[A
100%|██████████| 4/4 [00:01<00:00,  3.26it/s]




  0%|          | 0/4 [00:00<?, ?it/s][A[A[A
100%|██████████| 4/4 [00:01<00:00,  3.26it/s]




  0%|          | 0/4 [00:00<?, ?it/s][A[A[A
100%|██████████| 4/4 [00:01<00:00,  3.25it/s]




  0%|          | 0/4 [00:00<?, ?it/s][A[A[A
100%|██████████| 4/4 [00:01<00:00,  3.25it/s]



Memory Creation loop:  16%|█▌        | 688/4293 [21:10<1:50:39,  1.84s/it][A[A



  0%|          | 0/4 [00:00<?, ?it/s][A[A[A
100%|██████████| 4/4 [00:01<00:00,  3.26it/s]




  0%|          | 0/4 [00:00<?, ?it/s][A[A[A
100%|██████████| 4/4 [00:01<00:00,  3.26it/s]




  0%|          | 0/4 [00:00<?, ?it/s][A[A[A
100%|██████████| 4/4 [00:01<00:00,  3.26it/s]




  0%|          | 0/4 [00:00<?, ?it/s][A[A[A
100%|██████████| 4/4 [00:01<00:00,  3.24it/s]




  0%|          | 0/4 [00:00<?, ?it/s][A[A[A
100%|██████████| 4/4 [00:01<00:00,  3.26it/s]




  0%|          | 0/4 [00:00<?, ?it/s][A[A[A
100%|██████████| 4/4 [00:01<00:00,  3.26it/s]



Memory Creation loop:  16%|█▌        | 694/4293 [21:21<1:50:27,  1.84s/it][A[A



  0%|          | 0/4 [00:00<?, ?it/s][A[A[A
100%|██████████| 4/4 [00:01<00:00,  3.26it/s]




  0%|          | 0/4 [00:00<?, ?it/s][A[A[A
100%|██████████| 4/4 [00:01<00:00,  3.24it/s]




  0%|          | 0/4 [00:00<?, ?it/s][A[A[A
100%|██████████| 4/4 [00:01<00:00,  3.25it/s]




  0%|          | 0/4 [00:00<?, ?it/s][A[A[A
100%|██████████| 4/4 [00:01<00:00,  3.26it/s]




  0%|          | 0/4 [00:00<?, ?it/s][A[A[A
100%|██████████| 4/4 [00:01<00:00,  3.27it/s]




  0%|          | 0/4 [00:00<?, ?it/s][A[A[A
100%|██████████| 4/4 [00:01<00:00,  3.26it/s]



Memory Creation loop:  16%|█▋        | 700/4293 [21:32<1:50:18,  1.84s/it][A[A



  0%|          | 0/4 [00:00<?, ?it/s][A[A[A
100%|██████████| 4/4 [00:01<00:00,  3.28it/s]




  0%|          | 0/4 [00:00<?, ?it/s][A[A[A
100%|██████████| 4/4 [00:01<00:00,  3.27it/s]




  0%|          | 0/4 [00:00<?, ?it/s][A[A[A
100%|██████████| 4/4 [00:01<00:00,  3.26it/s]




  0%|          | 0/4 [00:00<?, ?it/s][A[A[A
100%|██████████| 4/4 [00:01<00:00,  3.25it/s]




  0%|          | 0/4 [00:00<?, ?it/s][A[A[A
100%|██████████| 4/4 [00:01<00:00,  3.26it/s]




  0%|          | 0/4 [00:00<?, ?it/s][A[A[A


Memory Creation loop:  16%|█▋        | 700/4293 [21:42<1:50:18,  1.84s/it][A[A
100%|██████████| 4/4 [00:01<00:00,  3.25it/s]



Memory Creation loop:  16%|█▋        | 706/4293 [21:43<1:50:03,  1.84s/it][A[A



  0%|          | 0/4 [00:00<?, ?it/s][A[A[A
100%|██████████| 4/4 [00:01<00:00,  3.26it/s]




  0%|          | 0/4 [00:00<?, ?it/s][A[A[A
100%|██████████| 4/4 [00:01<00:00,  3.25it/s]




  0%|          | 0/4 [00:00<?, ?it/s][A[A[A
100%|██████████| 4/4 [00:01<00:00,  3.25it/s]




  0%|          | 0/4 [00:00<?, ?it/s][A[A[A
100%|██████████| 4/4 [00:01<00:00,  3.26it/s]




  0%|          | 0/4 [00:00<?, ?it/s][A[A[A
100%|██████████| 4/4 [00:01<00:00,  3.26it/s]




  0%|          | 0/4 [00:00<?, ?it/s][A[A[A
100%|██████████| 4/4 [00:01<00:00,  3.25it/s]



Memory Creation loop:  17%|█▋        | 712/4293 [21:54<1:49:53,  1.84s/it][A[A



  0%|          | 0/4 [00:00<?, ?it/s][A[A[A
100%|██████████| 4/4 [00:01<00:00,  3.26it/s]




  0%|          | 0/4 [00:00<?, ?it/s][A[A[A
100%|██████████| 4/4 [00:01<00:00,  3.27it/s]




  0%|          | 0/4 [00:00<?, ?it/s][A[A[A
100%|██████████| 4/4 [00:01<00:00,  3.26it/s]




  0%|          | 0/4 [00:00<?, ?it/s][A[A[A
100%|██████████| 4/4 [00:01<00:00,  3.25it/s]




  0%|          | 0/4 [00:00<?, ?it/s][A[A[A
100%|██████████| 4/4 [00:01<00:00,  3.26it/s]




  0%|          | 0/4 [00:00<?, ?it/s][A[A[A
100%|██████████| 4/4 [00:01<00:00,  3.26it/s]



Memory Creation loop:  17%|█▋        | 718/4293 [22:05<1:49:42,  1.84s/it][A[A



  0%|          | 0/4 [00:00<?, ?it/s][A[A[A
100%|██████████| 4/4 [00:01<00:00,  3.23it/s]




  0%|          | 0/4 [00:00<?, ?it/s][A[A[A
100%|██████████| 4/4 [00:01<00:00,  3.25it/s]




  0%|          | 0/4 [00:00<?, ?it/s][A[A[A
100%|██████████| 4/4 [00:01<00:00,  3.26it/s]




  0%|          | 0/4 [00:00<?, ?it/s][A[A[A
100%|██████████| 4/4 [00:01<00:00,  3.25it/s]




  0%|          | 0/4 [00:00<?, ?it/s][A[A[A
100%|██████████| 4/4 [00:01<00:00,  3.26it/s]




  0%|          | 0/4 [00:00<?, ?it/s][A[A[A
100%|██████████| 4/4 [00:01<00:00,  3.25it/s]



Memory Creation loop:  17%|█▋        | 724/4293 [22:16<1:49:36,  1.84s/it][A[A



  0%|          | 0/4 [00:00<?, ?it/s][A[A[A
100%|██████████| 4/4 [00:01<00:00,  3.26it/s]




  0%|          | 0/4 [00:00<?, ?it/s][A[A[A
100%|██████████| 4/4 [00:01<00:00,  3.25it/s]




  0%|          | 0/4 [00:00<?, ?it/s][A[A[A
100%|██████████| 4/4 [00:01<00:00,  3.25it/s]




  0%|          | 0/4 [00:00<?, ?it/s][A[A[A
100%|██████████| 4/4 [00:01<00:00,  3.23it/s]




  0%|          | 0/4 [00:00<?, ?it/s][A[A[A
100%|██████████| 4/4 [00:01<00:00,  3.26it/s]




  0%|          | 0/4 [00:00<?, ?it/s][A[A[A
100%|██████████| 4/4 [00:01<00:00,  3.27it/s]



Memory Creation loop:  17%|█▋        | 730/4293 [22:27<1:49:24,  1.84s/it][A[A



  0%|          | 0/4 [00:00<?, ?it/s][A[A[A
100%|██████████| 4/4 [00:01<00:00,  3.27it/s]




  0%|          | 0/4 [00:00<?, ?it/s][A[A[A
100%|██████████| 4/4 [00:01<00:00,  3.26it/s]




  0%|          | 0/4 [00:00<?, ?it/s][A[A[A
100%|██████████| 4/4 [00:01<00:00,  3.25it/s]




  0%|          | 0/4 [00:00<?, ?it/s][A[A[A
100%|██████████| 4/4 [00:01<00:00,  3.25it/s]




  0%|          | 0/4 [00:00<?, ?it/s][A[A[A
100%|██████████| 4/4 [00:01<00:00,  3.25it/s]




  0%|          | 0/4 [00:00<?, ?it/s][A[A[A
100%|██████████| 4/4 [00:01<00:00,  3.25it/s]



Memory Creation loop:  17%|█▋        | 736/4293 [22:38<1:49:13,  1.84s/it][A[A



  0%|          | 0/4 [00:00<?, ?it/s][A[A[A
100%|██████████| 4/4 [00:01<00:00,  3.26it/s]




  0%|          | 0/4 [00:00<?, ?it/s][A[A[A
100%|██████████| 4/4 [00:01<00:00,  3.25it/s]




  0%|          | 0/4 [00:00<?, ?it/s][A[A[A
100%|██████████| 4/4 [00:01<00:00,  3.26it/s]




  0%|          | 0/4 [00:00<?, ?it/s][A[A[A
100%|██████████| 4/4 [00:01<00:00,  3.24it/s]




  0%|          | 0/4 [00:00<?, ?it/s][A[A[A
100%|██████████| 4/4 [00:01<00:00,  3.26it/s]




  0%|          | 0/4 [00:00<?, ?it/s][A[A[A
100%|██████████| 4/4 [00:01<00:00,  3.27it/s]



Memory Creation loop:  17%|█▋        | 742/4293 [22:49<1:49:04,  1.84s/it][A[A



  0%|          | 0/4 [00:00<?, ?it/s][A[A[A
100%|██████████| 4/4 [00:01<00:00,  3.26it/s]




  0%|          | 0/4 [00:00<?, ?it/s][A[A[A
100%|██████████| 4/4 [00:01<00:00,  3.25it/s]




  0%|          | 0/4 [00:00<?, ?it/s][A[A[A
100%|██████████| 4/4 [00:01<00:00,  3.26it/s]




  0%|          | 0/4 [00:00<?, ?it/s][A[A[A
100%|██████████| 4/4 [00:01<00:00,  3.25it/s]




  0%|          | 0/4 [00:00<?, ?it/s][A[A[A
100%|██████████| 4/4 [00:01<00:00,  3.26it/s]




  0%|          | 0/4 [00:00<?, ?it/s][A[A[A
100%|██████████| 4/4 [00:01<00:00,  3.25it/s]



Memory Creation loop:  17%|█▋        | 748/4293 [23:00<1:48:56,  1.84s/it][A[A



  0%|          | 0/4 [00:00<?, ?it/s][A[A[A
100%|██████████| 4/4 [00:01<00:00,  3.26it/s]




  0%|          | 0/4 [00:00<?, ?it/s][A[A[A
100%|██████████| 4/4 [00:01<00:00,  3.26it/s]




  0%|          | 0/4 [00:00<?, ?it/s][A[A[A
100%|██████████| 4/4 [00:01<00:00,  3.25it/s]




  0%|          | 0/4 [00:00<?, ?it/s][A[A[A
100%|██████████| 4/4 [00:01<00:00,  3.25it/s]




  0%|          | 0/4 [00:00<?, ?it/s][A[A[A
100%|██████████| 4/4 [00:01<00:00,  3.25it/s]




  0%|          | 0/4 [00:00<?, ?it/s][A[A[A
100%|██████████| 4/4 [00:01<00:00,  3.25it/s]



Memory Creation loop:  18%|█▊        | 754/4293 [23:11<1:48:44,  1.84s/it][A[A



  0%|          | 0/4 [00:00<?, ?it/s][A[A[A
100%|██████████| 4/4 [00:01<00:00,  3.26it/s]




  0%|          | 0/4 [00:00<?, ?it/s][A[A[A
100%|██████████| 4/4 [00:01<00:00,  3.25it/s]




  0%|          | 0/4 [00:00<?, ?it/s][A[A[A
100%|██████████| 4/4 [00:01<00:00,  3.27it/s]




  0%|          | 0/4 [00:00<?, ?it/s][A[A[A
100%|██████████| 4/4 [00:01<00:00,  3.26it/s]




  0%|          | 0/4 [00:00<?, ?it/s][A[A[A
100%|██████████| 4/4 [00:01<00:00,  3.25it/s]




  0%|          | 0/4 [00:00<?, ?it/s][A[A[A


Memory Creation loop:  18%|█▊        | 754/4293 [23:22<1:48:44,  1.84s/it][A[A
100%|██████████| 4/4 [00:01<00:00,  3.25it/s]



Memory Creation loop:  18%|█▊        | 760/4293 [23:22<1:48:29,  1.84s/it][A[A



  0%|          | 0/4 [00:00<?, ?it/s][A[A[A
100%|██████████| 4/4 [00:01<00:00,  3.25it/s]




  0%|          | 0/4 [00:00<?, ?it/s][A[A[A
100%|██████████| 4/4 [00:01<00:00,  3.25it/s]




  0%|          | 0/4 [00:00<?, ?it/s][A[A[A
100%|██████████| 4/4 [00:01<00:00,  3.27it/s]




  0%|          | 0/4 [00:00<?, ?it/s][A[A[A
100%|██████████| 4/4 [00:01<00:00,  3.25it/s]




  0%|          | 0/4 [00:00<?, ?it/s][A[A[A
100%|██████████| 4/4 [00:01<00:00,  3.26it/s]




  0%|          | 0/4 [00:00<?, ?it/s][A[A[A
100%|██████████| 4/4 [00:01<00:00,  3.26it/s]



Memory Creation loop:  18%|█▊        | 766/4293 [23:34<1:48:19,  1.84s/it][A[A



  0%|          | 0/4 [00:00<?, ?it/s][A[A[A
100%|██████████| 4/4 [00:01<00:00,  3.26it/s]




  0%|          | 0/4 [00:00<?, ?it/s][A[A[A
100%|██████████| 4/4 [00:01<00:00,  3.25it/s]




  0%|          | 0/4 [00:00<?, ?it/s][A[A[A
100%|██████████| 4/4 [00:01<00:00,  3.26it/s]




  0%|          | 0/4 [00:00<?, ?it/s][A[A[A
100%|██████████| 4/4 [00:01<00:00,  3.26it/s]




  0%|          | 0/4 [00:00<?, ?it/s][A[A[A
100%|██████████| 4/4 [00:01<00:00,  3.26it/s]




  0%|          | 0/4 [00:00<?, ?it/s][A[A[A
100%|██████████| 4/4 [00:01<00:00,  3.25it/s]



Memory Creation loop:  18%|█▊        | 772/4293 [23:45<1:48:06,  1.84s/it][A[A



  0%|          | 0/4 [00:00<?, ?it/s][A[A[A
100%|██████████| 4/4 [00:01<00:00,  3.26it/s]




  0%|          | 0/4 [00:00<?, ?it/s][A[A[A
100%|██████████| 4/4 [00:01<00:00,  3.26it/s]




  0%|          | 0/4 [00:00<?, ?it/s][A[A[A
100%|██████████| 4/4 [00:01<00:00,  3.26it/s]




  0%|          | 0/4 [00:00<?, ?it/s][A[A[A
100%|██████████| 4/4 [00:01<00:00,  3.25it/s]




  0%|          | 0/4 [00:00<?, ?it/s][A[A[A
100%|██████████| 4/4 [00:01<00:00,  3.25it/s]




  0%|          | 0/4 [00:00<?, ?it/s][A[A[A
100%|██████████| 4/4 [00:01<00:00,  3.25it/s]



Memory Creation loop:  18%|█▊        | 778/4293 [23:56<1:47:56,  1.84s/it][A[A



  0%|          | 0/4 [00:00<?, ?it/s][A[A[A
100%|██████████| 4/4 [00:01<00:00,  3.25it/s]




  0%|          | 0/4 [00:00<?, ?it/s][A[A[A
100%|██████████| 4/4 [00:01<00:00,  3.25it/s]




  0%|          | 0/4 [00:00<?, ?it/s][A[A[A
100%|██████████| 4/4 [00:01<00:00,  3.27it/s]




  0%|          | 0/4 [00:00<?, ?it/s][A[A[A
100%|██████████| 4/4 [00:01<00:00,  3.26it/s]




  0%|          | 0/4 [00:00<?, ?it/s][A[A[A
100%|██████████| 4/4 [00:01<00:00,  3.24it/s]




  0%|          | 0/4 [00:00<?, ?it/s][A[A[A
100%|██████████| 4/4 [00:01<00:00,  3.24it/s]



Memory Creation loop:  18%|█▊        | 784/4293 [24:07<1:47:49,  1.84s/it][A[A



  0%|          | 0/4 [00:00<?, ?it/s][A[A[A
100%|██████████| 4/4 [00:01<00:00,  3.26it/s]




  0%|          | 0/4 [00:00<?, ?it/s][A[A[A
100%|██████████| 4/4 [00:01<00:00,  3.25it/s]




  0%|          | 0/4 [00:00<?, ?it/s][A[A[A
100%|██████████| 4/4 [00:01<00:00,  3.26it/s]




  0%|          | 0/4 [00:00<?, ?it/s][A[A[A
100%|██████████| 4/4 [00:01<00:00,  3.25it/s]




  0%|          | 0/4 [00:00<?, ?it/s][A[A[A
100%|██████████| 4/4 [00:01<00:00,  3.26it/s]




  0%|          | 0/4 [00:00<?, ?it/s][A[A[A
100%|██████████| 4/4 [00:01<00:00,  3.26it/s]



Memory Creation loop:  18%|█▊        | 790/4293 [24:18<1:47:37,  1.84s/it][A[A



  0%|          | 0/4 [00:00<?, ?it/s][A[A[A
100%|██████████| 4/4 [00:01<00:00,  3.25it/s]




  0%|          | 0/4 [00:00<?, ?it/s][A[A[A
100%|██████████| 4/4 [00:01<00:00,  3.25it/s]




  0%|          | 0/4 [00:00<?, ?it/s][A[A[A
100%|██████████| 4/4 [00:01<00:00,  3.26it/s]




  0%|          | 0/4 [00:00<?, ?it/s][A[A[A
100%|██████████| 4/4 [00:01<00:00,  3.25it/s]




  0%|          | 0/4 [00:00<?, ?it/s][A[A[A
100%|██████████| 4/4 [00:01<00:00,  3.26it/s]




  0%|          | 0/4 [00:00<?, ?it/s][A[A[A
100%|██████████| 4/4 [00:01<00:00,  3.25it/s]



Memory Creation loop:  19%|█▊        | 796/4293 [24:29<1:47:25,  1.84s/it][A[A



  0%|          | 0/4 [00:00<?, ?it/s][A[A[A
100%|██████████| 4/4 [00:01<00:00,  3.27it/s]




  0%|          | 0/4 [00:00<?, ?it/s][A[A[A
100%|██████████| 4/4 [00:01<00:00,  3.26it/s]




  0%|          | 0/4 [00:00<?, ?it/s][A[A[A
100%|██████████| 4/4 [00:01<00:00,  3.25it/s]




  0%|          | 0/4 [00:00<?, ?it/s][A[A[A
100%|██████████| 4/4 [00:01<00:00,  3.24it/s]




  0%|          | 0/4 [00:00<?, ?it/s][A[A[A
100%|██████████| 4/4 [00:01<00:00,  3.26it/s]




  0%|          | 0/4 [00:00<?, ?it/s][A[A[A
100%|██████████| 4/4 [00:01<00:00,  3.25it/s]



Memory Creation loop:  19%|█▊        | 802/4293 [24:40<1:47:15,  1.84s/it][A[A



  0%|          | 0/4 [00:00<?, ?it/s][A[A[A
100%|██████████| 4/4 [00:01<00:00,  3.26it/s]




  0%|          | 0/4 [00:00<?, ?it/s][A[A[A
100%|██████████| 4/4 [00:01<00:00,  3.24it/s]




  0%|          | 0/4 [00:00<?, ?it/s][A[A[A
100%|██████████| 4/4 [00:01<00:00,  3.26it/s]




  0%|          | 0/4 [00:00<?, ?it/s][A[A[A
100%|██████████| 4/4 [00:01<00:00,  3.26it/s]




  0%|          | 0/4 [00:00<?, ?it/s][A[A[A
100%|██████████| 4/4 [00:01<00:00,  3.24it/s]




  0%|          | 0/4 [00:00<?, ?it/s][A[A[A
100%|██████████| 4/4 [00:01<00:00,  3.25it/s]



Memory Creation loop:  19%|█▉        | 808/4293 [24:51<1:47:04,  1.84s/it][A[A



  0%|          | 0/4 [00:00<?, ?it/s][A[A[A
100%|██████████| 4/4 [00:01<00:00,  3.26it/s]




  0%|          | 0/4 [00:00<?, ?it/s][A[A[A
100%|██████████| 4/4 [00:01<00:00,  3.25it/s]




  0%|          | 0/4 [00:00<?, ?it/s][A[A[A
100%|██████████| 4/4 [00:01<00:00,  3.25it/s]




  0%|          | 0/4 [00:00<?, ?it/s][A[A[A
100%|██████████| 4/4 [00:01<00:00,  3.24it/s]




  0%|          | 0/4 [00:00<?, ?it/s][A[A[A
100%|██████████| 4/4 [00:01<00:00,  3.26it/s]




  0%|          | 0/4 [00:00<?, ?it/s][A[A[A
100%|██████████| 4/4 [00:01<00:00,  3.27it/s]



Memory Creation loop:  19%|█▉        | 814/4293 [25:02<1:46:50,  1.84s/it][A[A



  0%|          | 0/4 [00:00<?, ?it/s][A[A[A
100%|██████████| 4/4 [00:01<00:00,  3.26it/s]




  0%|          | 0/4 [00:00<?, ?it/s][A[A[A
100%|██████████| 4/4 [00:01<00:00,  3.25it/s]




  0%|          | 0/4 [00:00<?, ?it/s][A[A[A
100%|██████████| 4/4 [00:01<00:00,  3.26it/s]




  0%|          | 0/4 [00:00<?, ?it/s][A[A[A
100%|██████████| 4/4 [00:01<00:00,  3.25it/s]




  0%|          | 0/4 [00:00<?, ?it/s][A[A[A
100%|██████████| 4/4 [00:01<00:00,  3.26it/s]




  0%|          | 0/4 [00:00<?, ?it/s][A[A[A


Memory Creation loop:  19%|█▉        | 814/4293 [25:12<1:46:50,  1.84s/it][A[A
100%|██████████| 4/4 [00:01<00:00,  3.24it/s]



Memory Creation loop:  19%|█▉        | 820/4293 [25:13<1:46:40,  1.84s/it][A[A



  0%|          | 0/4 [00:00<?, ?it/s][A[A[A
100%|██████████| 4/4 [00:01<00:00,  3.26it/s]




  0%|          | 0/4 [00:00<?, ?it/s][A[A[A
100%|██████████| 4/4 [00:01<00:00,  3.27it/s]




  0%|          | 0/4 [00:00<?, ?it/s][A[A[A
100%|██████████| 4/4 [00:01<00:00,  3.26it/s]




  0%|          | 0/4 [00:00<?, ?it/s][A[A[A
100%|██████████| 4/4 [00:01<00:00,  3.25it/s]




  0%|          | 0/4 [00:00<?, ?it/s][A[A[A
100%|██████████| 4/4 [00:01<00:00,  3.25it/s]




  0%|          | 0/4 [00:00<?, ?it/s][A[A[A
100%|██████████| 4/4 [00:01<00:00,  3.25it/s]



Memory Creation loop:  19%|█▉        | 826/4293 [25:24<1:46:25,  1.84s/it][A[A



  0%|          | 0/4 [00:00<?, ?it/s][A[A[A
100%|██████████| 4/4 [00:01<00:00,  3.25it/s]




  0%|          | 0/4 [00:00<?, ?it/s][A[A[A
100%|██████████| 4/4 [00:01<00:00,  3.25it/s]




  0%|          | 0/4 [00:00<?, ?it/s][A[A[A
100%|██████████| 4/4 [00:01<00:00,  3.27it/s]




  0%|          | 0/4 [00:00<?, ?it/s][A[A[A
100%|██████████| 4/4 [00:01<00:00,  3.26it/s]




  0%|          | 0/4 [00:00<?, ?it/s][A[A[A
100%|██████████| 4/4 [00:01<00:00,  3.26it/s]




  0%|          | 0/4 [00:00<?, ?it/s][A[A[A
100%|██████████| 4/4 [00:01<00:00,  3.25it/s]



Memory Creation loop:  19%|█▉        | 832/4293 [25:35<1:46:11,  1.84s/it][A[A



  0%|          | 0/4 [00:00<?, ?it/s][A[A[A
100%|██████████| 4/4 [00:01<00:00,  3.27it/s]




  0%|          | 0/4 [00:00<?, ?it/s][A[A[A
100%|██████████| 4/4 [00:01<00:00,  3.27it/s]




  0%|          | 0/4 [00:00<?, ?it/s][A[A[A
100%|██████████| 4/4 [00:01<00:00,  3.27it/s]




  0%|          | 0/4 [00:00<?, ?it/s][A[A[A
100%|██████████| 4/4 [00:01<00:00,  3.26it/s]




  0%|          | 0/4 [00:00<?, ?it/s][A[A[A
100%|██████████| 4/4 [00:01<00:00,  3.28it/s]




  0%|          | 0/4 [00:00<?, ?it/s][A[A[A
100%|██████████| 4/4 [00:01<00:00,  3.27it/s]



Memory Creation loop:  20%|█▉        | 838/4293 [25:46<1:45:54,  1.84s/it][A[A



  0%|          | 0/4 [00:00<?, ?it/s][A[A[A
100%|██████████| 4/4 [00:01<00:00,  3.25it/s]




  0%|          | 0/4 [00:00<?, ?it/s][A[A[A
100%|██████████| 4/4 [00:01<00:00,  3.27it/s]




  0%|          | 0/4 [00:00<?, ?it/s][A[A[A
100%|██████████| 4/4 [00:01<00:00,  3.27it/s]




  0%|          | 0/4 [00:00<?, ?it/s][A[A[A
100%|██████████| 4/4 [00:01<00:00,  3.26it/s]




  0%|          | 0/4 [00:00<?, ?it/s][A[A[A
100%|██████████| 4/4 [00:01<00:00,  3.27it/s]




  0%|          | 0/4 [00:00<?, ?it/s][A[A[A
100%|██████████| 4/4 [00:01<00:00,  3.24it/s]



Memory Creation loop:  20%|█▉        | 844/4293 [25:57<1:45:43,  1.84s/it][A[A



  0%|          | 0/4 [00:00<?, ?it/s][A[A[A
100%|██████████| 4/4 [00:01<00:00,  3.26it/s]




  0%|          | 0/4 [00:00<?, ?it/s][A[A[A
100%|██████████| 4/4 [00:01<00:00,  3.25it/s]




  0%|          | 0/4 [00:00<?, ?it/s][A[A[A
100%|██████████| 4/4 [00:01<00:00,  3.25it/s]




  0%|          | 0/4 [00:00<?, ?it/s][A[A[A
100%|██████████| 4/4 [00:01<00:00,  3.25it/s]




  0%|          | 0/4 [00:00<?, ?it/s][A[A[A
100%|██████████| 4/4 [00:01<00:00,  3.26it/s]




  0%|          | 0/4 [00:00<?, ?it/s][A[A[A
100%|██████████| 4/4 [00:01<00:00,  3.26it/s]



Memory Creation loop:  20%|█▉        | 850/4293 [26:08<1:45:32,  1.84s/it][A[A



  0%|          | 0/4 [00:00<?, ?it/s][A[A[A
100%|██████████| 4/4 [00:01<00:00,  3.26it/s]




  0%|          | 0/4 [00:00<?, ?it/s][A[A[A
100%|██████████| 4/4 [00:01<00:00,  3.25it/s]




  0%|          | 0/4 [00:00<?, ?it/s][A[A[A
100%|██████████| 4/4 [00:01<00:00,  3.26it/s]




  0%|          | 0/4 [00:00<?, ?it/s][A[A[A
100%|██████████| 4/4 [00:01<00:00,  3.26it/s]




  0%|          | 0/4 [00:00<?, ?it/s][A[A[A
100%|██████████| 4/4 [00:01<00:00,  3.25it/s]




  0%|          | 0/4 [00:00<?, ?it/s][A[A[A
100%|██████████| 4/4 [00:01<00:00,  3.25it/s]



Memory Creation loop:  20%|█▉        | 856/4293 [26:19<1:45:24,  1.84s/it][A[A



  0%|          | 0/4 [00:00<?, ?it/s][A[A[A
100%|██████████| 4/4 [00:01<00:00,  3.26it/s]




  0%|          | 0/4 [00:00<?, ?it/s][A[A[A
100%|██████████| 4/4 [00:01<00:00,  3.25it/s]




  0%|          | 0/4 [00:00<?, ?it/s][A[A[A
100%|██████████| 4/4 [00:01<00:00,  3.25it/s]




  0%|          | 0/4 [00:00<?, ?it/s][A[A[A
100%|██████████| 4/4 [00:01<00:00,  3.24it/s]




  0%|          | 0/4 [00:00<?, ?it/s][A[A[A
100%|██████████| 4/4 [00:01<00:00,  3.26it/s]




  0%|          | 0/4 [00:00<?, ?it/s][A[A[A
100%|██████████| 4/4 [00:01<00:00,  3.25it/s]



Memory Creation loop:  20%|██        | 862/4293 [26:30<1:45:16,  1.84s/it][A[A



  0%|          | 0/4 [00:00<?, ?it/s][A[A[A
100%|██████████| 4/4 [00:01<00:00,  3.25it/s]




  0%|          | 0/4 [00:00<?, ?it/s][A[A[A
100%|██████████| 4/4 [00:01<00:00,  3.26it/s]




  0%|          | 0/4 [00:00<?, ?it/s][A[A[A
100%|██████████| 4/4 [00:01<00:00,  3.26it/s]




  0%|          | 0/4 [00:00<?, ?it/s][A[A[A
100%|██████████| 4/4 [00:01<00:00,  3.26it/s]




  0%|          | 0/4 [00:00<?, ?it/s][A[A[A
100%|██████████| 4/4 [00:01<00:00,  3.26it/s]




  0%|          | 0/4 [00:00<?, ?it/s][A[A[A
100%|██████████| 4/4 [00:01<00:00,  3.25it/s]



Memory Creation loop:  20%|██        | 868/4293 [26:41<1:45:03,  1.84s/it][A[A



  0%|          | 0/4 [00:00<?, ?it/s][A[A[A
100%|██████████| 4/4 [00:01<00:00,  3.27it/s]




  0%|          | 0/4 [00:00<?, ?it/s][A[A[A
100%|██████████| 4/4 [00:01<00:00,  3.26it/s]




  0%|          | 0/4 [00:00<?, ?it/s][A[A[A
100%|██████████| 4/4 [00:01<00:00,  3.26it/s]




  0%|          | 0/4 [00:00<?, ?it/s][A[A[A
100%|██████████| 4/4 [00:01<00:00,  3.25it/s]




  0%|          | 0/4 [00:00<?, ?it/s][A[A[A
100%|██████████| 4/4 [00:01<00:00,  3.26it/s]




  0%|          | 0/4 [00:00<?, ?it/s][A[A[A


Memory Creation loop:  20%|██        | 868/4293 [26:52<1:45:03,  1.84s/it][A[A
100%|██████████| 4/4 [00:01<00:00,  3.27it/s]



Memory Creation loop:  20%|██        | 874/4293 [26:52<1:44:49,  1.84s/it][A[A



  0%|          | 0/4 [00:00<?, ?it/s][A[A[A
100%|██████████| 4/4 [00:01<00:00,  3.26it/s]




  0%|          | 0/4 [00:00<?, ?it/s][A[A[A
100%|██████████| 4/4 [00:01<00:00,  3.25it/s]




  0%|          | 0/4 [00:00<?, ?it/s][A[A[A
100%|██████████| 4/4 [00:01<00:00,  3.26it/s]




  0%|          | 0/4 [00:00<?, ?it/s][A[A[A
100%|██████████| 4/4 [00:01<00:00,  3.26it/s]




  0%|          | 0/4 [00:00<?, ?it/s][A[A[A
100%|██████████| 4/4 [00:01<00:00,  3.25it/s]




  0%|          | 0/4 [00:00<?, ?it/s][A[A[A
100%|██████████| 4/4 [00:01<00:00,  3.25it/s]



Memory Creation loop:  20%|██        | 880/4293 [27:03<1:44:39,  1.84s/it][A[A



  0%|          | 0/4 [00:00<?, ?it/s][A[A[A
100%|██████████| 4/4 [00:01<00:00,  3.25it/s]




  0%|          | 0/4 [00:00<?, ?it/s][A[A[A
100%|██████████| 4/4 [00:01<00:00,  3.25it/s]




  0%|          | 0/4 [00:00<?, ?it/s][A[A[A
100%|██████████| 4/4 [00:01<00:00,  3.27it/s]




  0%|          | 0/4 [00:00<?, ?it/s][A[A[A
100%|██████████| 4/4 [00:01<00:00,  3.26it/s]




  0%|          | 0/4 [00:00<?, ?it/s][A[A[A
100%|██████████| 4/4 [00:01<00:00,  3.27it/s]




  0%|          | 0/4 [00:00<?, ?it/s][A[A[A
100%|██████████| 4/4 [00:01<00:00,  3.26it/s]



Memory Creation loop:  21%|██        | 886/4293 [27:14<1:44:27,  1.84s/it][A[A



  0%|          | 0/4 [00:00<?, ?it/s][A[A[A
100%|██████████| 4/4 [00:01<00:00,  3.25it/s]




  0%|          | 0/4 [00:00<?, ?it/s][A[A[A
100%|██████████| 4/4 [00:01<00:00,  3.25it/s]




  0%|          | 0/4 [00:00<?, ?it/s][A[A[A
100%|██████████| 4/4 [00:01<00:00,  3.26it/s]




  0%|          | 0/4 [00:00<?, ?it/s][A[A[A
100%|██████████| 4/4 [00:01<00:00,  3.26it/s]




  0%|          | 0/4 [00:00<?, ?it/s][A[A[A
100%|██████████| 4/4 [00:01<00:00,  3.25it/s]




  0%|          | 0/4 [00:00<?, ?it/s][A[A[A
100%|██████████| 4/4 [00:01<00:00,  3.24it/s]



Memory Creation loop:  21%|██        | 892/4293 [27:25<1:44:17,  1.84s/it][A[A



  0%|          | 0/4 [00:00<?, ?it/s][A[A[A
100%|██████████| 4/4 [00:01<00:00,  3.26it/s]




  0%|          | 0/4 [00:00<?, ?it/s][A[A[A
100%|██████████| 4/4 [00:01<00:00,  3.26it/s]




  0%|          | 0/4 [00:00<?, ?it/s][A[A[A
100%|██████████| 4/4 [00:01<00:00,  3.26it/s]




  0%|          | 0/4 [00:00<?, ?it/s][A[A[A
100%|██████████| 4/4 [00:01<00:00,  3.26it/s]




  0%|          | 0/4 [00:00<?, ?it/s][A[A[A
100%|██████████| 4/4 [00:01<00:00,  3.26it/s]




  0%|          | 0/4 [00:00<?, ?it/s][A[A[A
100%|██████████| 4/4 [00:01<00:00,  3.25it/s]



Memory Creation loop:  21%|██        | 898/4293 [27:37<1:44:07,  1.84s/it][A[A



  0%|          | 0/4 [00:00<?, ?it/s][A[A[A
100%|██████████| 4/4 [00:01<00:00,  3.25it/s]




  0%|          | 0/4 [00:00<?, ?it/s][A[A[A
100%|██████████| 4/4 [00:01<00:00,  3.24it/s]




  0%|          | 0/4 [00:00<?, ?it/s][A[A[A
100%|██████████| 4/4 [00:01<00:00,  3.26it/s]




  0%|          | 0/4 [00:00<?, ?it/s][A[A[A
100%|██████████| 4/4 [00:01<00:00,  3.26it/s]




  0%|          | 0/4 [00:00<?, ?it/s][A[A[A
100%|██████████| 4/4 [00:01<00:00,  3.25it/s]




  0%|          | 0/4 [00:00<?, ?it/s][A[A[A
100%|██████████| 4/4 [00:01<00:00,  3.25it/s]



Memory Creation loop:  21%|██        | 904/4293 [27:48<1:44:00,  1.84s/it][A[A



  0%|          | 0/4 [00:00<?, ?it/s][A[A[A
100%|██████████| 4/4 [00:01<00:00,  3.26it/s]




  0%|          | 0/4 [00:00<?, ?it/s][A[A[A
100%|██████████| 4/4 [00:01<00:00,  3.25it/s]




  0%|          | 0/4 [00:00<?, ?it/s][A[A[A
100%|██████████| 4/4 [00:01<00:00,  3.26it/s]




  0%|          | 0/4 [00:00<?, ?it/s][A[A[A
100%|██████████| 4/4 [00:01<00:00,  3.26it/s]




  0%|          | 0/4 [00:00<?, ?it/s][A[A[A
100%|██████████| 4/4 [00:01<00:00,  3.26it/s]




  0%|          | 0/4 [00:00<?, ?it/s][A[A[A
100%|██████████| 4/4 [00:01<00:00,  3.26it/s]



Memory Creation loop:  21%|██        | 910/4293 [27:59<1:43:53,  1.84s/it][A[A



  0%|          | 0/4 [00:00<?, ?it/s][A[A[A
100%|██████████| 4/4 [00:01<00:00,  3.25it/s]




  0%|          | 0/4 [00:00<?, ?it/s][A[A[A
100%|██████████| 4/4 [00:01<00:00,  3.25it/s]




  0%|          | 0/4 [00:00<?, ?it/s][A[A[A
100%|██████████| 4/4 [00:01<00:00,  3.25it/s]




  0%|          | 0/4 [00:00<?, ?it/s][A[A[A
100%|██████████| 4/4 [00:01<00:00,  3.25it/s]




  0%|          | 0/4 [00:00<?, ?it/s][A[A[A
100%|██████████| 4/4 [00:01<00:00,  3.26it/s]




  0%|          | 0/4 [00:00<?, ?it/s][A[A[A
100%|██████████| 4/4 [00:01<00:00,  3.23it/s]



Memory Creation loop:  21%|██▏       | 916/4293 [28:10<1:43:46,  1.84s/it][A[A



  0%|          | 0/4 [00:00<?, ?it/s][A[A[A
100%|██████████| 4/4 [00:01<00:00,  3.26it/s]




  0%|          | 0/4 [00:00<?, ?it/s][A[A[A
100%|██████████| 4/4 [00:01<00:00,  3.24it/s]




  0%|          | 0/4 [00:00<?, ?it/s][A[A[A
100%|██████████| 4/4 [00:01<00:00,  3.25it/s]




  0%|          | 0/4 [00:00<?, ?it/s][A[A[A
100%|██████████| 4/4 [00:01<00:00,  3.26it/s]




  0%|          | 0/4 [00:00<?, ?it/s][A[A[A
100%|██████████| 4/4 [00:01<00:00,  3.25it/s]




  0%|          | 0/4 [00:00<?, ?it/s][A[A[A
100%|██████████| 4/4 [00:01<00:00,  3.25it/s]



Memory Creation loop:  21%|██▏       | 922/4293 [28:21<1:43:34,  1.84s/it][A[A



  0%|          | 0/4 [00:00<?, ?it/s][A[A[A
100%|██████████| 4/4 [00:01<00:00,  3.28it/s]




  0%|          | 0/4 [00:00<?, ?it/s][A[A[A
100%|██████████| 4/4 [00:01<00:00,  3.25it/s]




  0%|          | 0/4 [00:00<?, ?it/s][A[A[A
100%|██████████| 4/4 [00:01<00:00,  3.26it/s]




  0%|          | 0/4 [00:00<?, ?it/s][A[A[A
100%|██████████| 4/4 [00:01<00:00,  3.25it/s]




  0%|          | 0/4 [00:00<?, ?it/s][A[A[A
100%|██████████| 4/4 [00:01<00:00,  3.27it/s]




  0%|          | 0/4 [00:00<?, ?it/s][A[A[A
100%|██████████| 4/4 [00:01<00:00,  3.26it/s]



Memory Creation loop:  22%|██▏       | 928/4293 [28:32<1:43:19,  1.84s/it][A[A



  0%|          | 0/4 [00:00<?, ?it/s][A[A[A
100%|██████████| 4/4 [00:01<00:00,  3.26it/s]




  0%|          | 0/4 [00:00<?, ?it/s][A[A[A
100%|██████████| 4/4 [00:01<00:00,  3.25it/s]




  0%|          | 0/4 [00:00<?, ?it/s][A[A[A
100%|██████████| 4/4 [00:01<00:00,  3.26it/s]




  0%|          | 0/4 [00:00<?, ?it/s][A[A[A
100%|██████████| 4/4 [00:01<00:00,  3.25it/s]




  0%|          | 0/4 [00:00<?, ?it/s][A[A[A
100%|██████████| 4/4 [00:01<00:00,  3.26it/s]




  0%|          | 0/4 [00:00<?, ?it/s][A[A[A


Memory Creation loop:  22%|██▏       | 928/4293 [28:42<1:43:19,  1.84s/it][A[A
100%|██████████| 4/4 [00:01<00:00,  3.26it/s]



Memory Creation loop:  22%|██▏       | 934/4293 [28:43<1:43:10,  1.84s/it][A[A



  0%|          | 0/4 [00:00<?, ?it/s][A[A[A
100%|██████████| 4/4 [00:01<00:00,  3.25it/s]




  0%|          | 0/4 [00:00<?, ?it/s][A[A[A
100%|██████████| 4/4 [00:01<00:00,  3.25it/s]




  0%|          | 0/4 [00:00<?, ?it/s][A[A[A
100%|██████████| 4/4 [00:01<00:00,  3.26it/s]




  0%|          | 0/4 [00:00<?, ?it/s][A[A[A
100%|██████████| 4/4 [00:01<00:00,  3.25it/s]




  0%|          | 0/4 [00:00<?, ?it/s][A[A[A
100%|██████████| 4/4 [00:01<00:00,  3.26it/s]




  0%|          | 0/4 [00:00<?, ?it/s][A[A[A
100%|██████████| 4/4 [00:01<00:00,  3.25it/s]



Memory Creation loop:  22%|██▏       | 940/4293 [28:54<1:42:59,  1.84s/it][A[A



  0%|          | 0/4 [00:00<?, ?it/s][A[A[A
100%|██████████| 4/4 [00:01<00:00,  3.26it/s]




  0%|          | 0/4 [00:00<?, ?it/s][A[A[A
100%|██████████| 4/4 [00:01<00:00,  3.26it/s]




  0%|          | 0/4 [00:00<?, ?it/s][A[A[A
100%|██████████| 4/4 [00:01<00:00,  3.27it/s]




  0%|          | 0/4 [00:00<?, ?it/s][A[A[A
100%|██████████| 4/4 [00:01<00:00,  3.26it/s]




  0%|          | 0/4 [00:00<?, ?it/s][A[A[A
100%|██████████| 4/4 [00:01<00:00,  3.26it/s]




  0%|          | 0/4 [00:00<?, ?it/s][A[A[A
100%|██████████| 4/4 [00:01<00:00,  3.26it/s]



Memory Creation loop:  22%|██▏       | 946/4293 [29:05<1:42:45,  1.84s/it][A[A



  0%|          | 0/4 [00:00<?, ?it/s][A[A[A
100%|██████████| 4/4 [00:01<00:00,  3.26it/s]




  0%|          | 0/4 [00:00<?, ?it/s][A[A[A
100%|██████████| 4/4 [00:01<00:00,  3.26it/s]




  0%|          | 0/4 [00:00<?, ?it/s][A[A[A
100%|██████████| 4/4 [00:01<00:00,  3.26it/s]




  0%|          | 0/4 [00:00<?, ?it/s][A[A[A
100%|██████████| 4/4 [00:01<00:00,  3.26it/s]




  0%|          | 0/4 [00:00<?, ?it/s][A[A[A
100%|██████████| 4/4 [00:01<00:00,  3.25it/s]




  0%|          | 0/4 [00:00<?, ?it/s][A[A[A
100%|██████████| 4/4 [00:01<00:00,  3.25it/s]



Memory Creation loop:  22%|██▏       | 952/4293 [29:16<1:42:36,  1.84s/it][A[A



  0%|          | 0/4 [00:00<?, ?it/s][A[A[A
100%|██████████| 4/4 [00:01<00:00,  3.24it/s]




  0%|          | 0/4 [00:00<?, ?it/s][A[A[A
100%|██████████| 4/4 [00:01<00:00,  3.26it/s]




  0%|          | 0/4 [00:00<?, ?it/s][A[A[A
100%|██████████| 4/4 [00:01<00:00,  3.25it/s]




  0%|          | 0/4 [00:00<?, ?it/s][A[A[A
100%|██████████| 4/4 [00:01<00:00,  3.26it/s]




  0%|          | 0/4 [00:00<?, ?it/s][A[A[A
100%|██████████| 4/4 [00:01<00:00,  3.25it/s]




  0%|          | 0/4 [00:00<?, ?it/s][A[A[A
100%|██████████| 4/4 [00:01<00:00,  3.26it/s]



Memory Creation loop:  22%|██▏       | 958/4293 [29:27<1:42:26,  1.84s/it][A[A



  0%|          | 0/4 [00:00<?, ?it/s][A[A[A
100%|██████████| 4/4 [00:01<00:00,  3.27it/s]




  0%|          | 0/4 [00:00<?, ?it/s][A[A[A
100%|██████████| 4/4 [00:01<00:00,  3.26it/s]




  0%|          | 0/4 [00:00<?, ?it/s][A[A[A
100%|██████████| 4/4 [00:01<00:00,  3.26it/s]




  0%|          | 0/4 [00:00<?, ?it/s][A[A[A
100%|██████████| 4/4 [00:01<00:00,  3.25it/s]




  0%|          | 0/4 [00:00<?, ?it/s][A[A[A
100%|██████████| 4/4 [00:01<00:00,  3.26it/s]




  0%|          | 0/4 [00:00<?, ?it/s][A[A[A
100%|██████████| 4/4 [00:01<00:00,  3.24it/s]



Memory Creation loop:  22%|██▏       | 964/4293 [29:38<1:42:14,  1.84s/it][A[A



  0%|          | 0/4 [00:00<?, ?it/s][A[A[A
100%|██████████| 4/4 [00:01<00:00,  3.26it/s]




  0%|          | 0/4 [00:00<?, ?it/s][A[A[A
100%|██████████| 4/4 [00:01<00:00,  3.26it/s]




  0%|          | 0/4 [00:00<?, ?it/s][A[A[A
100%|██████████| 4/4 [00:01<00:00,  3.24it/s]




  0%|          | 0/4 [00:00<?, ?it/s][A[A[A
100%|██████████| 4/4 [00:01<00:00,  3.25it/s]




  0%|          | 0/4 [00:00<?, ?it/s][A[A[A
100%|██████████| 4/4 [00:01<00:00,  3.26it/s]




  0%|          | 0/4 [00:00<?, ?it/s][A[A[A
100%|██████████| 4/4 [00:01<00:00,  3.25it/s]



Memory Creation loop:  23%|██▎       | 970/4293 [29:49<1:42:04,  1.84s/it][A[A



  0%|          | 0/4 [00:00<?, ?it/s][A[A[A
100%|██████████| 4/4 [00:01<00:00,  3.25it/s]




  0%|          | 0/4 [00:00<?, ?it/s][A[A[A
100%|██████████| 4/4 [00:01<00:00,  3.25it/s]




  0%|          | 0/4 [00:00<?, ?it/s][A[A[A
100%|██████████| 4/4 [00:01<00:00,  3.26it/s]




  0%|          | 0/4 [00:00<?, ?it/s][A[A[A
100%|██████████| 4/4 [00:01<00:00,  3.25it/s]




  0%|          | 0/4 [00:00<?, ?it/s][A[A[A
100%|██████████| 4/4 [00:01<00:00,  3.24it/s]




  0%|          | 0/4 [00:00<?, ?it/s][A[A[A
100%|██████████| 4/4 [00:01<00:00,  3.24it/s]



Memory Creation loop:  23%|██▎       | 976/4293 [30:00<1:41:53,  1.84s/it][A[A



  0%|          | 0/4 [00:00<?, ?it/s][A[A[A
100%|██████████| 4/4 [00:01<00:00,  3.26it/s]




  0%|          | 0/4 [00:00<?, ?it/s][A[A[A
100%|██████████| 4/4 [00:01<00:00,  3.26it/s]




  0%|          | 0/4 [00:00<?, ?it/s][A[A[A
100%|██████████| 4/4 [00:01<00:00,  3.25it/s]




  0%|          | 0/4 [00:00<?, ?it/s][A[A[A
100%|██████████| 4/4 [00:01<00:00,  3.25it/s]




  0%|          | 0/4 [00:00<?, ?it/s][A[A[A
100%|██████████| 4/4 [00:01<00:00,  3.27it/s]




  0%|          | 0/4 [00:00<?, ?it/s][A[A[A
100%|██████████| 4/4 [00:01<00:00,  3.27it/s]



Memory Creation loop:  23%|██▎       | 982/4293 [30:11<1:41:40,  1.84s/it][A[A



  0%|          | 0/4 [00:00<?, ?it/s][A[A[A
100%|██████████| 4/4 [00:01<00:00,  3.25it/s]




  0%|          | 0/4 [00:00<?, ?it/s][A[A[A
100%|██████████| 4/4 [00:01<00:00,  3.25it/s]




  0%|          | 0/4 [00:00<?, ?it/s][A[A[A
100%|██████████| 4/4 [00:01<00:00,  3.26it/s]




  0%|          | 0/4 [00:00<?, ?it/s][A[A[A
100%|██████████| 4/4 [00:01<00:00,  3.26it/s]




  0%|          | 0/4 [00:00<?, ?it/s][A[A[A
100%|██████████| 4/4 [00:01<00:00,  3.26it/s]




  0%|          | 0/4 [00:00<?, ?it/s][A[A[A


Memory Creation loop:  23%|██▎       | 982/4293 [30:22<1:41:40,  1.84s/it][A[A
100%|██████████| 4/4 [00:01<00:00,  3.24it/s]



Memory Creation loop:  23%|██▎       | 988/4293 [30:22<1:41:31,  1.84s/it][A[A



  0%|          | 0/4 [00:00<?, ?it/s][A[A[A
100%|██████████| 4/4 [00:01<00:00,  3.26it/s]




  0%|          | 0/4 [00:00<?, ?it/s][A[A[A
100%|██████████| 4/4 [00:01<00:00,  3.25it/s]




  0%|          | 0/4 [00:00<?, ?it/s][A[A[A
100%|██████████| 4/4 [00:01<00:00,  3.25it/s]




  0%|          | 0/4 [00:00<?, ?it/s][A[A[A
100%|██████████| 4/4 [00:01<00:00,  3.25it/s]




  0%|          | 0/4 [00:00<?, ?it/s][A[A[A
100%|██████████| 4/4 [00:01<00:00,  3.25it/s]




  0%|          | 0/4 [00:00<?, ?it/s][A[A[A
100%|██████████| 4/4 [00:01<00:00,  3.24it/s]



Memory Creation loop:  23%|██▎       | 994/4293 [30:33<1:41:20,  1.84s/it][A[A



  0%|          | 0/4 [00:00<?, ?it/s][A[A[A
100%|██████████| 4/4 [00:01<00:00,  3.25it/s]




  0%|          | 0/4 [00:00<?, ?it/s][A[A[A
100%|██████████| 4/4 [00:01<00:00,  3.25it/s]




  0%|          | 0/4 [00:00<?, ?it/s][A[A[A
100%|██████████| 4/4 [00:01<00:00,  3.27it/s]




  0%|          | 0/4 [00:00<?, ?it/s][A[A[A
100%|██████████| 4/4 [00:01<00:00,  3.27it/s]




  0%|          | 0/4 [00:00<?, ?it/s][A[A[A
100%|██████████| 4/4 [00:01<00:00,  3.25it/s]




  0%|          | 0/4 [00:00<?, ?it/s][A[A[A
100%|██████████| 4/4 [00:01<00:00,  3.25it/s]



Memory Creation loop:  23%|██▎       | 1000/4293 [30:45<1:41:07,  1.84s/it][A[A



  0%|          | 0/4 [00:00<?, ?it/s][A[A[A
100%|██████████| 4/4 [00:01<00:00,  3.25it/s]




  0%|          | 0/4 [00:00<?, ?it/s][A[A[A
100%|██████████| 4/4 [00:01<00:00,  3.25it/s]




  0%|          | 0/4 [00:00<?, ?it/s][A[A[A
100%|██████████| 4/4 [00:01<00:00,  3.26it/s]




  0%|          | 0/4 [00:00<?, ?it/s][A[A[A
100%|██████████| 4/4 [00:01<00:00,  3.26it/s]




  0%|          | 0/4 [00:00<?, ?it/s][A[A[A
100%|██████████| 4/4 [00:01<00:00,  3.26it/s]




  0%|          | 0/4 [00:00<?, ?it/s][A[A[A
100%|██████████| 4/4 [00:01<00:00,  3.27it/s]



Memory Creation loop:  23%|██▎       | 1006/4293 [30:56<1:40:53,  1.84s/it][A[A



  0%|          | 0/4 [00:00<?, ?it/s][A[A[A
100%|██████████| 4/4 [00:01<00:00,  3.26it/s]




  0%|          | 0/4 [00:00<?, ?it/s][A[A[A
100%|██████████| 4/4 [00:01<00:00,  3.25it/s]




  0%|          | 0/4 [00:00<?, ?it/s][A[A[A
100%|██████████| 4/4 [00:01<00:00,  3.26it/s]




  0%|          | 0/4 [00:00<?, ?it/s][A[A[A
100%|██████████| 4/4 [00:01<00:00,  3.25it/s]




  0%|          | 0/4 [00:00<?, ?it/s][A[A[A
100%|██████████| 4/4 [00:01<00:00,  3.26it/s]




  0%|          | 0/4 [00:00<?, ?it/s][A[A[A
100%|██████████| 4/4 [00:01<00:00,  3.25it/s]



Memory Creation loop:  24%|██▎       | 1012/4293 [31:07<1:40:44,  1.84s/it][A[A



  0%|          | 0/4 [00:00<?, ?it/s][A[A[A
100%|██████████| 4/4 [00:01<00:00,  3.27it/s]




  0%|          | 0/4 [00:00<?, ?it/s][A[A[A
100%|██████████| 4/4 [00:01<00:00,  3.26it/s]




  0%|          | 0/4 [00:00<?, ?it/s][A[A[A
100%|██████████| 4/4 [00:01<00:00,  3.26it/s]




  0%|          | 0/4 [00:00<?, ?it/s][A[A[A
100%|██████████| 4/4 [00:01<00:00,  3.25it/s]




  0%|          | 0/4 [00:00<?, ?it/s][A[A[A
100%|██████████| 4/4 [00:01<00:00,  3.25it/s]




  0%|          | 0/4 [00:00<?, ?it/s][A[A[A
100%|██████████| 4/4 [00:01<00:00,  3.26it/s]



Memory Creation loop:  24%|██▎       | 1018/4293 [31:18<1:40:31,  1.84s/it][A[A



  0%|          | 0/4 [00:00<?, ?it/s][A[A[A
100%|██████████| 4/4 [00:01<00:00,  3.26it/s]




  0%|          | 0/4 [00:00<?, ?it/s][A[A[A
100%|██████████| 4/4 [00:01<00:00,  3.25it/s]




  0%|          | 0/4 [00:00<?, ?it/s][A[A[A
100%|██████████| 4/4 [00:01<00:00,  3.26it/s]




  0%|          | 0/4 [00:00<?, ?it/s][A[A[A
100%|██████████| 4/4 [00:01<00:00,  3.18it/s]




  0%|          | 0/4 [00:00<?, ?it/s][A[A[A
100%|██████████| 4/4 [00:01<00:00,  3.26it/s]




  0%|          | 0/4 [00:00<?, ?it/s][A[A[A
100%|██████████| 4/4 [00:01<00:00,  3.25it/s]



Memory Creation loop:  24%|██▍       | 1024/4293 [31:29<1:40:25,  1.84s/it][A[A



  0%|          | 0/4 [00:00<?, ?it/s][A[A[A
100%|██████████| 4/4 [00:01<00:00,  3.26it/s]




  0%|          | 0/4 [00:00<?, ?it/s][A[A[A
100%|██████████| 4/4 [00:01<00:00,  3.25it/s]




  0%|          | 0/4 [00:00<?, ?it/s][A[A[A
100%|██████████| 4/4 [00:01<00:00,  3.25it/s]




  0%|          | 0/4 [00:00<?, ?it/s][A[A[A
100%|██████████| 4/4 [00:01<00:00,  3.25it/s]




  0%|          | 0/4 [00:00<?, ?it/s][A[A[A
100%|██████████| 4/4 [00:01<00:00,  3.26it/s]




  0%|          | 0/4 [00:00<?, ?it/s][A[A[A
100%|██████████| 4/4 [00:01<00:00,  3.27it/s]



Memory Creation loop:  24%|██▍       | 1030/4293 [31:40<1:40:15,  1.84s/it][A[A



  0%|          | 0/4 [00:00<?, ?it/s][A[A[A
100%|██████████| 4/4 [00:01<00:00,  3.24it/s]




  0%|          | 0/4 [00:00<?, ?it/s][A[A[A
100%|██████████| 4/4 [00:01<00:00,  3.25it/s]




  0%|          | 0/4 [00:00<?, ?it/s][A[A[A
100%|██████████| 4/4 [00:01<00:00,  3.26it/s]




  0%|          | 0/4 [00:00<?, ?it/s][A[A[A
100%|██████████| 4/4 [00:01<00:00,  3.24it/s]




  0%|          | 0/4 [00:00<?, ?it/s][A[A[A
100%|██████████| 4/4 [00:01<00:00,  3.25it/s]




  0%|          | 0/4 [00:00<?, ?it/s][A[A[A
100%|██████████| 4/4 [00:01<00:00,  3.24it/s]



Memory Creation loop:  24%|██▍       | 1036/4293 [31:51<1:40:05,  1.84s/it][A[A



  0%|          | 0/4 [00:00<?, ?it/s][A[A[A
100%|██████████| 4/4 [00:01<00:00,  3.26it/s]




  0%|          | 0/4 [00:00<?, ?it/s][A[A[A
100%|██████████| 4/4 [00:01<00:00,  3.26it/s]




  0%|          | 0/4 [00:00<?, ?it/s][A[A[A
100%|██████████| 4/4 [00:01<00:00,  3.25it/s]




  0%|          | 0/4 [00:00<?, ?it/s][A[A[A
100%|██████████| 4/4 [00:01<00:00,  3.26it/s]




  0%|          | 0/4 [00:00<?, ?it/s][A[A[A
100%|██████████| 4/4 [00:01<00:00,  3.25it/s]




  0%|          | 0/4 [00:00<?, ?it/s][A[A[A
100%|██████████| 4/4 [00:01<00:00,  3.23it/s]



Memory Creation loop:  24%|██▍       | 1042/4293 [32:02<1:39:54,  1.84s/it][A[A



  0%|          | 0/4 [00:00<?, ?it/s][A[A[A
100%|██████████| 4/4 [00:01<00:00,  3.25it/s]




  0%|          | 0/4 [00:00<?, ?it/s][A[A[A
100%|██████████| 4/4 [00:01<00:00,  3.25it/s]




  0%|          | 0/4 [00:00<?, ?it/s][A[A[A
100%|██████████| 4/4 [00:01<00:00,  3.26it/s]




  0%|          | 0/4 [00:00<?, ?it/s][A[A[A
100%|██████████| 4/4 [00:01<00:00,  3.26it/s]




  0%|          | 0/4 [00:00<?, ?it/s][A[A[A
100%|██████████| 4/4 [00:01<00:00,  3.25it/s]




  0%|          | 0/4 [00:00<?, ?it/s][A[A[A


Memory Creation loop:  24%|██▍       | 1042/4293 [32:12<1:39:54,  1.84s/it][A[A
100%|██████████| 4/4 [00:01<00:00,  3.25it/s]



Memory Creation loop:  24%|██▍       | 1048/4293 [32:13<1:39:40,  1.84s/it][A[A



  0%|          | 0/4 [00:00<?, ?it/s][A[A[A
100%|██████████| 4/4 [00:01<00:00,  3.26it/s]




  0%|          | 0/4 [00:00<?, ?it/s][A[A[A
100%|██████████| 4/4 [00:01<00:00,  3.25it/s]




  0%|          | 0/4 [00:00<?, ?it/s][A[A[A
100%|██████████| 4/4 [00:01<00:00,  3.26it/s]




  0%|          | 0/4 [00:00<?, ?it/s][A[A[A
100%|██████████| 4/4 [00:01<00:00,  3.25it/s]




  0%|          | 0/4 [00:00<?, ?it/s][A[A[A
100%|██████████| 4/4 [00:01<00:00,  3.26it/s]




  0%|          | 0/4 [00:00<?, ?it/s][A[A[A
100%|██████████| 4/4 [00:01<00:00,  3.25it/s]



Memory Creation loop:  25%|██▍       | 1054/4293 [32:24<1:39:27,  1.84s/it][A[A



  0%|          | 0/4 [00:00<?, ?it/s][A[A[A
100%|██████████| 4/4 [00:01<00:00,  3.26it/s]




  0%|          | 0/4 [00:00<?, ?it/s][A[A[A
100%|██████████| 4/4 [00:01<00:00,  3.25it/s]




  0%|          | 0/4 [00:00<?, ?it/s][A[A[A
100%|██████████| 4/4 [00:01<00:00,  3.26it/s]




  0%|          | 0/4 [00:00<?, ?it/s][A[A[A
100%|██████████| 4/4 [00:01<00:00,  3.26it/s]




  0%|          | 0/4 [00:00<?, ?it/s][A[A[A
100%|██████████| 4/4 [00:01<00:00,  3.25it/s]




  0%|          | 0/4 [00:00<?, ?it/s][A[A[A
100%|██████████| 4/4 [00:01<00:00,  3.25it/s]



Memory Creation loop:  25%|██▍       | 1060/4293 [32:35<1:39:15,  1.84s/it][A[A



  0%|          | 0/4 [00:00<?, ?it/s][A[A[A
100%|██████████| 4/4 [00:01<00:00,  3.26it/s]




  0%|          | 0/4 [00:00<?, ?it/s][A[A[A
100%|██████████| 4/4 [00:01<00:00,  3.25it/s]




  0%|          | 0/4 [00:00<?, ?it/s][A[A[A
100%|██████████| 4/4 [00:01<00:00,  3.26it/s]




  0%|          | 0/4 [00:00<?, ?it/s][A[A[A
100%|██████████| 4/4 [00:01<00:00,  3.26it/s]




  0%|          | 0/4 [00:00<?, ?it/s][A[A[A
100%|██████████| 4/4 [00:01<00:00,  3.26it/s]




  0%|          | 0/4 [00:00<?, ?it/s][A[A[A
100%|██████████| 4/4 [00:01<00:00,  3.26it/s]



Memory Creation loop:  25%|██▍       | 1066/4293 [32:46<1:39:04,  1.84s/it][A[A



  0%|          | 0/4 [00:00<?, ?it/s][A[A[A
100%|██████████| 4/4 [00:01<00:00,  3.25it/s]




  0%|          | 0/4 [00:00<?, ?it/s][A[A[A
100%|██████████| 4/4 [00:01<00:00,  3.25it/s]




  0%|          | 0/4 [00:00<?, ?it/s][A[A[A
100%|██████████| 4/4 [00:01<00:00,  3.26it/s]




  0%|          | 0/4 [00:00<?, ?it/s][A[A[A
100%|██████████| 4/4 [00:01<00:00,  3.26it/s]




  0%|          | 0/4 [00:00<?, ?it/s][A[A[A
100%|██████████| 4/4 [00:01<00:00,  3.25it/s]




  0%|          | 0/4 [00:00<?, ?it/s][A[A[A
100%|██████████| 4/4 [00:01<00:00,  3.25it/s]



Memory Creation loop:  25%|██▍       | 1072/4293 [32:57<1:38:52,  1.84s/it][A[A



  0%|          | 0/4 [00:00<?, ?it/s][A[A[A
100%|██████████| 4/4 [00:01<00:00,  3.26it/s]




  0%|          | 0/4 [00:00<?, ?it/s][A[A[A
100%|██████████| 4/4 [00:01<00:00,  3.25it/s]




  0%|          | 0/4 [00:00<?, ?it/s][A[A[A
100%|██████████| 4/4 [00:01<00:00,  3.26it/s]




  0%|          | 0/4 [00:00<?, ?it/s][A[A[A
100%|██████████| 4/4 [00:01<00:00,  3.25it/s]




  0%|          | 0/4 [00:00<?, ?it/s][A[A[A
100%|██████████| 4/4 [00:01<00:00,  3.26it/s]




  0%|          | 0/4 [00:00<?, ?it/s][A[A[A
100%|██████████| 4/4 [00:01<00:00,  3.26it/s]



Memory Creation loop:  25%|██▌       | 1078/4293 [33:08<1:38:41,  1.84s/it][A[A



  0%|          | 0/4 [00:00<?, ?it/s][A[A[A
100%|██████████| 4/4 [00:01<00:00,  3.25it/s]




  0%|          | 0/4 [00:00<?, ?it/s][A[A[A
100%|██████████| 4/4 [00:01<00:00,  3.25it/s]




  0%|          | 0/4 [00:00<?, ?it/s][A[A[A
100%|██████████| 4/4 [00:01<00:00,  3.26it/s]




  0%|          | 0/4 [00:00<?, ?it/s][A[A[A
100%|██████████| 4/4 [00:01<00:00,  3.25it/s]




  0%|          | 0/4 [00:00<?, ?it/s][A[A[A
100%|██████████| 4/4 [00:01<00:00,  3.26it/s]




  0%|          | 0/4 [00:00<?, ?it/s][A[A[A
100%|██████████| 4/4 [00:01<00:00,  3.24it/s]



Memory Creation loop:  25%|██▌       | 1084/4293 [33:19<1:38:30,  1.84s/it][A[A



  0%|          | 0/4 [00:00<?, ?it/s][A[A[A
100%|██████████| 4/4 [00:01<00:00,  3.27it/s]




  0%|          | 0/4 [00:00<?, ?it/s][A[A[A
100%|██████████| 4/4 [00:01<00:00,  3.26it/s]




  0%|          | 0/4 [00:00<?, ?it/s][A[A[A
100%|██████████| 4/4 [00:01<00:00,  3.26it/s]




  0%|          | 0/4 [00:00<?, ?it/s][A[A[A
100%|██████████| 4/4 [00:01<00:00,  3.25it/s]




  0%|          | 0/4 [00:00<?, ?it/s][A[A[A
100%|██████████| 4/4 [00:01<00:00,  3.26it/s]




  0%|          | 0/4 [00:00<?, ?it/s][A[A[A
100%|██████████| 4/4 [00:01<00:00,  3.26it/s]



Memory Creation loop:  25%|██▌       | 1090/4293 [33:30<1:38:15,  1.84s/it][A[A



  0%|          | 0/4 [00:00<?, ?it/s][A[A[A
100%|██████████| 4/4 [00:01<00:00,  3.26it/s]




  0%|          | 0/4 [00:00<?, ?it/s][A[A[A
100%|██████████| 4/4 [00:01<00:00,  3.24it/s]




  0%|          | 0/4 [00:00<?, ?it/s][A[A[A
100%|██████████| 4/4 [00:01<00:00,  3.26it/s]




  0%|          | 0/4 [00:00<?, ?it/s][A[A[A
100%|██████████| 4/4 [00:01<00:00,  3.26it/s]




  0%|          | 0/4 [00:00<?, ?it/s][A[A[A
100%|██████████| 4/4 [00:01<00:00,  3.25it/s]




  0%|          | 0/4 [00:00<?, ?it/s][A[A[A
100%|██████████| 4/4 [00:01<00:00,  3.25it/s]



Memory Creation loop:  26%|██▌       | 1096/4293 [33:41<1:38:06,  1.84s/it][A[A



  0%|          | 0/4 [00:00<?, ?it/s][A[A[A
100%|██████████| 4/4 [00:01<00:00,  3.26it/s]




  0%|          | 0/4 [00:00<?, ?it/s][A[A[A
100%|██████████| 4/4 [00:01<00:00,  3.26it/s]




  0%|          | 0/4 [00:00<?, ?it/s][A[A[A
100%|██████████| 4/4 [00:01<00:00,  3.26it/s]




  0%|          | 0/4 [00:00<?, ?it/s][A[A[A
100%|██████████| 4/4 [00:01<00:00,  3.25it/s]




  0%|          | 0/4 [00:00<?, ?it/s][A[A[A
100%|██████████| 4/4 [00:01<00:00,  3.27it/s]




  0%|          | 0/4 [00:00<?, ?it/s][A[A[A


Memory Creation loop:  26%|██▌       | 1096/4293 [33:52<1:38:06,  1.84s/it][A[A
100%|██████████| 4/4 [00:01<00:00,  3.26it/s]



Memory Creation loop:  26%|██▌       | 1102/4293 [33:52<1:37:53,  1.84s/it][A[A



  0%|          | 0/4 [00:00<?, ?it/s][A[A[A
100%|██████████| 4/4 [00:01<00:00,  3.25it/s]




  0%|          | 0/4 [00:00<?, ?it/s][A[A[A
100%|██████████| 4/4 [00:01<00:00,  3.25it/s]




  0%|          | 0/4 [00:00<?, ?it/s][A[A[A
100%|██████████| 4/4 [00:01<00:00,  3.25it/s]




  0%|          | 0/4 [00:00<?, ?it/s][A[A[A
100%|██████████| 4/4 [00:01<00:00,  3.25it/s]




  0%|          | 0/4 [00:00<?, ?it/s][A[A[A
100%|██████████| 4/4 [00:01<00:00,  3.26it/s]




  0%|          | 0/4 [00:00<?, ?it/s][A[A[A
100%|██████████| 4/4 [00:01<00:00,  3.25it/s]



Memory Creation loop:  26%|██▌       | 1108/4293 [34:03<1:37:45,  1.84s/it][A[A



  0%|          | 0/4 [00:00<?, ?it/s][A[A[A
100%|██████████| 4/4 [00:01<00:00,  3.25it/s]




  0%|          | 0/4 [00:00<?, ?it/s][A[A[A
100%|██████████| 4/4 [00:01<00:00,  3.26it/s]




  0%|          | 0/4 [00:00<?, ?it/s][A[A[A
100%|██████████| 4/4 [00:01<00:00,  3.25it/s]




  0%|          | 0/4 [00:00<?, ?it/s][A[A[A
100%|██████████| 4/4 [00:01<00:00,  3.26it/s]




  0%|          | 0/4 [00:00<?, ?it/s][A[A[A
100%|██████████| 4/4 [00:01<00:00,  3.26it/s]




  0%|          | 0/4 [00:00<?, ?it/s][A[A[A
100%|██████████| 4/4 [00:01<00:00,  3.25it/s]



Memory Creation loop:  26%|██▌       | 1114/4293 [34:15<1:37:36,  1.84s/it][A[A



  0%|          | 0/4 [00:00<?, ?it/s][A[A[A
100%|██████████| 4/4 [00:01<00:00,  3.26it/s]




  0%|          | 0/4 [00:00<?, ?it/s][A[A[A
100%|██████████| 4/4 [00:01<00:00,  3.23it/s]




  0%|          | 0/4 [00:00<?, ?it/s][A[A[A
100%|██████████| 4/4 [00:01<00:00,  3.26it/s]




  0%|          | 0/4 [00:00<?, ?it/s][A[A[A
100%|██████████| 4/4 [00:01<00:00,  3.26it/s]




  0%|          | 0/4 [00:00<?, ?it/s][A[A[A
100%|██████████| 4/4 [00:01<00:00,  3.26it/s]




  0%|          | 0/4 [00:00<?, ?it/s][A[A[A
100%|██████████| 4/4 [00:01<00:00,  3.25it/s]



Memory Creation loop:  26%|██▌       | 1120/4293 [34:26<1:37:26,  1.84s/it][A[A



  0%|          | 0/4 [00:00<?, ?it/s][A[A[A
100%|██████████| 4/4 [00:01<00:00,  3.24it/s]




  0%|          | 0/4 [00:00<?, ?it/s][A[A[A
100%|██████████| 4/4 [00:01<00:00,  3.26it/s]




  0%|          | 0/4 [00:00<?, ?it/s][A[A[A
100%|██████████| 4/4 [00:01<00:00,  3.25it/s]




  0%|          | 0/4 [00:00<?, ?it/s][A[A[A
100%|██████████| 4/4 [00:01<00:00,  3.24it/s]




  0%|          | 0/4 [00:00<?, ?it/s][A[A[A
100%|██████████| 4/4 [00:01<00:00,  3.28it/s]




  0%|          | 0/4 [00:00<?, ?it/s][A[A[A
100%|██████████| 4/4 [00:01<00:00,  3.26it/s]



Memory Creation loop:  26%|██▌       | 1126/4293 [34:37<1:37:18,  1.84s/it][A[A



  0%|          | 0/4 [00:00<?, ?it/s][A[A[A
100%|██████████| 4/4 [00:01<00:00,  3.25it/s]




  0%|          | 0/4 [00:00<?, ?it/s][A[A[A
100%|██████████| 4/4 [00:01<00:00,  3.25it/s]




  0%|          | 0/4 [00:00<?, ?it/s][A[A[A
100%|██████████| 4/4 [00:01<00:00,  3.25it/s]




  0%|          | 0/4 [00:00<?, ?it/s][A[A[A
100%|██████████| 4/4 [00:01<00:00,  3.24it/s]




  0%|          | 0/4 [00:00<?, ?it/s][A[A[A
100%|██████████| 4/4 [00:01<00:00,  3.25it/s]




  0%|          | 0/4 [00:00<?, ?it/s][A[A[A
100%|██████████| 4/4 [00:01<00:00,  3.23it/s]



Memory Creation loop:  26%|██▋       | 1132/4293 [34:48<1:37:14,  1.85s/it][A[A



  0%|          | 0/4 [00:00<?, ?it/s][A[A[A
100%|██████████| 4/4 [00:01<00:00,  3.26it/s]




  0%|          | 0/4 [00:00<?, ?it/s][A[A[A
100%|██████████| 4/4 [00:01<00:00,  3.28it/s]




  0%|          | 0/4 [00:00<?, ?it/s][A[A[A
100%|██████████| 4/4 [00:01<00:00,  3.25it/s]




  0%|          | 0/4 [00:00<?, ?it/s][A[A[A
100%|██████████| 4/4 [00:01<00:00,  3.25it/s]




  0%|          | 0/4 [00:00<?, ?it/s][A[A[A
100%|██████████| 4/4 [00:01<00:00,  3.27it/s]




  0%|          | 0/4 [00:00<?, ?it/s][A[A[A
100%|██████████| 4/4 [00:01<00:00,  3.26it/s]



Memory Creation loop:  27%|██▋       | 1138/4293 [34:59<1:36:58,  1.84s/it][A[A



  0%|          | 0/4 [00:00<?, ?it/s][A[A[A
100%|██████████| 4/4 [00:01<00:00,  3.25it/s]




  0%|          | 0/4 [00:00<?, ?it/s][A[A[A
100%|██████████| 4/4 [00:01<00:00,  3.25it/s]




  0%|          | 0/4 [00:00<?, ?it/s][A[A[A
100%|██████████| 4/4 [00:01<00:00,  3.27it/s]




  0%|          | 0/4 [00:00<?, ?it/s][A[A[A
100%|██████████| 4/4 [00:01<00:00,  3.27it/s]




  0%|          | 0/4 [00:00<?, ?it/s][A[A[A
100%|██████████| 4/4 [00:01<00:00,  3.25it/s]




  0%|          | 0/4 [00:00<?, ?it/s][A[A[A
100%|██████████| 4/4 [00:01<00:00,  3.25it/s]



Memory Creation loop:  27%|██▋       | 1144/4293 [35:10<1:36:45,  1.84s/it][A[A



  0%|          | 0/4 [00:00<?, ?it/s][A[A[A
100%|██████████| 4/4 [00:01<00:00,  3.26it/s]




  0%|          | 0/4 [00:00<?, ?it/s][A[A[A
100%|██████████| 4/4 [00:01<00:00,  3.25it/s]




  0%|          | 0/4 [00:00<?, ?it/s][A[A[A
100%|██████████| 4/4 [00:01<00:00,  3.26it/s]




  0%|          | 0/4 [00:00<?, ?it/s][A[A[A
100%|██████████| 4/4 [00:01<00:00,  3.26it/s]




  0%|          | 0/4 [00:00<?, ?it/s][A[A[A
100%|██████████| 4/4 [00:01<00:00,  3.26it/s]




  0%|          | 0/4 [00:00<?, ?it/s][A[A[A
100%|██████████| 4/4 [00:01<00:00,  3.26it/s]



Memory Creation loop:  27%|██▋       | 1150/4293 [35:21<1:36:31,  1.84s/it][A[A



  0%|          | 0/4 [00:00<?, ?it/s][A[A[A
100%|██████████| 4/4 [00:01<00:00,  3.25it/s]




  0%|          | 0/4 [00:00<?, ?it/s][A[A[A
100%|██████████| 4/4 [00:01<00:00,  3.25it/s]




  0%|          | 0/4 [00:00<?, ?it/s][A[A[A
100%|██████████| 4/4 [00:01<00:00,  3.23it/s]




  0%|          | 0/4 [00:00<?, ?it/s][A[A[A
100%|██████████| 4/4 [00:01<00:00,  3.25it/s]




  0%|          | 0/4 [00:00<?, ?it/s][A[A[A
100%|██████████| 4/4 [00:01<00:00,  3.25it/s]




  0%|          | 0/4 [00:00<?, ?it/s][A[A[A
100%|██████████| 4/4 [00:01<00:00,  3.24it/s]



Memory Creation loop:  27%|██▋       | 1156/4293 [35:32<1:36:25,  1.84s/it][A[A



  0%|          | 0/4 [00:00<?, ?it/s][A[A[A
100%|██████████| 4/4 [00:01<00:00,  3.27it/s]




  0%|          | 0/4 [00:00<?, ?it/s][A[A[A
100%|██████████| 4/4 [00:01<00:00,  3.27it/s]




  0%|          | 0/4 [00:00<?, ?it/s][A[A[A
100%|██████████| 4/4 [00:01<00:00,  3.27it/s]




  0%|          | 0/4 [00:00<?, ?it/s][A[A[A
100%|██████████| 4/4 [00:01<00:00,  3.24it/s]




  0%|          | 0/4 [00:00<?, ?it/s][A[A[A
100%|██████████| 4/4 [00:01<00:00,  3.26it/s]




  0%|          | 0/4 [00:00<?, ?it/s][A[A[A


Memory Creation loop:  27%|██▋       | 1156/4293 [35:42<1:36:25,  1.84s/it][A[A
100%|██████████| 4/4 [00:01<00:00,  3.26it/s]



Memory Creation loop:  27%|██▋       | 1162/4293 [35:43<1:36:13,  1.84s/it][A[A



  0%|          | 0/4 [00:00<?, ?it/s][A[A[A
100%|██████████| 4/4 [00:01<00:00,  3.26it/s]




  0%|          | 0/4 [00:00<?, ?it/s][A[A[A
100%|██████████| 4/4 [00:01<00:00,  3.25it/s]




  0%|          | 0/4 [00:00<?, ?it/s][A[A[A
100%|██████████| 4/4 [00:01<00:00,  3.27it/s]




  0%|          | 0/4 [00:00<?, ?it/s][A[A[A
100%|██████████| 4/4 [00:01<00:00,  3.26it/s]




  0%|          | 0/4 [00:00<?, ?it/s][A[A[A
100%|██████████| 4/4 [00:01<00:00,  3.25it/s]




  0%|          | 0/4 [00:00<?, ?it/s][A[A[A
100%|██████████| 4/4 [00:01<00:00,  3.25it/s]



Memory Creation loop:  27%|██▋       | 1168/4293 [35:54<1:35:59,  1.84s/it][A[A



  0%|          | 0/4 [00:00<?, ?it/s][A[A[A
100%|██████████| 4/4 [00:01<00:00,  3.26it/s]




  0%|          | 0/4 [00:00<?, ?it/s][A[A[A
100%|██████████| 4/4 [00:01<00:00,  3.26it/s]




  0%|          | 0/4 [00:00<?, ?it/s][A[A[A
100%|██████████| 4/4 [00:01<00:00,  3.27it/s]




  0%|          | 0/4 [00:00<?, ?it/s][A[A[A
100%|██████████| 4/4 [00:01<00:00,  3.26it/s]




  0%|          | 0/4 [00:00<?, ?it/s][A[A[A
100%|██████████| 4/4 [00:01<00:00,  3.26it/s]




  0%|          | 0/4 [00:00<?, ?it/s][A[A[A
100%|██████████| 4/4 [00:01<00:00,  3.27it/s]



Memory Creation loop:  27%|██▋       | 1174/4293 [36:05<1:35:44,  1.84s/it][A[A



  0%|          | 0/4 [00:00<?, ?it/s][A[A[A
100%|██████████| 4/4 [00:01<00:00,  3.26it/s]




  0%|          | 0/4 [00:00<?, ?it/s][A[A[A
100%|██████████| 4/4 [00:01<00:00,  3.25it/s]




  0%|          | 0/4 [00:00<?, ?it/s][A[A[A
100%|██████████| 4/4 [00:01<00:00,  3.26it/s]




  0%|          | 0/4 [00:00<?, ?it/s][A[A[A
100%|██████████| 4/4 [00:01<00:00,  3.26it/s]




  0%|          | 0/4 [00:00<?, ?it/s][A[A[A
100%|██████████| 4/4 [00:01<00:00,  3.27it/s]




  0%|          | 0/4 [00:00<?, ?it/s][A[A[A
100%|██████████| 4/4 [00:01<00:00,  3.25it/s]



Memory Creation loop:  27%|██▋       | 1180/4293 [36:16<1:35:30,  1.84s/it][A[A



  0%|          | 0/4 [00:00<?, ?it/s][A[A[A
100%|██████████| 4/4 [00:01<00:00,  3.26it/s]




  0%|          | 0/4 [00:00<?, ?it/s][A[A[A
100%|██████████| 4/4 [00:01<00:00,  3.26it/s]




  0%|          | 0/4 [00:00<?, ?it/s][A[A[A
100%|██████████| 4/4 [00:01<00:00,  3.26it/s]




  0%|          | 0/4 [00:00<?, ?it/s][A[A[A
100%|██████████| 4/4 [00:01<00:00,  3.25it/s]




  0%|          | 0/4 [00:00<?, ?it/s][A[A[A
100%|██████████| 4/4 [00:01<00:00,  3.25it/s]




  0%|          | 0/4 [00:00<?, ?it/s][A[A[A
100%|██████████| 4/4 [00:01<00:00,  3.25it/s]



Memory Creation loop:  28%|██▊       | 1186/4293 [36:27<1:35:21,  1.84s/it][A[A



  0%|          | 0/4 [00:00<?, ?it/s][A[A[A
100%|██████████| 4/4 [00:01<00:00,  3.26it/s]




  0%|          | 0/4 [00:00<?, ?it/s][A[A[A
100%|██████████| 4/4 [00:01<00:00,  3.25it/s]




  0%|          | 0/4 [00:00<?, ?it/s][A[A[A
100%|██████████| 4/4 [00:01<00:00,  3.26it/s]




  0%|          | 0/4 [00:00<?, ?it/s][A[A[A
100%|██████████| 4/4 [00:01<00:00,  3.26it/s]




  0%|          | 0/4 [00:00<?, ?it/s][A[A[A
100%|██████████| 4/4 [00:01<00:00,  3.25it/s]




  0%|          | 0/4 [00:00<?, ?it/s][A[A[A
100%|██████████| 4/4 [00:01<00:00,  3.25it/s]



Memory Creation loop:  28%|██▊       | 1192/4293 [36:38<1:35:09,  1.84s/it][A[A



  0%|          | 0/4 [00:00<?, ?it/s][A[A[A
100%|██████████| 4/4 [00:01<00:00,  3.26it/s]




  0%|          | 0/4 [00:00<?, ?it/s][A[A[A
100%|██████████| 4/4 [00:01<00:00,  3.26it/s]




  0%|          | 0/4 [00:00<?, ?it/s][A[A[A
100%|██████████| 4/4 [00:01<00:00,  3.26it/s]




  0%|          | 0/4 [00:00<?, ?it/s][A[A[A
100%|██████████| 4/4 [00:01<00:00,  3.24it/s]




  0%|          | 0/4 [00:00<?, ?it/s][A[A[A
100%|██████████| 4/4 [00:01<00:00,  3.26it/s]




  0%|          | 0/4 [00:00<?, ?it/s][A[A[A
100%|██████████| 4/4 [00:01<00:00,  3.26it/s]



Memory Creation loop:  28%|██▊       | 1198/4293 [36:49<1:34:58,  1.84s/it][A[A



  0%|          | 0/4 [00:00<?, ?it/s][A[A[A
100%|██████████| 4/4 [00:01<00:00,  3.24it/s]




  0%|          | 0/4 [00:00<?, ?it/s][A[A[A
100%|██████████| 4/4 [00:01<00:00,  3.25it/s]




  0%|          | 0/4 [00:00<?, ?it/s][A[A[A
100%|██████████| 4/4 [00:01<00:00,  3.26it/s]




  0%|          | 0/4 [00:00<?, ?it/s][A[A[A
100%|██████████| 4/4 [00:01<00:00,  3.25it/s]




  0%|          | 0/4 [00:00<?, ?it/s][A[A[A
100%|██████████| 4/4 [00:01<00:00,  3.26it/s]




  0%|          | 0/4 [00:00<?, ?it/s][A[A[A
100%|██████████| 4/4 [00:01<00:00,  3.24it/s]



Memory Creation loop:  28%|██▊       | 1204/4293 [37:00<1:34:46,  1.84s/it][A[A



  0%|          | 0/4 [00:00<?, ?it/s][A[A[A
100%|██████████| 4/4 [00:01<00:00,  3.25it/s]




  0%|          | 0/4 [00:00<?, ?it/s][A[A[A
100%|██████████| 4/4 [00:01<00:00,  3.26it/s]




  0%|          | 0/4 [00:00<?, ?it/s][A[A[A
100%|██████████| 4/4 [00:01<00:00,  3.25it/s]




  0%|          | 0/4 [00:00<?, ?it/s][A[A[A
100%|██████████| 4/4 [00:01<00:00,  3.25it/s]




  0%|          | 0/4 [00:00<?, ?it/s][A[A[A
100%|██████████| 4/4 [00:01<00:00,  3.26it/s]




  0%|          | 0/4 [00:00<?, ?it/s][A[A[A
100%|██████████| 4/4 [00:01<00:00,  3.26it/s]



Memory Creation loop:  28%|██▊       | 1210/4293 [37:11<1:34:38,  1.84s/it][A[A



  0%|          | 0/4 [00:00<?, ?it/s][A[A[A
100%|██████████| 4/4 [00:01<00:00,  3.26it/s]




  0%|          | 0/4 [00:00<?, ?it/s][A[A[A
100%|██████████| 4/4 [00:01<00:00,  3.25it/s]




  0%|          | 0/4 [00:00<?, ?it/s][A[A[A
100%|██████████| 4/4 [00:01<00:00,  3.26it/s]




  0%|          | 0/4 [00:00<?, ?it/s][A[A[A
100%|██████████| 4/4 [00:01<00:00,  3.26it/s]




  0%|          | 0/4 [00:00<?, ?it/s][A[A[A
100%|██████████| 4/4 [00:01<00:00,  3.26it/s]




  0%|          | 0/4 [00:00<?, ?it/s][A[A[A


Memory Creation loop:  28%|██▊       | 1210/4293 [37:22<1:34:38,  1.84s/it][A[A
100%|██████████| 4/4 [00:01<00:00,  3.25it/s]



Memory Creation loop:  28%|██▊       | 1216/4293 [37:22<1:34:27,  1.84s/it][A[A



  0%|          | 0/4 [00:00<?, ?it/s][A[A[A
100%|██████████| 4/4 [00:01<00:00,  3.25it/s]




  0%|          | 0/4 [00:00<?, ?it/s][A[A[A
100%|██████████| 4/4 [00:01<00:00,  3.26it/s]




  0%|          | 0/4 [00:00<?, ?it/s][A[A[A
100%|██████████| 4/4 [00:01<00:00,  3.25it/s]




  0%|          | 0/4 [00:00<?, ?it/s][A[A[A
100%|██████████| 4/4 [00:01<00:00,  3.24it/s]




  0%|          | 0/4 [00:00<?, ?it/s][A[A[A
100%|██████████| 4/4 [00:01<00:00,  3.26it/s]




  0%|          | 0/4 [00:00<?, ?it/s][A[A[A
100%|██████████| 4/4 [00:01<00:00,  3.27it/s]



Memory Creation loop:  28%|██▊       | 1222/4293 [37:34<1:34:17,  1.84s/it][A[A



  0%|          | 0/4 [00:00<?, ?it/s][A[A[A
100%|██████████| 4/4 [00:01<00:00,  3.26it/s]




  0%|          | 0/4 [00:00<?, ?it/s][A[A[A
100%|██████████| 4/4 [00:01<00:00,  3.24it/s]




  0%|          | 0/4 [00:00<?, ?it/s][A[A[A
100%|██████████| 4/4 [00:01<00:00,  3.26it/s]




  0%|          | 0/4 [00:00<?, ?it/s][A[A[A
100%|██████████| 4/4 [00:01<00:00,  3.25it/s]




  0%|          | 0/4 [00:00<?, ?it/s][A[A[A
100%|██████████| 4/4 [00:01<00:00,  3.26it/s]




  0%|          | 0/4 [00:00<?, ?it/s][A[A[A
100%|██████████| 4/4 [00:01<00:00,  3.24it/s]



Memory Creation loop:  29%|██▊       | 1228/4293 [37:45<1:34:07,  1.84s/it][A[A



  0%|          | 0/4 [00:00<?, ?it/s][A[A[A
100%|██████████| 4/4 [00:01<00:00,  3.26it/s]




  0%|          | 0/4 [00:00<?, ?it/s][A[A[A
100%|██████████| 4/4 [00:01<00:00,  3.26it/s]




  0%|          | 0/4 [00:00<?, ?it/s][A[A[A
100%|██████████| 4/4 [00:01<00:00,  3.25it/s]




  0%|          | 0/4 [00:00<?, ?it/s][A[A[A
100%|██████████| 4/4 [00:01<00:00,  3.24it/s]




  0%|          | 0/4 [00:00<?, ?it/s][A[A[A
100%|██████████| 4/4 [00:01<00:00,  3.26it/s]




  0%|          | 0/4 [00:00<?, ?it/s][A[A[A
100%|██████████| 4/4 [00:01<00:00,  3.27it/s]



Memory Creation loop:  29%|██▊       | 1234/4293 [37:56<1:33:57,  1.84s/it][A[A



  0%|          | 0/4 [00:00<?, ?it/s][A[A[A
100%|██████████| 4/4 [00:01<00:00,  3.26it/s]




  0%|          | 0/4 [00:00<?, ?it/s][A[A[A
100%|██████████| 4/4 [00:01<00:00,  3.25it/s]




  0%|          | 0/4 [00:00<?, ?it/s][A[A[A
100%|██████████| 4/4 [00:01<00:00,  3.26it/s]




  0%|          | 0/4 [00:00<?, ?it/s][A[A[A
100%|██████████| 4/4 [00:01<00:00,  3.25it/s]




  0%|          | 0/4 [00:00<?, ?it/s][A[A[A
100%|██████████| 4/4 [00:01<00:00,  3.25it/s]




  0%|          | 0/4 [00:00<?, ?it/s][A[A[A
100%|██████████| 4/4 [00:01<00:00,  3.23it/s]



Memory Creation loop:  29%|██▉       | 1240/4293 [38:07<1:33:48,  1.84s/it][A[A



  0%|          | 0/4 [00:00<?, ?it/s][A[A[A
100%|██████████| 4/4 [00:01<00:00,  3.25it/s]




  0%|          | 0/4 [00:00<?, ?it/s][A[A[A
100%|██████████| 4/4 [00:01<00:00,  3.24it/s]




  0%|          | 0/4 [00:00<?, ?it/s][A[A[A
100%|██████████| 4/4 [00:01<00:00,  3.25it/s]




  0%|          | 0/4 [00:00<?, ?it/s][A[A[A
100%|██████████| 4/4 [00:01<00:00,  3.24it/s]




  0%|          | 0/4 [00:00<?, ?it/s][A[A[A
100%|██████████| 4/4 [00:01<00:00,  3.25it/s]




  0%|          | 0/4 [00:00<?, ?it/s][A[A[A
100%|██████████| 4/4 [00:01<00:00,  3.25it/s]



Memory Creation loop:  29%|██▉       | 1246/4293 [38:18<1:33:38,  1.84s/it][A[A



  0%|          | 0/4 [00:00<?, ?it/s][A[A[A
100%|██████████| 4/4 [00:01<00:00,  3.25it/s]




  0%|          | 0/4 [00:00<?, ?it/s][A[A[A
100%|██████████| 4/4 [00:01<00:00,  3.25it/s]




  0%|          | 0/4 [00:00<?, ?it/s][A[A[A
100%|██████████| 4/4 [00:01<00:00,  3.26it/s]




  0%|          | 0/4 [00:00<?, ?it/s][A[A[A
100%|██████████| 4/4 [00:01<00:00,  3.26it/s]




  0%|          | 0/4 [00:00<?, ?it/s][A[A[A
100%|██████████| 4/4 [00:01<00:00,  3.26it/s]




  0%|          | 0/4 [00:00<?, ?it/s][A[A[A
100%|██████████| 4/4 [00:01<00:00,  3.25it/s]



Memory Creation loop:  29%|██▉       | 1252/4293 [38:29<1:33:25,  1.84s/it][A[A



  0%|          | 0/4 [00:00<?, ?it/s][A[A[A
100%|██████████| 4/4 [00:01<00:00,  3.27it/s]




  0%|          | 0/4 [00:00<?, ?it/s][A[A[A
100%|██████████| 4/4 [00:01<00:00,  3.26it/s]




  0%|          | 0/4 [00:00<?, ?it/s][A[A[A
100%|██████████| 4/4 [00:01<00:00,  3.26it/s]




  0%|          | 0/4 [00:00<?, ?it/s][A[A[A
100%|██████████| 4/4 [00:01<00:00,  3.25it/s]




  0%|          | 0/4 [00:00<?, ?it/s][A[A[A
100%|██████████| 4/4 [00:01<00:00,  3.26it/s]




  0%|          | 0/4 [00:00<?, ?it/s][A[A[A
100%|██████████| 4/4 [00:01<00:00,  3.26it/s]



Memory Creation loop:  29%|██▉       | 1258/4293 [38:40<1:33:10,  1.84s/it][A[A



  0%|          | 0/4 [00:00<?, ?it/s][A[A[A
100%|██████████| 4/4 [00:01<00:00,  3.27it/s]




  0%|          | 0/4 [00:00<?, ?it/s][A[A[A
100%|██████████| 4/4 [00:01<00:00,  3.25it/s]




  0%|          | 0/4 [00:00<?, ?it/s][A[A[A
100%|██████████| 4/4 [00:01<00:00,  3.27it/s]




  0%|          | 0/4 [00:00<?, ?it/s][A[A[A
100%|██████████| 4/4 [00:01<00:00,  3.26it/s]




  0%|          | 0/4 [00:00<?, ?it/s][A[A[A
100%|██████████| 4/4 [00:01<00:00,  3.26it/s]




  0%|          | 0/4 [00:00<?, ?it/s][A[A[A
100%|██████████| 4/4 [00:01<00:00,  3.25it/s]



Memory Creation loop:  29%|██▉       | 1264/4293 [38:51<1:33:00,  1.84s/it][A[A



  0%|          | 0/4 [00:00<?, ?it/s][A[A[A
100%|██████████| 4/4 [00:01<00:00,  3.25it/s]




  0%|          | 0/4 [00:00<?, ?it/s][A[A[A
100%|██████████| 4/4 [00:01<00:00,  3.26it/s]




  0%|          | 0/4 [00:00<?, ?it/s][A[A[A
100%|██████████| 4/4 [00:01<00:00,  3.26it/s]




  0%|          | 0/4 [00:00<?, ?it/s][A[A[A
100%|██████████| 4/4 [00:01<00:00,  3.25it/s]




  0%|          | 0/4 [00:00<?, ?it/s][A[A[A
100%|██████████| 4/4 [00:01<00:00,  3.26it/s]




  0%|          | 0/4 [00:00<?, ?it/s][A[A[A
100%|██████████| 4/4 [00:01<00:00,  3.26it/s]



Memory Creation loop:  30%|██▉       | 1270/4293 [39:02<1:32:47,  1.84s/it][A[A



  0%|          | 0/4 [00:00<?, ?it/s][A[A[A
100%|██████████| 4/4 [00:01<00:00,  3.25it/s]




  0%|          | 0/4 [00:00<?, ?it/s][A[A[A
100%|██████████| 4/4 [00:01<00:00,  3.25it/s]




  0%|          | 0/4 [00:00<?, ?it/s][A[A[A
100%|██████████| 4/4 [00:01<00:00,  3.25it/s]




  0%|          | 0/4 [00:00<?, ?it/s][A[A[A
100%|██████████| 4/4 [00:01<00:00,  3.25it/s]




  0%|          | 0/4 [00:00<?, ?it/s][A[A[A
100%|██████████| 4/4 [00:01<00:00,  3.25it/s]




  0%|          | 0/4 [00:00<?, ?it/s][A[A[A


Memory Creation loop:  30%|██▉       | 1270/4293 [39:12<1:32:47,  1.84s/it][A[A
100%|██████████| 4/4 [00:01<00:00,  3.24it/s]



Memory Creation loop:  30%|██▉       | 1276/4293 [39:13<1:32:38,  1.84s/it][A[A



  0%|          | 0/4 [00:00<?, ?it/s][A[A[A
100%|██████████| 4/4 [00:01<00:00,  3.26it/s]




  0%|          | 0/4 [00:00<?, ?it/s][A[A[A
100%|██████████| 4/4 [00:01<00:00,  3.25it/s]




  0%|          | 0/4 [00:00<?, ?it/s][A[A[A
100%|██████████| 4/4 [00:01<00:00,  3.26it/s]




  0%|          | 0/4 [00:00<?, ?it/s][A[A[A
100%|██████████| 4/4 [00:01<00:00,  3.24it/s]




  0%|          | 0/4 [00:00<?, ?it/s][A[A[A
100%|██████████| 4/4 [00:01<00:00,  3.25it/s]




  0%|          | 0/4 [00:00<?, ?it/s][A[A[A
100%|██████████| 4/4 [00:01<00:00,  3.25it/s]



Memory Creation loop:  30%|██▉       | 1282/4293 [39:24<1:32:27,  1.84s/it][A[A



  0%|          | 0/4 [00:00<?, ?it/s][A[A[A
100%|██████████| 4/4 [00:01<00:00,  3.26it/s]




  0%|          | 0/4 [00:00<?, ?it/s][A[A[A
100%|██████████| 4/4 [00:01<00:00,  3.25it/s]




  0%|          | 0/4 [00:00<?, ?it/s][A[A[A
100%|██████████| 4/4 [00:01<00:00,  3.26it/s]




  0%|          | 0/4 [00:00<?, ?it/s][A[A[A
100%|██████████| 4/4 [00:01<00:00,  3.26it/s]




  0%|          | 0/4 [00:00<?, ?it/s][A[A[A
100%|██████████| 4/4 [00:01<00:00,  3.25it/s]




  0%|          | 0/4 [00:00<?, ?it/s][A[A[A
100%|██████████| 4/4 [00:01<00:00,  3.25it/s]



Memory Creation loop:  30%|███       | 1288/4293 [39:35<1:32:15,  1.84s/it][A[A



  0%|          | 0/4 [00:00<?, ?it/s][A[A[A
100%|██████████| 4/4 [00:01<00:00,  3.26it/s]




  0%|          | 0/4 [00:00<?, ?it/s][A[A[A
100%|██████████| 4/4 [00:01<00:00,  3.25it/s]




  0%|          | 0/4 [00:00<?, ?it/s][A[A[A
100%|██████████| 4/4 [00:01<00:00,  3.26it/s]




  0%|          | 0/4 [00:00<?, ?it/s][A[A[A
100%|██████████| 4/4 [00:01<00:00,  3.25it/s]




  0%|          | 0/4 [00:00<?, ?it/s][A[A[A
100%|██████████| 4/4 [00:01<00:00,  3.27it/s]




  0%|          | 0/4 [00:00<?, ?it/s][A[A[A
100%|██████████| 4/4 [00:01<00:00,  3.26it/s]



Memory Creation loop:  30%|███       | 1294/4293 [39:46<1:32:00,  1.84s/it][A[A



  0%|          | 0/4 [00:00<?, ?it/s][A[A[A
100%|██████████| 4/4 [00:01<00:00,  3.26it/s]




  0%|          | 0/4 [00:00<?, ?it/s][A[A[A
100%|██████████| 4/4 [00:01<00:00,  3.26it/s]




  0%|          | 0/4 [00:00<?, ?it/s][A[A[A
100%|██████████| 4/4 [00:01<00:00,  3.26it/s]




  0%|          | 0/4 [00:00<?, ?it/s][A[A[A
100%|██████████| 4/4 [00:01<00:00,  3.26it/s]




  0%|          | 0/4 [00:00<?, ?it/s][A[A[A
100%|██████████| 4/4 [00:01<00:00,  3.26it/s]




  0%|          | 0/4 [00:00<?, ?it/s][A[A[A
100%|██████████| 4/4 [00:01<00:00,  3.26it/s]



Memory Creation loop:  30%|███       | 1300/4293 [39:57<1:31:47,  1.84s/it][A[A



  0%|          | 0/4 [00:00<?, ?it/s][A[A[A
100%|██████████| 4/4 [00:01<00:00,  3.27it/s]




  0%|          | 0/4 [00:00<?, ?it/s][A[A[A
100%|██████████| 4/4 [00:01<00:00,  3.26it/s]




  0%|          | 0/4 [00:00<?, ?it/s][A[A[A
100%|██████████| 4/4 [00:01<00:00,  3.25it/s]




  0%|          | 0/4 [00:00<?, ?it/s][A[A[A
100%|██████████| 4/4 [00:01<00:00,  3.25it/s]




  0%|          | 0/4 [00:00<?, ?it/s][A[A[A
100%|██████████| 4/4 [00:01<00:00,  3.25it/s]




  0%|          | 0/4 [00:00<?, ?it/s][A[A[A
100%|██████████| 4/4 [00:01<00:00,  3.25it/s]



Memory Creation loop:  30%|███       | 1306/4293 [40:08<1:31:38,  1.84s/it][A[A



  0%|          | 0/4 [00:00<?, ?it/s][A[A[A
100%|██████████| 4/4 [00:01<00:00,  3.26it/s]




  0%|          | 0/4 [00:00<?, ?it/s][A[A[A
100%|██████████| 4/4 [00:01<00:00,  3.24it/s]




  0%|          | 0/4 [00:00<?, ?it/s][A[A[A
100%|██████████| 4/4 [00:01<00:00,  3.26it/s]




  0%|          | 0/4 [00:00<?, ?it/s][A[A[A
100%|██████████| 4/4 [00:01<00:00,  3.26it/s]




  0%|          | 0/4 [00:00<?, ?it/s][A[A[A
100%|██████████| 4/4 [00:01<00:00,  3.25it/s]




  0%|          | 0/4 [00:00<?, ?it/s][A[A[A
100%|██████████| 4/4 [00:01<00:00,  3.24it/s]



Memory Creation loop:  31%|███       | 1312/4293 [40:19<1:31:27,  1.84s/it][A[A



  0%|          | 0/4 [00:00<?, ?it/s][A[A[A
100%|██████████| 4/4 [00:01<00:00,  3.26it/s]




  0%|          | 0/4 [00:00<?, ?it/s][A[A[A
100%|██████████| 4/4 [00:01<00:00,  3.26it/s]




  0%|          | 0/4 [00:00<?, ?it/s][A[A[A
100%|██████████| 4/4 [00:01<00:00,  3.27it/s]




  0%|          | 0/4 [00:00<?, ?it/s][A[A[A
100%|██████████| 4/4 [00:01<00:00,  3.26it/s]




  0%|          | 0/4 [00:00<?, ?it/s][A[A[A
100%|██████████| 4/4 [00:01<00:00,  3.28it/s]




  0%|          | 0/4 [00:00<?, ?it/s][A[A[A
100%|██████████| 4/4 [00:01<00:00,  3.26it/s]



Memory Creation loop:  31%|███       | 1318/4293 [40:30<1:31:15,  1.84s/it][A[A



  0%|          | 0/4 [00:00<?, ?it/s][A[A[A
100%|██████████| 4/4 [00:01<00:00,  3.26it/s]




  0%|          | 0/4 [00:00<?, ?it/s][A[A[A
100%|██████████| 4/4 [00:01<00:00,  3.25it/s]




  0%|          | 0/4 [00:00<?, ?it/s][A[A[A
100%|██████████| 4/4 [00:01<00:00,  3.25it/s]




  0%|          | 0/4 [00:00<?, ?it/s][A[A[A
100%|██████████| 4/4 [00:01<00:00,  3.25it/s]




  0%|          | 0/4 [00:00<?, ?it/s][A[A[A
100%|██████████| 4/4 [00:01<00:00,  3.25it/s]




  0%|          | 0/4 [00:00<?, ?it/s][A[A[A
100%|██████████| 4/4 [00:01<00:00,  3.25it/s]



Memory Creation loop:  31%|███       | 1324/4293 [40:41<1:31:04,  1.84s/it][A[A



  0%|          | 0/4 [00:00<?, ?it/s][A[A[A
100%|██████████| 4/4 [00:01<00:00,  3.26it/s]




  0%|          | 0/4 [00:00<?, ?it/s][A[A[A
100%|██████████| 4/4 [00:01<00:00,  3.25it/s]




  0%|          | 0/4 [00:00<?, ?it/s][A[A[A
100%|██████████| 4/4 [00:01<00:00,  3.25it/s]




  0%|          | 0/4 [00:00<?, ?it/s][A[A[A
100%|██████████| 4/4 [00:01<00:00,  3.25it/s]




  0%|          | 0/4 [00:00<?, ?it/s][A[A[A
100%|██████████| 4/4 [00:01<00:00,  3.26it/s]




  0%|          | 0/4 [00:00<?, ?it/s][A[A[A


Memory Creation loop:  31%|███       | 1324/4293 [40:52<1:31:04,  1.84s/it][A[A
100%|██████████| 4/4 [00:01<00:00,  3.26it/s]



Memory Creation loop:  31%|███       | 1330/4293 [40:52<1:30:55,  1.84s/it][A[A



  0%|          | 0/4 [00:00<?, ?it/s][A[A[A
100%|██████████| 4/4 [00:01<00:00,  3.26it/s]




  0%|          | 0/4 [00:00<?, ?it/s][A[A[A
100%|██████████| 4/4 [00:01<00:00,  3.25it/s]




  0%|          | 0/4 [00:00<?, ?it/s][A[A[A
100%|██████████| 4/4 [00:01<00:00,  3.27it/s]




  0%|          | 0/4 [00:00<?, ?it/s][A[A[A
100%|██████████| 4/4 [00:01<00:00,  3.26it/s]




  0%|          | 0/4 [00:00<?, ?it/s][A[A[A
100%|██████████| 4/4 [00:01<00:00,  3.26it/s]




  0%|          | 0/4 [00:00<?, ?it/s][A[A[A
100%|██████████| 4/4 [00:01<00:00,  3.25it/s]



Memory Creation loop:  31%|███       | 1336/4293 [41:03<1:30:43,  1.84s/it][A[A



  0%|          | 0/4 [00:00<?, ?it/s][A[A[A
100%|██████████| 4/4 [00:01<00:00,  3.26it/s]




  0%|          | 0/4 [00:00<?, ?it/s][A[A[A
100%|██████████| 4/4 [00:01<00:00,  3.26it/s]




  0%|          | 0/4 [00:00<?, ?it/s][A[A[A
100%|██████████| 4/4 [00:01<00:00,  3.26it/s]




  0%|          | 0/4 [00:00<?, ?it/s][A[A[A
100%|██████████| 4/4 [00:01<00:00,  3.25it/s]




  0%|          | 0/4 [00:00<?, ?it/s][A[A[A
100%|██████████| 4/4 [00:01<00:00,  3.26it/s]




  0%|          | 0/4 [00:00<?, ?it/s][A[A[A
100%|██████████| 4/4 [00:01<00:00,  3.26it/s]



Memory Creation loop:  31%|███▏      | 1342/4293 [41:15<1:30:30,  1.84s/it][A[A



  0%|          | 0/4 [00:00<?, ?it/s][A[A[A
100%|██████████| 4/4 [00:01<00:00,  3.25it/s]




  0%|          | 0/4 [00:00<?, ?it/s][A[A[A
100%|██████████| 4/4 [00:01<00:00,  3.25it/s]




  0%|          | 0/4 [00:00<?, ?it/s][A[A[A
100%|██████████| 4/4 [00:01<00:00,  3.25it/s]




  0%|          | 0/4 [00:00<?, ?it/s][A[A[A
100%|██████████| 4/4 [00:01<00:00,  3.26it/s]




  0%|          | 0/4 [00:00<?, ?it/s][A[A[A
100%|██████████| 4/4 [00:01<00:00,  3.25it/s]




  0%|          | 0/4 [00:00<?, ?it/s][A[A[A
100%|██████████| 4/4 [00:01<00:00,  3.25it/s]



Memory Creation loop:  31%|███▏      | 1348/4293 [41:26<1:30:19,  1.84s/it][A[A



  0%|          | 0/4 [00:00<?, ?it/s][A[A[A
100%|██████████| 4/4 [00:01<00:00,  3.27it/s]




  0%|          | 0/4 [00:00<?, ?it/s][A[A[A
100%|██████████| 4/4 [00:01<00:00,  3.26it/s]




  0%|          | 0/4 [00:00<?, ?it/s][A[A[A
100%|██████████| 4/4 [00:01<00:00,  3.26it/s]




  0%|          | 0/4 [00:00<?, ?it/s][A[A[A
100%|██████████| 4/4 [00:01<00:00,  3.26it/s]




  0%|          | 0/4 [00:00<?, ?it/s][A[A[A
100%|██████████| 4/4 [00:01<00:00,  3.27it/s]




  0%|          | 0/4 [00:00<?, ?it/s][A[A[A
100%|██████████| 4/4 [00:01<00:00,  3.26it/s]



Memory Creation loop:  32%|███▏      | 1354/4293 [41:37<1:30:10,  1.84s/it][A[A



  0%|          | 0/4 [00:00<?, ?it/s][A[A[A
100%|██████████| 4/4 [00:01<00:00,  3.25it/s]




  0%|          | 0/4 [00:00<?, ?it/s][A[A[A
100%|██████████| 4/4 [00:01<00:00,  3.25it/s]




  0%|          | 0/4 [00:00<?, ?it/s][A[A[A
100%|██████████| 4/4 [00:01<00:00,  3.26it/s]




  0%|          | 0/4 [00:00<?, ?it/s][A[A[A
100%|██████████| 4/4 [00:01<00:00,  3.26it/s]




  0%|          | 0/4 [00:00<?, ?it/s][A[A[A
100%|██████████| 4/4 [00:01<00:00,  3.25it/s]




  0%|          | 0/4 [00:00<?, ?it/s][A[A[A
100%|██████████| 4/4 [00:01<00:00,  3.25it/s]



Memory Creation loop:  32%|███▏      | 1360/4293 [41:48<1:29:58,  1.84s/it][A[A



  0%|          | 0/4 [00:00<?, ?it/s][A[A[A
100%|██████████| 4/4 [00:01<00:00,  3.26it/s]




  0%|          | 0/4 [00:00<?, ?it/s][A[A[A
100%|██████████| 4/4 [00:01<00:00,  3.26it/s]




  0%|          | 0/4 [00:00<?, ?it/s][A[A[A
100%|██████████| 4/4 [00:01<00:00,  3.26it/s]




  0%|          | 0/4 [00:00<?, ?it/s][A[A[A
100%|██████████| 4/4 [00:01<00:00,  3.25it/s]




  0%|          | 0/4 [00:00<?, ?it/s][A[A[A
100%|██████████| 4/4 [00:01<00:00,  3.26it/s]




  0%|          | 0/4 [00:00<?, ?it/s][A[A[A
100%|██████████| 4/4 [00:01<00:00,  3.26it/s]



Memory Creation loop:  32%|███▏      | 1366/4293 [41:59<1:29:47,  1.84s/it][A[A



  0%|          | 0/4 [00:00<?, ?it/s][A[A[A
100%|██████████| 4/4 [00:01<00:00,  3.25it/s]




  0%|          | 0/4 [00:00<?, ?it/s][A[A[A
100%|██████████| 4/4 [00:01<00:00,  3.24it/s]




  0%|          | 0/4 [00:00<?, ?it/s][A[A[A
100%|██████████| 4/4 [00:01<00:00,  3.25it/s]




  0%|          | 0/4 [00:00<?, ?it/s][A[A[A
100%|██████████| 4/4 [00:01<00:00,  3.25it/s]




  0%|          | 0/4 [00:00<?, ?it/s][A[A[A
100%|██████████| 4/4 [00:01<00:00,  3.24it/s]




  0%|          | 0/4 [00:00<?, ?it/s][A[A[A
100%|██████████| 4/4 [00:01<00:00,  3.24it/s]



Memory Creation loop:  32%|███▏      | 1372/4293 [42:10<1:29:39,  1.84s/it][A[A



  0%|          | 0/4 [00:00<?, ?it/s][A[A[A
100%|██████████| 4/4 [00:01<00:00,  3.24it/s]




  0%|          | 0/4 [00:00<?, ?it/s][A[A[A
100%|██████████| 4/4 [00:01<00:00,  3.25it/s]




  0%|          | 0/4 [00:00<?, ?it/s][A[A[A
100%|██████████| 4/4 [00:01<00:00,  3.23it/s]




  0%|          | 0/4 [00:00<?, ?it/s][A[A[A
100%|██████████| 4/4 [00:01<00:00,  3.25it/s]




  0%|          | 0/4 [00:00<?, ?it/s][A[A[A
100%|██████████| 4/4 [00:01<00:00,  3.26it/s]




  0%|          | 0/4 [00:00<?, ?it/s][A[A[A
100%|██████████| 4/4 [00:01<00:00,  3.26it/s]



Memory Creation loop:  32%|███▏      | 1378/4293 [42:21<1:29:29,  1.84s/it][A[A



  0%|          | 0/4 [00:00<?, ?it/s][A[A[A
100%|██████████| 4/4 [00:01<00:00,  3.26it/s]




  0%|          | 0/4 [00:00<?, ?it/s][A[A[A
100%|██████████| 4/4 [00:01<00:00,  3.25it/s]




  0%|          | 0/4 [00:00<?, ?it/s][A[A[A
100%|██████████| 4/4 [00:01<00:00,  3.27it/s]




  0%|          | 0/4 [00:00<?, ?it/s][A[A[A
100%|██████████| 4/4 [00:01<00:00,  3.27it/s]




  0%|          | 0/4 [00:00<?, ?it/s][A[A[A
100%|██████████| 4/4 [00:01<00:00,  3.26it/s]




  0%|          | 0/4 [00:00<?, ?it/s][A[A[A
100%|██████████| 4/4 [00:01<00:00,  3.25it/s]



Memory Creation loop:  32%|███▏      | 1384/4293 [42:32<1:29:16,  1.84s/it][A[A



  0%|          | 0/4 [00:00<?, ?it/s][A[A[A
100%|██████████| 4/4 [00:01<00:00,  3.26it/s]




  0%|          | 0/4 [00:00<?, ?it/s][A[A[A
100%|██████████| 4/4 [00:01<00:00,  3.26it/s]




  0%|          | 0/4 [00:00<?, ?it/s][A[A[A
100%|██████████| 4/4 [00:01<00:00,  3.26it/s]




  0%|          | 0/4 [00:00<?, ?it/s][A[A[A
100%|██████████| 4/4 [00:01<00:00,  3.25it/s]




  0%|          | 0/4 [00:00<?, ?it/s][A[A[A
100%|██████████| 4/4 [00:01<00:00,  3.26it/s]




  0%|          | 0/4 [00:00<?, ?it/s][A[A[A


Memory Creation loop:  32%|███▏      | 1384/4293 [42:42<1:29:16,  1.84s/it][A[A
100%|██████████| 4/4 [00:01<00:00,  3.26it/s]



Memory Creation loop:  32%|███▏      | 1390/4293 [42:43<1:29:04,  1.84s/it][A[A



  0%|          | 0/4 [00:00<?, ?it/s][A[A[A
100%|██████████| 4/4 [00:01<00:00,  3.26it/s]




  0%|          | 0/4 [00:00<?, ?it/s][A[A[A
100%|██████████| 4/4 [00:01<00:00,  3.24it/s]




  0%|          | 0/4 [00:00<?, ?it/s][A[A[A
100%|██████████| 4/4 [00:01<00:00,  3.25it/s]




  0%|          | 0/4 [00:00<?, ?it/s][A[A[A
100%|██████████| 4/4 [00:01<00:00,  3.25it/s]




  0%|          | 0/4 [00:00<?, ?it/s][A[A[A
100%|██████████| 4/4 [00:01<00:00,  3.26it/s]




  0%|          | 0/4 [00:00<?, ?it/s][A[A[A
100%|██████████| 4/4 [00:01<00:00,  3.23it/s]



Memory Creation loop:  33%|███▎      | 1396/4293 [42:54<1:28:58,  1.84s/it][A[A



  0%|          | 0/4 [00:00<?, ?it/s][A[A[A
100%|██████████| 4/4 [00:01<00:00,  3.26it/s]




  0%|          | 0/4 [00:00<?, ?it/s][A[A[A
100%|██████████| 4/4 [00:01<00:00,  3.25it/s]




  0%|          | 0/4 [00:00<?, ?it/s][A[A[A
100%|██████████| 4/4 [00:01<00:00,  3.24it/s]




  0%|          | 0/4 [00:00<?, ?it/s][A[A[A
100%|██████████| 4/4 [00:01<00:00,  3.25it/s]




  0%|          | 0/4 [00:00<?, ?it/s][A[A[A
100%|██████████| 4/4 [00:01<00:00,  3.25it/s]




  0%|          | 0/4 [00:00<?, ?it/s][A[A[A
100%|██████████| 4/4 [00:01<00:00,  3.24it/s]



Memory Creation loop:  33%|███▎      | 1402/4293 [43:05<1:28:48,  1.84s/it][A[A



  0%|          | 0/4 [00:00<?, ?it/s][A[A[A
100%|██████████| 4/4 [00:01<00:00,  3.26it/s]




  0%|          | 0/4 [00:00<?, ?it/s][A[A[A
100%|██████████| 4/4 [00:01<00:00,  3.17it/s]




  0%|          | 0/4 [00:00<?, ?it/s][A[A[A
100%|██████████| 4/4 [00:01<00:00,  3.26it/s]




  0%|          | 0/4 [00:00<?, ?it/s][A[A[A
100%|██████████| 4/4 [00:01<00:00,  3.26it/s]




  0%|          | 0/4 [00:00<?, ?it/s][A[A[A
100%|██████████| 4/4 [00:01<00:00,  3.26it/s]




  0%|          | 0/4 [00:00<?, ?it/s][A[A[A
100%|██████████| 4/4 [00:01<00:00,  3.26it/s]



Memory Creation loop:  33%|███▎      | 1408/4293 [43:16<1:28:43,  1.85s/it][A[A



  0%|          | 0/4 [00:00<?, ?it/s][A[A[A
100%|██████████| 4/4 [00:01<00:00,  3.26it/s]




  0%|          | 0/4 [00:00<?, ?it/s][A[A[A
100%|██████████| 4/4 [00:01<00:00,  3.25it/s]




  0%|          | 0/4 [00:00<?, ?it/s][A[A[A
100%|██████████| 4/4 [00:01<00:00,  3.26it/s]




  0%|          | 0/4 [00:00<?, ?it/s][A[A[A
100%|██████████| 4/4 [00:01<00:00,  3.25it/s]




  0%|          | 0/4 [00:00<?, ?it/s][A[A[A
100%|██████████| 4/4 [00:01<00:00,  3.26it/s]




  0%|          | 0/4 [00:00<?, ?it/s][A[A[A
100%|██████████| 4/4 [00:01<00:00,  3.26it/s]



Memory Creation loop:  33%|███▎      | 1414/4293 [43:27<1:28:29,  1.84s/it][A[A



  0%|          | 0/4 [00:00<?, ?it/s][A[A[A
100%|██████████| 4/4 [00:01<00:00,  3.27it/s]




  0%|          | 0/4 [00:00<?, ?it/s][A[A[A
100%|██████████| 4/4 [00:01<00:00,  3.27it/s]




  0%|          | 0/4 [00:00<?, ?it/s][A[A[A
100%|██████████| 4/4 [00:01<00:00,  3.25it/s]




  0%|          | 0/4 [00:00<?, ?it/s][A[A[A
100%|██████████| 4/4 [00:01<00:00,  3.24it/s]




  0%|          | 0/4 [00:00<?, ?it/s][A[A[A
100%|██████████| 4/4 [00:01<00:00,  3.26it/s]




  0%|          | 0/4 [00:00<?, ?it/s][A[A[A
100%|██████████| 4/4 [00:01<00:00,  3.25it/s]



Memory Creation loop:  33%|███▎      | 1420/4293 [43:38<1:28:16,  1.84s/it][A[A



  0%|          | 0/4 [00:00<?, ?it/s][A[A[A
100%|██████████| 4/4 [00:01<00:00,  3.27it/s]




  0%|          | 0/4 [00:00<?, ?it/s][A[A[A
100%|██████████| 4/4 [00:01<00:00,  3.25it/s]




  0%|          | 0/4 [00:00<?, ?it/s][A[A[A
100%|██████████| 4/4 [00:01<00:00,  3.26it/s]




  0%|          | 0/4 [00:00<?, ?it/s][A[A[A
100%|██████████| 4/4 [00:01<00:00,  3.25it/s]




  0%|          | 0/4 [00:00<?, ?it/s][A[A[A
100%|██████████| 4/4 [00:01<00:00,  3.25it/s]




  0%|          | 0/4 [00:00<?, ?it/s][A[A[A
100%|██████████| 4/4 [00:01<00:00,  3.26it/s]



Memory Creation loop:  33%|███▎      | 1426/4293 [43:49<1:28:02,  1.84s/it][A[A



  0%|          | 0/4 [00:00<?, ?it/s][A[A[A
100%|██████████| 4/4 [00:01<00:00,  3.26it/s]




  0%|          | 0/4 [00:00<?, ?it/s][A[A[A
100%|██████████| 4/4 [00:01<00:00,  3.25it/s]




  0%|          | 0/4 [00:00<?, ?it/s][A[A[A
100%|██████████| 4/4 [00:01<00:00,  3.26it/s]




  0%|          | 0/4 [00:00<?, ?it/s][A[A[A
100%|██████████| 4/4 [00:01<00:00,  3.26it/s]




  0%|          | 0/4 [00:00<?, ?it/s][A[A[A
100%|██████████| 4/4 [00:01<00:00,  3.25it/s]




  0%|          | 0/4 [00:00<?, ?it/s][A[A[A
100%|██████████| 4/4 [00:01<00:00,  3.25it/s]



Memory Creation loop:  33%|███▎      | 1432/4293 [44:00<1:27:50,  1.84s/it][A[A



  0%|          | 0/4 [00:00<?, ?it/s][A[A[A
100%|██████████| 4/4 [00:01<00:00,  3.26it/s]




  0%|          | 0/4 [00:00<?, ?it/s][A[A[A
100%|██████████| 4/4 [00:01<00:00,  3.26it/s]




  0%|          | 0/4 [00:00<?, ?it/s][A[A[A
100%|██████████| 4/4 [00:01<00:00,  3.26it/s]




  0%|          | 0/4 [00:00<?, ?it/s][A[A[A
100%|██████████| 4/4 [00:01<00:00,  3.25it/s]




  0%|          | 0/4 [00:00<?, ?it/s][A[A[A
100%|██████████| 4/4 [00:01<00:00,  3.26it/s]




  0%|          | 0/4 [00:00<?, ?it/s][A[A[A
100%|██████████| 4/4 [00:01<00:00,  3.26it/s]



Memory Creation loop:  33%|███▎      | 1438/4293 [44:11<1:27:38,  1.84s/it][A[A



  0%|          | 0/4 [00:00<?, ?it/s][A[A[A
100%|██████████| 4/4 [00:01<00:00,  3.25it/s]




  0%|          | 0/4 [00:00<?, ?it/s][A[A[A
100%|██████████| 4/4 [00:01<00:00,  3.25it/s]




  0%|          | 0/4 [00:00<?, ?it/s][A[A[A
100%|██████████| 4/4 [00:01<00:00,  3.26it/s]




  0%|          | 0/4 [00:00<?, ?it/s][A[A[A
100%|██████████| 4/4 [00:01<00:00,  3.25it/s]




  0%|          | 0/4 [00:00<?, ?it/s][A[A[A
100%|██████████| 4/4 [00:01<00:00,  3.25it/s]




  0%|          | 0/4 [00:00<?, ?it/s][A[A[A


Memory Creation loop:  33%|███▎      | 1438/4293 [44:22<1:27:38,  1.84s/it][A[A
100%|██████████| 4/4 [00:01<00:00,  3.24it/s]



Memory Creation loop:  34%|███▎      | 1444/4293 [44:22<1:27:28,  1.84s/it][A[A



  0%|          | 0/4 [00:00<?, ?it/s][A[A[A
100%|██████████| 4/4 [00:01<00:00,  3.26it/s]




  0%|          | 0/4 [00:00<?, ?it/s][A[A[A
100%|██████████| 4/4 [00:01<00:00,  3.25it/s]




  0%|          | 0/4 [00:00<?, ?it/s][A[A[A
100%|██████████| 4/4 [00:01<00:00,  3.26it/s]




  0%|          | 0/4 [00:00<?, ?it/s][A[A[A
100%|██████████| 4/4 [00:01<00:00,  3.26it/s]




  0%|          | 0/4 [00:00<?, ?it/s][A[A[A
100%|██████████| 4/4 [00:01<00:00,  3.25it/s]




  0%|          | 0/4 [00:00<?, ?it/s][A[A[A
100%|██████████| 4/4 [00:01<00:00,  3.26it/s]



Memory Creation loop:  34%|███▍      | 1450/4293 [44:33<1:27:14,  1.84s/it][A[A



  0%|          | 0/4 [00:00<?, ?it/s][A[A[A
100%|██████████| 4/4 [00:01<00:00,  3.25it/s]




  0%|          | 0/4 [00:00<?, ?it/s][A[A[A
100%|██████████| 4/4 [00:01<00:00,  3.25it/s]




  0%|          | 0/4 [00:00<?, ?it/s][A[A[A
100%|██████████| 4/4 [00:01<00:00,  3.25it/s]




  0%|          | 0/4 [00:00<?, ?it/s][A[A[A
100%|██████████| 4/4 [00:01<00:00,  3.26it/s]




  0%|          | 0/4 [00:00<?, ?it/s][A[A[A
100%|██████████| 4/4 [00:01<00:00,  3.26it/s]




  0%|          | 0/4 [00:00<?, ?it/s][A[A[A
100%|██████████| 4/4 [00:01<00:00,  3.25it/s]



Memory Creation loop:  34%|███▍      | 1456/4293 [44:45<1:27:03,  1.84s/it][A[A



  0%|          | 0/4 [00:00<?, ?it/s][A[A[A
100%|██████████| 4/4 [00:01<00:00,  3.26it/s]




  0%|          | 0/4 [00:00<?, ?it/s][A[A[A
100%|██████████| 4/4 [00:01<00:00,  3.26it/s]




  0%|          | 0/4 [00:00<?, ?it/s][A[A[A
100%|██████████| 4/4 [00:01<00:00,  3.26it/s]




  0%|          | 0/4 [00:00<?, ?it/s][A[A[A
100%|██████████| 4/4 [00:01<00:00,  3.25it/s]




  0%|          | 0/4 [00:00<?, ?it/s][A[A[A
100%|██████████| 4/4 [00:01<00:00,  3.26it/s]




  0%|          | 0/4 [00:00<?, ?it/s][A[A[A
100%|██████████| 4/4 [00:01<00:00,  3.26it/s]



Memory Creation loop:  34%|███▍      | 1462/4293 [44:56<1:26:50,  1.84s/it][A[A



  0%|          | 0/4 [00:00<?, ?it/s][A[A[A
100%|██████████| 4/4 [00:01<00:00,  3.24it/s]




  0%|          | 0/4 [00:00<?, ?it/s][A[A[A
100%|██████████| 4/4 [00:01<00:00,  3.23it/s]




  0%|          | 0/4 [00:00<?, ?it/s][A[A[A
100%|██████████| 4/4 [00:01<00:00,  3.24it/s]




  0%|          | 0/4 [00:00<?, ?it/s][A[A[A
100%|██████████| 4/4 [00:01<00:00,  3.25it/s]




  0%|          | 0/4 [00:00<?, ?it/s][A[A[A
100%|██████████| 4/4 [00:01<00:00,  3.24it/s]




  0%|          | 0/4 [00:00<?, ?it/s][A[A[A
100%|██████████| 4/4 [00:01<00:00,  3.23it/s]



Memory Creation loop:  34%|███▍      | 1468/4293 [45:07<1:26:45,  1.84s/it][A[A



  0%|          | 0/4 [00:00<?, ?it/s][A[A[A
100%|██████████| 4/4 [00:01<00:00,  3.25it/s]




  0%|          | 0/4 [00:00<?, ?it/s][A[A[A
100%|██████████| 4/4 [00:01<00:00,  3.26it/s]




  0%|          | 0/4 [00:00<?, ?it/s][A[A[A
100%|██████████| 4/4 [00:01<00:00,  3.25it/s]




  0%|          | 0/4 [00:00<?, ?it/s][A[A[A
100%|██████████| 4/4 [00:01<00:00,  3.25it/s]




  0%|          | 0/4 [00:00<?, ?it/s][A[A[A
100%|██████████| 4/4 [00:01<00:00,  3.25it/s]




  0%|          | 0/4 [00:00<?, ?it/s][A[A[A
100%|██████████| 4/4 [00:01<00:00,  3.25it/s]



Memory Creation loop:  34%|███▍      | 1474/4293 [45:18<1:26:36,  1.84s/it][A[A



  0%|          | 0/4 [00:00<?, ?it/s][A[A[A
100%|██████████| 4/4 [00:01<00:00,  3.25it/s]




  0%|          | 0/4 [00:00<?, ?it/s][A[A[A
100%|██████████| 4/4 [00:01<00:00,  3.26it/s]




  0%|          | 0/4 [00:00<?, ?it/s][A[A[A
100%|██████████| 4/4 [00:01<00:00,  3.27it/s]




  0%|          | 0/4 [00:00<?, ?it/s][A[A[A
100%|██████████| 4/4 [00:01<00:00,  3.26it/s]




  0%|          | 0/4 [00:00<?, ?it/s][A[A[A
100%|██████████| 4/4 [00:01<00:00,  3.25it/s]




  0%|          | 0/4 [00:00<?, ?it/s][A[A[A
100%|██████████| 4/4 [00:01<00:00,  3.24it/s]



Memory Creation loop:  34%|███▍      | 1480/4293 [45:29<1:26:23,  1.84s/it][A[A



  0%|          | 0/4 [00:00<?, ?it/s][A[A[A
100%|██████████| 4/4 [00:01<00:00,  3.26it/s]




  0%|          | 0/4 [00:00<?, ?it/s][A[A[A
100%|██████████| 4/4 [00:01<00:00,  3.25it/s]




  0%|          | 0/4 [00:00<?, ?it/s][A[A[A
100%|██████████| 4/4 [00:01<00:00,  3.26it/s]




  0%|          | 0/4 [00:00<?, ?it/s][A[A[A
100%|██████████| 4/4 [00:01<00:00,  3.25it/s]




  0%|          | 0/4 [00:00<?, ?it/s][A[A[A
100%|██████████| 4/4 [00:01<00:00,  3.26it/s]




  0%|          | 0/4 [00:00<?, ?it/s][A[A[A
100%|██████████| 4/4 [00:01<00:00,  3.25it/s]



Memory Creation loop:  35%|███▍      | 1486/4293 [45:40<1:26:12,  1.84s/it][A[A



  0%|          | 0/4 [00:00<?, ?it/s][A[A[A
100%|██████████| 4/4 [00:01<00:00,  3.24it/s]




  0%|          | 0/4 [00:00<?, ?it/s][A[A[A
100%|██████████| 4/4 [00:01<00:00,  3.24it/s]




  0%|          | 0/4 [00:00<?, ?it/s][A[A[A
100%|██████████| 4/4 [00:01<00:00,  3.25it/s]




  0%|          | 0/4 [00:00<?, ?it/s][A[A[A
100%|██████████| 4/4 [00:01<00:00,  3.25it/s]




  0%|          | 0/4 [00:00<?, ?it/s][A[A[A
100%|██████████| 4/4 [00:01<00:00,  3.26it/s]




  0%|          | 0/4 [00:00<?, ?it/s][A[A[A
100%|██████████| 4/4 [00:01<00:00,  3.25it/s]



Memory Creation loop:  35%|███▍      | 1492/4293 [45:51<1:26:01,  1.84s/it][A[A



  0%|          | 0/4 [00:00<?, ?it/s][A[A[A
100%|██████████| 4/4 [00:01<00:00,  3.26it/s]




  0%|          | 0/4 [00:00<?, ?it/s][A[A[A
100%|██████████| 4/4 [00:01<00:00,  3.26it/s]




  0%|          | 0/4 [00:00<?, ?it/s][A[A[A
100%|██████████| 4/4 [00:01<00:00,  3.24it/s]




  0%|          | 0/4 [00:00<?, ?it/s][A[A[A
100%|██████████| 4/4 [00:01<00:00,  3.23it/s]




  0%|          | 0/4 [00:00<?, ?it/s][A[A[A
100%|██████████| 4/4 [00:01<00:00,  3.26it/s]




  0%|          | 0/4 [00:00<?, ?it/s][A[A[A
100%|██████████| 4/4 [00:01<00:00,  3.25it/s]



Memory Creation loop:  35%|███▍      | 1498/4293 [46:02<1:25:51,  1.84s/it][A[A



  0%|          | 0/4 [00:00<?, ?it/s][A[A[A
100%|██████████| 4/4 [00:01<00:00,  3.24it/s]




  0%|          | 0/4 [00:00<?, ?it/s][A[A[A
100%|██████████| 4/4 [00:01<00:00,  3.25it/s]




  0%|          | 0/4 [00:00<?, ?it/s][A[A[A
100%|██████████| 4/4 [00:01<00:00,  3.26it/s]




  0%|          | 0/4 [00:00<?, ?it/s][A[A[A
100%|██████████| 4/4 [00:01<00:00,  3.26it/s]




  0%|          | 0/4 [00:00<?, ?it/s][A[A[A
100%|██████████| 4/4 [00:01<00:00,  3.25it/s]




  0%|          | 0/4 [00:00<?, ?it/s][A[A[A


Memory Creation loop:  35%|███▍      | 1498/4293 [46:12<1:25:51,  1.84s/it][A[A
100%|██████████| 4/4 [00:01<00:00,  3.26it/s]



Memory Creation loop:  35%|███▌      | 1504/4293 [46:13<1:25:37,  1.84s/it][A[A



  0%|          | 0/4 [00:00<?, ?it/s][A[A[A
100%|██████████| 4/4 [00:01<00:00,  3.26it/s]




  0%|          | 0/4 [00:00<?, ?it/s][A[A[A
100%|██████████| 4/4 [00:01<00:00,  3.25it/s]




  0%|          | 0/4 [00:00<?, ?it/s][A[A[A
100%|██████████| 4/4 [00:01<00:00,  3.25it/s]




  0%|          | 0/4 [00:00<?, ?it/s][A[A[A
100%|██████████| 4/4 [00:01<00:00,  3.25it/s]




  0%|          | 0/4 [00:00<?, ?it/s][A[A[A
100%|██████████| 4/4 [00:01<00:00,  3.26it/s]




  0%|          | 0/4 [00:00<?, ?it/s][A[A[A
100%|██████████| 4/4 [00:01<00:00,  3.26it/s]



Memory Creation loop:  35%|███▌      | 1510/4293 [46:24<1:25:26,  1.84s/it][A[A



  0%|          | 0/4 [00:00<?, ?it/s][A[A[A
100%|██████████| 4/4 [00:01<00:00,  3.26it/s]




  0%|          | 0/4 [00:00<?, ?it/s][A[A[A
100%|██████████| 4/4 [00:01<00:00,  3.26it/s]




  0%|          | 0/4 [00:00<?, ?it/s][A[A[A
100%|██████████| 4/4 [00:01<00:00,  3.25it/s]




  0%|          | 0/4 [00:00<?, ?it/s][A[A[A
100%|██████████| 4/4 [00:01<00:00,  3.25it/s]




  0%|          | 0/4 [00:00<?, ?it/s][A[A[A
100%|██████████| 4/4 [00:01<00:00,  3.25it/s]




  0%|          | 0/4 [00:00<?, ?it/s][A[A[A
100%|██████████| 4/4 [00:01<00:00,  3.25it/s]



Memory Creation loop:  35%|███▌      | 1516/4293 [46:35<1:25:14,  1.84s/it][A[A



  0%|          | 0/4 [00:00<?, ?it/s][A[A[A
100%|██████████| 4/4 [00:01<00:00,  3.27it/s]




  0%|          | 0/4 [00:00<?, ?it/s][A[A[A
100%|██████████| 4/4 [00:01<00:00,  3.27it/s]




  0%|          | 0/4 [00:00<?, ?it/s][A[A[A
100%|██████████| 4/4 [00:01<00:00,  3.25it/s]




  0%|          | 0/4 [00:00<?, ?it/s][A[A[A
100%|██████████| 4/4 [00:01<00:00,  3.25it/s]




  0%|          | 0/4 [00:00<?, ?it/s][A[A[A
100%|██████████| 4/4 [00:01<00:00,  3.26it/s]




  0%|          | 0/4 [00:00<?, ?it/s][A[A[A
100%|██████████| 4/4 [00:01<00:00,  3.26it/s]



Memory Creation loop:  35%|███▌      | 1522/4293 [46:46<1:25:01,  1.84s/it][A[A



  0%|          | 0/4 [00:00<?, ?it/s][A[A[A
100%|██████████| 4/4 [00:01<00:00,  3.25it/s]




  0%|          | 0/4 [00:00<?, ?it/s][A[A[A
100%|██████████| 4/4 [00:01<00:00,  3.25it/s]




  0%|          | 0/4 [00:00<?, ?it/s][A[A[A
100%|██████████| 4/4 [00:01<00:00,  3.26it/s]




  0%|          | 0/4 [00:00<?, ?it/s][A[A[A
100%|██████████| 4/4 [00:01<00:00,  3.26it/s]




  0%|          | 0/4 [00:00<?, ?it/s][A[A[A
100%|██████████| 4/4 [00:01<00:00,  3.24it/s]




  0%|          | 0/4 [00:00<?, ?it/s][A[A[A
100%|██████████| 4/4 [00:01<00:00,  3.25it/s]



Memory Creation loop:  36%|███▌      | 1528/4293 [46:57<1:24:52,  1.84s/it][A[A



  0%|          | 0/4 [00:00<?, ?it/s][A[A[A
100%|██████████| 4/4 [00:01<00:00,  3.25it/s]




  0%|          | 0/4 [00:00<?, ?it/s][A[A[A
100%|██████████| 4/4 [00:01<00:00,  3.26it/s]




  0%|          | 0/4 [00:00<?, ?it/s][A[A[A
100%|██████████| 4/4 [00:01<00:00,  3.26it/s]




  0%|          | 0/4 [00:00<?, ?it/s][A[A[A
100%|██████████| 4/4 [00:01<00:00,  3.26it/s]




  0%|          | 0/4 [00:00<?, ?it/s][A[A[A
100%|██████████| 4/4 [00:01<00:00,  3.26it/s]




  0%|          | 0/4 [00:00<?, ?it/s][A[A[A
100%|██████████| 4/4 [00:01<00:00,  3.26it/s]



Memory Creation loop:  36%|███▌      | 1534/4293 [47:08<1:24:39,  1.84s/it][A[A



  0%|          | 0/4 [00:00<?, ?it/s][A[A[A
100%|██████████| 4/4 [00:01<00:00,  3.24it/s]




  0%|          | 0/4 [00:00<?, ?it/s][A[A[A
100%|██████████| 4/4 [00:01<00:00,  3.25it/s]




  0%|          | 0/4 [00:00<?, ?it/s][A[A[A
100%|██████████| 4/4 [00:01<00:00,  3.25it/s]




  0%|          | 0/4 [00:00<?, ?it/s][A[A[A
100%|██████████| 4/4 [00:01<00:00,  3.25it/s]




  0%|          | 0/4 [00:00<?, ?it/s][A[A[A
100%|██████████| 4/4 [00:01<00:00,  3.25it/s]




  0%|          | 0/4 [00:00<?, ?it/s][A[A[A
100%|██████████| 4/4 [00:01<00:00,  3.26it/s]



Memory Creation loop:  36%|███▌      | 1540/4293 [47:19<1:24:30,  1.84s/it][A[A



  0%|          | 0/4 [00:00<?, ?it/s][A[A[A
100%|██████████| 4/4 [00:01<00:00,  3.28it/s]




  0%|          | 0/4 [00:00<?, ?it/s][A[A[A
100%|██████████| 4/4 [00:01<00:00,  3.27it/s]




  0%|          | 0/4 [00:00<?, ?it/s][A[A[A
100%|██████████| 4/4 [00:01<00:00,  3.26it/s]




  0%|          | 0/4 [00:00<?, ?it/s][A[A[A
100%|██████████| 4/4 [00:01<00:00,  3.25it/s]




  0%|          | 0/4 [00:00<?, ?it/s][A[A[A
100%|██████████| 4/4 [00:01<00:00,  3.26it/s]




  0%|          | 0/4 [00:00<?, ?it/s][A[A[A
100%|██████████| 4/4 [00:01<00:00,  3.25it/s]



Memory Creation loop:  36%|███▌      | 1546/4293 [47:30<1:24:16,  1.84s/it][A[A



  0%|          | 0/4 [00:00<?, ?it/s][A[A[A
100%|██████████| 4/4 [00:01<00:00,  3.26it/s]




  0%|          | 0/4 [00:00<?, ?it/s][A[A[A
100%|██████████| 4/4 [00:01<00:00,  3.26it/s]




  0%|          | 0/4 [00:00<?, ?it/s][A[A[A
100%|██████████| 4/4 [00:01<00:00,  3.27it/s]




  0%|          | 0/4 [00:00<?, ?it/s][A[A[A
100%|██████████| 4/4 [00:01<00:00,  3.24it/s]




  0%|          | 0/4 [00:00<?, ?it/s][A[A[A
100%|██████████| 4/4 [00:01<00:00,  3.24it/s]




  0%|          | 0/4 [00:00<?, ?it/s][A[A[A
100%|██████████| 4/4 [00:01<00:00,  3.25it/s]



Memory Creation loop:  36%|███▌      | 1552/4293 [47:41<1:24:07,  1.84s/it][A[A



  0%|          | 0/4 [00:00<?, ?it/s][A[A[A
100%|██████████| 4/4 [00:01<00:00,  3.25it/s]




  0%|          | 0/4 [00:00<?, ?it/s][A[A[A
100%|██████████| 4/4 [00:01<00:00,  3.24it/s]




  0%|          | 0/4 [00:00<?, ?it/s][A[A[A
100%|██████████| 4/4 [00:01<00:00,  3.26it/s]




  0%|          | 0/4 [00:00<?, ?it/s][A[A[A
100%|██████████| 4/4 [00:01<00:00,  3.25it/s]




  0%|          | 0/4 [00:00<?, ?it/s][A[A[A
100%|██████████| 4/4 [00:01<00:00,  3.27it/s]




  0%|          | 0/4 [00:00<?, ?it/s][A[A[A


Memory Creation loop:  36%|███▌      | 1552/4293 [47:52<1:24:07,  1.84s/it][A[A
100%|██████████| 4/4 [00:01<00:00,  3.27it/s]



Memory Creation loop:  36%|███▋      | 1558/4293 [47:52<1:23:54,  1.84s/it][A[A



  0%|          | 0/4 [00:00<?, ?it/s][A[A[A
100%|██████████| 4/4 [00:01<00:00,  3.26it/s]




  0%|          | 0/4 [00:00<?, ?it/s][A[A[A
100%|██████████| 4/4 [00:01<00:00,  3.25it/s]




  0%|          | 0/4 [00:00<?, ?it/s][A[A[A
100%|██████████| 4/4 [00:01<00:00,  3.26it/s]




  0%|          | 0/4 [00:00<?, ?it/s][A[A[A
100%|██████████| 4/4 [00:01<00:00,  3.26it/s]




  0%|          | 0/4 [00:00<?, ?it/s][A[A[A
100%|██████████| 4/4 [00:01<00:00,  3.26it/s]




  0%|          | 0/4 [00:00<?, ?it/s][A[A[A
100%|██████████| 4/4 [00:01<00:00,  3.26it/s]



Memory Creation loop:  36%|███▋      | 1564/4293 [48:03<1:23:43,  1.84s/it][A[A



  0%|          | 0/4 [00:00<?, ?it/s][A[A[A
100%|██████████| 4/4 [00:01<00:00,  3.26it/s]




  0%|          | 0/4 [00:00<?, ?it/s][A[A[A
100%|██████████| 4/4 [00:01<00:00,  3.25it/s]




  0%|          | 0/4 [00:00<?, ?it/s][A[A[A
100%|██████████| 4/4 [00:01<00:00,  3.24it/s]




  0%|          | 0/4 [00:00<?, ?it/s][A[A[A
100%|██████████| 4/4 [00:01<00:00,  3.25it/s]




  0%|          | 0/4 [00:00<?, ?it/s][A[A[A
100%|██████████| 4/4 [00:01<00:00,  3.25it/s]




  0%|          | 0/4 [00:00<?, ?it/s][A[A[A
100%|██████████| 4/4 [00:01<00:00,  3.25it/s]



Memory Creation loop:  37%|███▋      | 1570/4293 [48:14<1:23:32,  1.84s/it][A[A



  0%|          | 0/4 [00:00<?, ?it/s][A[A[A
100%|██████████| 4/4 [00:01<00:00,  3.25it/s]




  0%|          | 0/4 [00:00<?, ?it/s][A[A[A
100%|██████████| 4/4 [00:01<00:00,  3.24it/s]




  0%|          | 0/4 [00:00<?, ?it/s][A[A[A
100%|██████████| 4/4 [00:01<00:00,  3.26it/s]




  0%|          | 0/4 [00:00<?, ?it/s][A[A[A
100%|██████████| 4/4 [00:01<00:00,  3.26it/s]




  0%|          | 0/4 [00:00<?, ?it/s][A[A[A
100%|██████████| 4/4 [00:01<00:00,  3.24it/s]




  0%|          | 0/4 [00:00<?, ?it/s][A[A[A
100%|██████████| 4/4 [00:01<00:00,  3.25it/s]



Memory Creation loop:  37%|███▋      | 1576/4293 [48:26<1:23:26,  1.84s/it][A[A



  0%|          | 0/4 [00:00<?, ?it/s][A[A[A
100%|██████████| 4/4 [00:01<00:00,  3.25it/s]




  0%|          | 0/4 [00:00<?, ?it/s][A[A[A
100%|██████████| 4/4 [00:01<00:00,  3.25it/s]




  0%|          | 0/4 [00:00<?, ?it/s][A[A[A
100%|██████████| 4/4 [00:01<00:00,  3.25it/s]




  0%|          | 0/4 [00:00<?, ?it/s][A[A[A
100%|██████████| 4/4 [00:01<00:00,  3.25it/s]




  0%|          | 0/4 [00:00<?, ?it/s][A[A[A
100%|██████████| 4/4 [00:01<00:00,  3.26it/s]




  0%|          | 0/4 [00:00<?, ?it/s][A[A[A
100%|██████████| 4/4 [00:01<00:00,  3.26it/s]



Memory Creation loop:  37%|███▋      | 1582/4293 [48:37<1:23:13,  1.84s/it][A[A



  0%|          | 0/4 [00:00<?, ?it/s][A[A[A
100%|██████████| 4/4 [00:01<00:00,  3.25it/s]




  0%|          | 0/4 [00:00<?, ?it/s][A[A[A
100%|██████████| 4/4 [00:01<00:00,  3.25it/s]




  0%|          | 0/4 [00:00<?, ?it/s][A[A[A
100%|██████████| 4/4 [00:01<00:00,  3.25it/s]




  0%|          | 0/4 [00:00<?, ?it/s][A[A[A
100%|██████████| 4/4 [00:01<00:00,  3.25it/s]




  0%|          | 0/4 [00:00<?, ?it/s][A[A[A
100%|██████████| 4/4 [00:01<00:00,  3.25it/s]




  0%|          | 0/4 [00:00<?, ?it/s][A[A[A
100%|██████████| 4/4 [00:01<00:00,  3.25it/s]



Memory Creation loop:  37%|███▋      | 1588/4293 [48:48<1:23:02,  1.84s/it][A[A



  0%|          | 0/4 [00:00<?, ?it/s][A[A[A
100%|██████████| 4/4 [00:01<00:00,  3.27it/s]




  0%|          | 0/4 [00:00<?, ?it/s][A[A[A
100%|██████████| 4/4 [00:01<00:00,  3.26it/s]




  0%|          | 0/4 [00:00<?, ?it/s][A[A[A
100%|██████████| 4/4 [00:01<00:00,  3.26it/s]




  0%|          | 0/4 [00:00<?, ?it/s][A[A[A
100%|██████████| 4/4 [00:01<00:00,  3.25it/s]




  0%|          | 0/4 [00:00<?, ?it/s][A[A[A
100%|██████████| 4/4 [00:01<00:00,  3.25it/s]




  0%|          | 0/4 [00:00<?, ?it/s][A[A[A
100%|██████████| 4/4 [00:01<00:00,  3.26it/s]



Memory Creation loop:  37%|███▋      | 1594/4293 [48:59<1:22:48,  1.84s/it][A[A



  0%|          | 0/4 [00:00<?, ?it/s][A[A[A
100%|██████████| 4/4 [00:01<00:00,  3.26it/s]




  0%|          | 0/4 [00:00<?, ?it/s][A[A[A
100%|██████████| 4/4 [00:01<00:00,  3.25it/s]




  0%|          | 0/4 [00:00<?, ?it/s][A[A[A
100%|██████████| 4/4 [00:01<00:00,  3.26it/s]




  0%|          | 0/4 [00:00<?, ?it/s][A[A[A
100%|██████████| 4/4 [00:01<00:00,  3.27it/s]




  0%|          | 0/4 [00:00<?, ?it/s][A[A[A
100%|██████████| 4/4 [00:01<00:00,  3.25it/s]




  0%|          | 0/4 [00:00<?, ?it/s][A[A[A
100%|██████████| 4/4 [00:01<00:00,  3.24it/s]



Memory Creation loop:  37%|███▋      | 1600/4293 [49:10<1:22:37,  1.84s/it][A[A



  0%|          | 0/4 [00:00<?, ?it/s][A[A[A
100%|██████████| 4/4 [00:01<00:00,  3.25it/s]




  0%|          | 0/4 [00:00<?, ?it/s][A[A[A
100%|██████████| 4/4 [00:01<00:00,  3.25it/s]




  0%|          | 0/4 [00:00<?, ?it/s][A[A[A
100%|██████████| 4/4 [00:01<00:00,  3.25it/s]




  0%|          | 0/4 [00:00<?, ?it/s][A[A[A
100%|██████████| 4/4 [00:01<00:00,  3.25it/s]




  0%|          | 0/4 [00:00<?, ?it/s][A[A[A
100%|██████████| 4/4 [00:01<00:00,  3.26it/s]




  0%|          | 0/4 [00:00<?, ?it/s][A[A[A
100%|██████████| 4/4 [00:01<00:00,  3.26it/s]



Memory Creation loop:  37%|███▋      | 1606/4293 [49:21<1:22:29,  1.84s/it][A[A



  0%|          | 0/4 [00:00<?, ?it/s][A[A[A
100%|██████████| 4/4 [00:01<00:00,  3.24it/s]




  0%|          | 0/4 [00:00<?, ?it/s][A[A[A
100%|██████████| 4/4 [00:01<00:00,  3.24it/s]




  0%|          | 0/4 [00:00<?, ?it/s][A[A[A
100%|██████████| 4/4 [00:01<00:00,  3.24it/s]




  0%|          | 0/4 [00:00<?, ?it/s][A[A[A
100%|██████████| 4/4 [00:01<00:00,  3.24it/s]




  0%|          | 0/4 [00:00<?, ?it/s][A[A[A
100%|██████████| 4/4 [00:01<00:00,  3.25it/s]




  0%|          | 0/4 [00:00<?, ?it/s][A[A[A
100%|██████████| 4/4 [00:01<00:00,  3.25it/s]



Memory Creation loop:  38%|███▊      | 1612/4293 [49:32<1:22:20,  1.84s/it][A[A



  0%|          | 0/4 [00:00<?, ?it/s][A[A[A
100%|██████████| 4/4 [00:01<00:00,  3.26it/s]




  0%|          | 0/4 [00:00<?, ?it/s][A[A[A
100%|██████████| 4/4 [00:01<00:00,  3.25it/s]




  0%|          | 0/4 [00:00<?, ?it/s][A[A[A
100%|██████████| 4/4 [00:01<00:00,  3.25it/s]




  0%|          | 0/4 [00:00<?, ?it/s][A[A[A
100%|██████████| 4/4 [00:01<00:00,  3.26it/s]




  0%|          | 0/4 [00:00<?, ?it/s][A[A[A
100%|██████████| 4/4 [00:01<00:00,  3.25it/s]




  0%|          | 0/4 [00:00<?, ?it/s][A[A[A


Memory Creation loop:  38%|███▊      | 1612/4293 [49:42<1:22:20,  1.84s/it][A[A
100%|██████████| 4/4 [00:01<00:00,  3.26it/s]



Memory Creation loop:  38%|███▊      | 1618/4293 [49:43<1:22:08,  1.84s/it][A[A



  0%|          | 0/4 [00:00<?, ?it/s][A[A[A
100%|██████████| 4/4 [00:01<00:00,  3.26it/s]




  0%|          | 0/4 [00:00<?, ?it/s][A[A[A
100%|██████████| 4/4 [00:01<00:00,  3.26it/s]




  0%|          | 0/4 [00:00<?, ?it/s][A[A[A
100%|██████████| 4/4 [00:01<00:00,  3.27it/s]




  0%|          | 0/4 [00:00<?, ?it/s][A[A[A
100%|██████████| 4/4 [00:01<00:00,  3.27it/s]




  0%|          | 0/4 [00:00<?, ?it/s][A[A[A
100%|██████████| 4/4 [00:01<00:00,  3.26it/s]




  0%|          | 0/4 [00:00<?, ?it/s][A[A[A
100%|██████████| 4/4 [00:01<00:00,  3.25it/s]



Memory Creation loop:  38%|███▊      | 1624/4293 [49:54<1:21:54,  1.84s/it][A[A



  0%|          | 0/4 [00:00<?, ?it/s][A[A[A
100%|██████████| 4/4 [00:01<00:00,  3.26it/s]




  0%|          | 0/4 [00:00<?, ?it/s][A[A[A
100%|██████████| 4/4 [00:01<00:00,  3.26it/s]




  0%|          | 0/4 [00:00<?, ?it/s][A[A[A
100%|██████████| 4/4 [00:01<00:00,  3.26it/s]




  0%|          | 0/4 [00:00<?, ?it/s][A[A[A
100%|██████████| 4/4 [00:01<00:00,  3.25it/s]




  0%|          | 0/4 [00:00<?, ?it/s][A[A[A
100%|██████████| 4/4 [00:01<00:00,  3.25it/s]




  0%|          | 0/4 [00:00<?, ?it/s][A[A[A
100%|██████████| 4/4 [00:01<00:00,  3.26it/s]



Memory Creation loop:  38%|███▊      | 1630/4293 [50:05<1:21:44,  1.84s/it][A[A



  0%|          | 0/4 [00:00<?, ?it/s][A[A[A
100%|██████████| 4/4 [00:01<00:00,  3.26it/s]




  0%|          | 0/4 [00:00<?, ?it/s][A[A[A
100%|██████████| 4/4 [00:01<00:00,  3.17it/s]




  0%|          | 0/4 [00:00<?, ?it/s][A[A[A
100%|██████████| 4/4 [00:01<00:00,  3.25it/s]




  0%|          | 0/4 [00:00<?, ?it/s][A[A[A
100%|██████████| 4/4 [00:01<00:00,  3.25it/s]




  0%|          | 0/4 [00:00<?, ?it/s][A[A[A
100%|██████████| 4/4 [00:01<00:00,  3.25it/s]




  0%|          | 0/4 [00:00<?, ?it/s][A[A[A
100%|██████████| 4/4 [00:01<00:00,  3.23it/s]



Memory Creation loop:  38%|███▊      | 1636/4293 [50:16<1:21:39,  1.84s/it][A[A



  0%|          | 0/4 [00:00<?, ?it/s][A[A[A
100%|██████████| 4/4 [00:01<00:00,  3.26it/s]




  0%|          | 0/4 [00:00<?, ?it/s][A[A[A
100%|██████████| 4/4 [00:01<00:00,  3.25it/s]




  0%|          | 0/4 [00:00<?, ?it/s][A[A[A
100%|██████████| 4/4 [00:01<00:00,  3.25it/s]




  0%|          | 0/4 [00:00<?, ?it/s][A[A[A
100%|██████████| 4/4 [00:01<00:00,  3.25it/s]




  0%|          | 0/4 [00:00<?, ?it/s][A[A[A
100%|██████████| 4/4 [00:01<00:00,  3.25it/s]




  0%|          | 0/4 [00:00<?, ?it/s][A[A[A
100%|██████████| 4/4 [00:01<00:00,  3.25it/s]



Memory Creation loop:  38%|███▊      | 1642/4293 [50:27<1:21:27,  1.84s/it][A[A



  0%|          | 0/4 [00:00<?, ?it/s][A[A[A
100%|██████████| 4/4 [00:01<00:00,  3.25it/s]




  0%|          | 0/4 [00:00<?, ?it/s][A[A[A
100%|██████████| 4/4 [00:01<00:00,  3.25it/s]




  0%|          | 0/4 [00:00<?, ?it/s][A[A[A
100%|██████████| 4/4 [00:01<00:00,  3.27it/s]




  0%|          | 0/4 [00:00<?, ?it/s][A[A[A
100%|██████████| 4/4 [00:01<00:00,  3.26it/s]




  0%|          | 0/4 [00:00<?, ?it/s][A[A[A
100%|██████████| 4/4 [00:01<00:00,  3.25it/s]




  0%|          | 0/4 [00:00<?, ?it/s][A[A[A
100%|██████████| 4/4 [00:01<00:00,  3.24it/s]



Memory Creation loop:  38%|███▊      | 1648/4293 [50:38<1:21:14,  1.84s/it][A[A



  0%|          | 0/4 [00:00<?, ?it/s][A[A[A
100%|██████████| 4/4 [00:01<00:00,  3.25it/s]




  0%|          | 0/4 [00:00<?, ?it/s][A[A[A
100%|██████████| 4/4 [00:01<00:00,  3.24it/s]




  0%|          | 0/4 [00:00<?, ?it/s][A[A[A
100%|██████████| 4/4 [00:01<00:00,  3.25it/s]




  0%|          | 0/4 [00:00<?, ?it/s][A[A[A
100%|██████████| 4/4 [00:01<00:00,  3.24it/s]




  0%|          | 0/4 [00:00<?, ?it/s][A[A[A
100%|██████████| 4/4 [00:01<00:00,  3.25it/s]




  0%|          | 0/4 [00:00<?, ?it/s][A[A[A
100%|██████████| 4/4 [00:01<00:00,  3.26it/s]



Memory Creation loop:  39%|███▊      | 1654/4293 [50:49<1:21:06,  1.84s/it][A[A



  0%|          | 0/4 [00:00<?, ?it/s][A[A[A
100%|██████████| 4/4 [00:01<00:00,  3.26it/s]




  0%|          | 0/4 [00:00<?, ?it/s][A[A[A
100%|██████████| 4/4 [00:01<00:00,  3.26it/s]




  0%|          | 0/4 [00:00<?, ?it/s][A[A[A
100%|██████████| 4/4 [00:01<00:00,  3.26it/s]




  0%|          | 0/4 [00:00<?, ?it/s][A[A[A
100%|██████████| 4/4 [00:01<00:00,  3.25it/s]




  0%|          | 0/4 [00:00<?, ?it/s][A[A[A
100%|██████████| 4/4 [00:01<00:00,  3.25it/s]




  0%|          | 0/4 [00:00<?, ?it/s][A[A[A
100%|██████████| 4/4 [00:01<00:00,  3.24it/s]



Memory Creation loop:  39%|███▊      | 1660/4293 [51:00<1:20:53,  1.84s/it][A[A



  0%|          | 0/4 [00:00<?, ?it/s][A[A[A
100%|██████████| 4/4 [00:01<00:00,  3.25it/s]




  0%|          | 0/4 [00:00<?, ?it/s][A[A[A
100%|██████████| 4/4 [00:01<00:00,  3.26it/s]




  0%|          | 0/4 [00:00<?, ?it/s][A[A[A
100%|██████████| 4/4 [00:01<00:00,  3.24it/s]




  0%|          | 0/4 [00:00<?, ?it/s][A[A[A
100%|██████████| 4/4 [00:01<00:00,  3.24it/s]




  0%|          | 0/4 [00:00<?, ?it/s][A[A[A
100%|██████████| 4/4 [00:01<00:00,  3.25it/s]




  0%|          | 0/4 [00:00<?, ?it/s][A[A[A
100%|██████████| 4/4 [00:01<00:00,  3.25it/s]



Memory Creation loop:  39%|███▉      | 1666/4293 [51:11<1:20:45,  1.84s/it][A[A



  0%|          | 0/4 [00:00<?, ?it/s][A[A[A
100%|██████████| 4/4 [00:01<00:00,  3.25it/s]




  0%|          | 0/4 [00:00<?, ?it/s][A[A[A
100%|██████████| 4/4 [00:01<00:00,  3.24it/s]




  0%|          | 0/4 [00:00<?, ?it/s][A[A[A
100%|██████████| 4/4 [00:01<00:00,  3.26it/s]




  0%|          | 0/4 [00:00<?, ?it/s][A[A[A
100%|██████████| 4/4 [00:01<00:00,  3.25it/s]




  0%|          | 0/4 [00:00<?, ?it/s][A[A[A
100%|██████████| 4/4 [00:01<00:00,  3.25it/s]




  0%|          | 0/4 [00:00<?, ?it/s][A[A[A


Memory Creation loop:  39%|███▉      | 1666/4293 [51:22<1:20:45,  1.84s/it][A[A
100%|██████████| 4/4 [00:01<00:00,  3.25it/s]



Memory Creation loop:  39%|███▉      | 1672/4293 [51:22<1:20:33,  1.84s/it][A[A



  0%|          | 0/4 [00:00<?, ?it/s][A[A[A
100%|██████████| 4/4 [00:01<00:00,  3.26it/s]




  0%|          | 0/4 [00:00<?, ?it/s][A[A[A
100%|██████████| 4/4 [00:01<00:00,  3.25it/s]




  0%|          | 0/4 [00:00<?, ?it/s][A[A[A
100%|██████████| 4/4 [00:01<00:00,  3.25it/s]




  0%|          | 0/4 [00:00<?, ?it/s][A[A[A
100%|██████████| 4/4 [00:01<00:00,  3.25it/s]




  0%|          | 0/4 [00:00<?, ?it/s][A[A[A
100%|██████████| 4/4 [00:01<00:00,  3.26it/s]




  0%|          | 0/4 [00:00<?, ?it/s][A[A[A
100%|██████████| 4/4 [00:01<00:00,  3.26it/s]



Memory Creation loop:  39%|███▉      | 1678/4293 [51:34<1:20:23,  1.84s/it][A[A



  0%|          | 0/4 [00:00<?, ?it/s][A[A[A
100%|██████████| 4/4 [00:01<00:00,  3.24it/s]




  0%|          | 0/4 [00:00<?, ?it/s][A[A[A
100%|██████████| 4/4 [00:01<00:00,  3.24it/s]




  0%|          | 0/4 [00:00<?, ?it/s][A[A[A
100%|██████████| 4/4 [00:01<00:00,  3.25it/s]




  0%|          | 0/4 [00:00<?, ?it/s][A[A[A
100%|██████████| 4/4 [00:01<00:00,  3.25it/s]




  0%|          | 0/4 [00:00<?, ?it/s][A[A[A
100%|██████████| 4/4 [00:01<00:00,  3.24it/s]




  0%|          | 0/4 [00:00<?, ?it/s][A[A[A
100%|██████████| 4/4 [00:01<00:00,  3.24it/s]



Memory Creation loop:  39%|███▉      | 1684/4293 [51:45<1:20:14,  1.85s/it][A[A



  0%|          | 0/4 [00:00<?, ?it/s][A[A[A
100%|██████████| 4/4 [00:01<00:00,  3.26it/s]




  0%|          | 0/4 [00:00<?, ?it/s][A[A[A
100%|██████████| 4/4 [00:01<00:00,  3.26it/s]




  0%|          | 0/4 [00:00<?, ?it/s][A[A[A
100%|██████████| 4/4 [00:01<00:00,  3.25it/s]




  0%|          | 0/4 [00:00<?, ?it/s][A[A[A
100%|██████████| 4/4 [00:01<00:00,  3.26it/s]




  0%|          | 0/4 [00:00<?, ?it/s][A[A[A
100%|██████████| 4/4 [00:01<00:00,  3.26it/s]




  0%|          | 0/4 [00:00<?, ?it/s][A[A[A
100%|██████████| 4/4 [00:01<00:00,  3.26it/s]



Memory Creation loop:  39%|███▉      | 1690/4293 [51:56<1:20:00,  1.84s/it][A[A



  0%|          | 0/4 [00:00<?, ?it/s][A[A[A
100%|██████████| 4/4 [00:01<00:00,  3.26it/s]




  0%|          | 0/4 [00:00<?, ?it/s][A[A[A
100%|██████████| 4/4 [00:01<00:00,  3.26it/s]




  0%|          | 0/4 [00:00<?, ?it/s][A[A[A
100%|██████████| 4/4 [00:01<00:00,  3.26it/s]




  0%|          | 0/4 [00:00<?, ?it/s][A[A[A
100%|██████████| 4/4 [00:01<00:00,  3.25it/s]




  0%|          | 0/4 [00:00<?, ?it/s][A[A[A
100%|██████████| 4/4 [00:01<00:00,  3.24it/s]




  0%|          | 0/4 [00:00<?, ?it/s][A[A[A
100%|██████████| 4/4 [00:01<00:00,  3.26it/s]



Memory Creation loop:  40%|███▉      | 1696/4293 [52:07<1:19:48,  1.84s/it][A[A



  0%|          | 0/4 [00:00<?, ?it/s][A[A[A
100%|██████████| 4/4 [00:01<00:00,  3.27it/s]




  0%|          | 0/4 [00:00<?, ?it/s][A[A[A
100%|██████████| 4/4 [00:01<00:00,  3.25it/s]




  0%|          | 0/4 [00:00<?, ?it/s][A[A[A
100%|██████████| 4/4 [00:01<00:00,  3.25it/s]




  0%|          | 0/4 [00:00<?, ?it/s][A[A[A
100%|██████████| 4/4 [00:01<00:00,  3.26it/s]




  0%|          | 0/4 [00:00<?, ?it/s][A[A[A
100%|██████████| 4/4 [00:01<00:00,  3.26it/s]




  0%|          | 0/4 [00:00<?, ?it/s][A[A[A
100%|██████████| 4/4 [00:01<00:00,  3.26it/s]



Memory Creation loop:  40%|███▉      | 1702/4293 [52:18<1:19:33,  1.84s/it][A[A



  0%|          | 0/4 [00:00<?, ?it/s][A[A[A
100%|██████████| 4/4 [00:01<00:00,  3.25it/s]




  0%|          | 0/4 [00:00<?, ?it/s][A[A[A
100%|██████████| 4/4 [00:01<00:00,  3.26it/s]




  0%|          | 0/4 [00:00<?, ?it/s][A[A[A
100%|██████████| 4/4 [00:01<00:00,  3.26it/s]




  0%|          | 0/4 [00:00<?, ?it/s][A[A[A
100%|██████████| 4/4 [00:01<00:00,  3.25it/s]




  0%|          | 0/4 [00:00<?, ?it/s][A[A[A
100%|██████████| 4/4 [00:01<00:00,  3.25it/s]




  0%|          | 0/4 [00:00<?, ?it/s][A[A[A
100%|██████████| 4/4 [00:01<00:00,  3.26it/s]



Memory Creation loop:  40%|███▉      | 1708/4293 [52:29<1:19:21,  1.84s/it][A[A



  0%|          | 0/4 [00:00<?, ?it/s][A[A[A
100%|██████████| 4/4 [00:01<00:00,  3.26it/s]




  0%|          | 0/4 [00:00<?, ?it/s][A[A[A
100%|██████████| 4/4 [00:01<00:00,  3.26it/s]




  0%|          | 0/4 [00:00<?, ?it/s][A[A[A
100%|██████████| 4/4 [00:01<00:00,  3.25it/s]




  0%|          | 0/4 [00:00<?, ?it/s][A[A[A
100%|██████████| 4/4 [00:01<00:00,  3.25it/s]




  0%|          | 0/4 [00:00<?, ?it/s][A[A[A
100%|██████████| 4/4 [00:01<00:00,  3.25it/s]




  0%|          | 0/4 [00:00<?, ?it/s][A[A[A
100%|██████████| 4/4 [00:01<00:00,  3.25it/s]



Memory Creation loop:  40%|███▉      | 1714/4293 [52:40<1:19:10,  1.84s/it][A[A



  0%|          | 0/4 [00:00<?, ?it/s][A[A[A
100%|██████████| 4/4 [00:01<00:00,  3.26it/s]




  0%|          | 0/4 [00:00<?, ?it/s][A[A[A
100%|██████████| 4/4 [00:01<00:00,  3.25it/s]




  0%|          | 0/4 [00:00<?, ?it/s][A[A[A
100%|██████████| 4/4 [00:01<00:00,  3.27it/s]




  0%|          | 0/4 [00:00<?, ?it/s][A[A[A
100%|██████████| 4/4 [00:01<00:00,  3.26it/s]




  0%|          | 0/4 [00:00<?, ?it/s][A[A[A
100%|██████████| 4/4 [00:01<00:00,  3.24it/s]




  0%|          | 0/4 [00:00<?, ?it/s][A[A[A
100%|██████████| 4/4 [00:01<00:00,  3.24it/s]



Memory Creation loop:  40%|████      | 1720/4293 [52:51<1:19:01,  1.84s/it][A[A



  0%|          | 0/4 [00:00<?, ?it/s][A[A[A
100%|██████████| 4/4 [00:01<00:00,  3.25it/s]




  0%|          | 0/4 [00:00<?, ?it/s][A[A[A
100%|██████████| 4/4 [00:01<00:00,  3.25it/s]




  0%|          | 0/4 [00:00<?, ?it/s][A[A[A
100%|██████████| 4/4 [00:01<00:00,  3.25it/s]




  0%|          | 0/4 [00:00<?, ?it/s][A[A[A
100%|██████████| 4/4 [00:01<00:00,  3.25it/s]




  0%|          | 0/4 [00:00<?, ?it/s][A[A[A
100%|██████████| 4/4 [00:01<00:00,  3.26it/s]




  0%|          | 0/4 [00:00<?, ?it/s][A[A[A
100%|██████████| 4/4 [00:01<00:00,  3.25it/s]



Memory Creation loop:  40%|████      | 1726/4293 [53:02<1:18:50,  1.84s/it][A[A



  0%|          | 0/4 [00:00<?, ?it/s][A[A[A
100%|██████████| 4/4 [00:01<00:00,  3.26it/s]




  0%|          | 0/4 [00:00<?, ?it/s][A[A[A
100%|██████████| 4/4 [00:01<00:00,  3.25it/s]




  0%|          | 0/4 [00:00<?, ?it/s][A[A[A
100%|██████████| 4/4 [00:01<00:00,  3.25it/s]




  0%|          | 0/4 [00:00<?, ?it/s][A[A[A
100%|██████████| 4/4 [00:01<00:00,  3.25it/s]




  0%|          | 0/4 [00:00<?, ?it/s][A[A[A
100%|██████████| 4/4 [00:01<00:00,  3.26it/s]




  0%|          | 0/4 [00:00<?, ?it/s][A[A[A


Memory Creation loop:  40%|████      | 1726/4293 [53:12<1:18:50,  1.84s/it][A[A
100%|██████████| 4/4 [00:01<00:00,  3.25it/s]



Memory Creation loop:  40%|████      | 1732/4293 [53:13<1:18:39,  1.84s/it][A[A



  0%|          | 0/4 [00:00<?, ?it/s][A[A[A
100%|██████████| 4/4 [00:01<00:00,  3.26it/s]




  0%|          | 0/4 [00:00<?, ?it/s][A[A[A
100%|██████████| 4/4 [00:01<00:00,  3.26it/s]




  0%|          | 0/4 [00:00<?, ?it/s][A[A[A
100%|██████████| 4/4 [00:01<00:00,  3.25it/s]




  0%|          | 0/4 [00:00<?, ?it/s][A[A[A
100%|██████████| 4/4 [00:01<00:00,  3.25it/s]




  0%|          | 0/4 [00:00<?, ?it/s][A[A[A
100%|██████████| 4/4 [00:01<00:00,  3.26it/s]




  0%|          | 0/4 [00:00<?, ?it/s][A[A[A
100%|██████████| 4/4 [00:01<00:00,  3.25it/s]



Memory Creation loop:  40%|████      | 1738/4293 [53:24<1:18:27,  1.84s/it][A[A



  0%|          | 0/4 [00:00<?, ?it/s][A[A[A
100%|██████████| 4/4 [00:01<00:00,  3.24it/s]




  0%|          | 0/4 [00:00<?, ?it/s][A[A[A
100%|██████████| 4/4 [00:01<00:00,  3.25it/s]




  0%|          | 0/4 [00:00<?, ?it/s][A[A[A
100%|██████████| 4/4 [00:01<00:00,  3.26it/s]




  0%|          | 0/4 [00:00<?, ?it/s][A[A[A
100%|██████████| 4/4 [00:01<00:00,  3.26it/s]




  0%|          | 0/4 [00:00<?, ?it/s][A[A[A
100%|██████████| 4/4 [00:01<00:00,  3.23it/s]




  0%|          | 0/4 [00:00<?, ?it/s][A[A[A
100%|██████████| 4/4 [00:01<00:00,  3.25it/s]



Memory Creation loop:  41%|████      | 1744/4293 [53:35<1:18:16,  1.84s/it][A[A



  0%|          | 0/4 [00:00<?, ?it/s][A[A[A
100%|██████████| 4/4 [00:01<00:00,  3.25it/s]




  0%|          | 0/4 [00:00<?, ?it/s][A[A[A
100%|██████████| 4/4 [00:01<00:00,  3.26it/s]




  0%|          | 0/4 [00:00<?, ?it/s][A[A[A
100%|██████████| 4/4 [00:01<00:00,  3.26it/s]




  0%|          | 0/4 [00:00<?, ?it/s][A[A[A
100%|██████████| 4/4 [00:01<00:00,  3.26it/s]




  0%|          | 0/4 [00:00<?, ?it/s][A[A[A
100%|██████████| 4/4 [00:01<00:00,  3.26it/s]




  0%|          | 0/4 [00:00<?, ?it/s][A[A[A
100%|██████████| 4/4 [00:01<00:00,  3.27it/s]



Memory Creation loop:  41%|████      | 1750/4293 [53:46<1:18:03,  1.84s/it][A[A



  0%|          | 0/4 [00:00<?, ?it/s][A[A[A
100%|██████████| 4/4 [00:01<00:00,  3.26it/s]




  0%|          | 0/4 [00:00<?, ?it/s][A[A[A
100%|██████████| 4/4 [00:01<00:00,  3.25it/s]




  0%|          | 0/4 [00:00<?, ?it/s][A[A[A
100%|██████████| 4/4 [00:01<00:00,  3.26it/s]




  0%|          | 0/4 [00:00<?, ?it/s][A[A[A
100%|██████████| 4/4 [00:01<00:00,  3.26it/s]




  0%|          | 0/4 [00:00<?, ?it/s][A[A[A
100%|██████████| 4/4 [00:01<00:00,  3.26it/s]




  0%|          | 0/4 [00:00<?, ?it/s][A[A[A
100%|██████████| 4/4 [00:01<00:00,  3.26it/s]



Memory Creation loop:  41%|████      | 1756/4293 [53:57<1:17:51,  1.84s/it][A[A



  0%|          | 0/4 [00:00<?, ?it/s][A[A[A
100%|██████████| 4/4 [00:01<00:00,  3.26it/s]




  0%|          | 0/4 [00:00<?, ?it/s][A[A[A
100%|██████████| 4/4 [00:01<00:00,  3.25it/s]




  0%|          | 0/4 [00:00<?, ?it/s][A[A[A
100%|██████████| 4/4 [00:01<00:00,  3.25it/s]




  0%|          | 0/4 [00:00<?, ?it/s][A[A[A
100%|██████████| 4/4 [00:01<00:00,  3.25it/s]




  0%|          | 0/4 [00:00<?, ?it/s][A[A[A
100%|██████████| 4/4 [00:01<00:00,  3.25it/s]




  0%|          | 0/4 [00:00<?, ?it/s][A[A[A
100%|██████████| 4/4 [00:01<00:00,  3.26it/s]



Memory Creation loop:  41%|████      | 1762/4293 [54:08<1:17:40,  1.84s/it][A[A



  0%|          | 0/4 [00:00<?, ?it/s][A[A[A
100%|██████████| 4/4 [00:01<00:00,  3.26it/s]




  0%|          | 0/4 [00:00<?, ?it/s][A[A[A
100%|██████████| 4/4 [00:01<00:00,  3.25it/s]




  0%|          | 0/4 [00:00<?, ?it/s][A[A[A
100%|██████████| 4/4 [00:01<00:00,  3.26it/s]




  0%|          | 0/4 [00:00<?, ?it/s][A[A[A
100%|██████████| 4/4 [00:01<00:00,  3.26it/s]




  0%|          | 0/4 [00:00<?, ?it/s][A[A[A
100%|██████████| 4/4 [00:01<00:00,  3.25it/s]




  0%|          | 0/4 [00:00<?, ?it/s][A[A[A
100%|██████████| 4/4 [00:01<00:00,  3.25it/s]



Memory Creation loop:  41%|████      | 1768/4293 [54:19<1:17:29,  1.84s/it][A[A



  0%|          | 0/4 [00:00<?, ?it/s][A[A[A
100%|██████████| 4/4 [00:01<00:00,  3.25it/s]




  0%|          | 0/4 [00:00<?, ?it/s][A[A[A
100%|██████████| 4/4 [00:01<00:00,  3.24it/s]




  0%|          | 0/4 [00:00<?, ?it/s][A[A[A
100%|██████████| 4/4 [00:01<00:00,  3.25it/s]




  0%|          | 0/4 [00:00<?, ?it/s][A[A[A
100%|██████████| 4/4 [00:01<00:00,  3.24it/s]




  0%|          | 0/4 [00:00<?, ?it/s][A[A[A
100%|██████████| 4/4 [00:01<00:00,  3.26it/s]




  0%|          | 0/4 [00:00<?, ?it/s][A[A[A
100%|██████████| 4/4 [00:01<00:00,  3.25it/s]



Memory Creation loop:  41%|████▏     | 1774/4293 [54:30<1:17:20,  1.84s/it][A[A



  0%|          | 0/4 [00:00<?, ?it/s][A[A[A
100%|██████████| 4/4 [00:01<00:00,  3.24it/s]




  0%|          | 0/4 [00:00<?, ?it/s][A[A[A
100%|██████████| 4/4 [00:01<00:00,  3.25it/s]




  0%|          | 0/4 [00:00<?, ?it/s][A[A[A
100%|██████████| 4/4 [00:01<00:00,  3.24it/s]




  0%|          | 0/4 [00:00<?, ?it/s][A[A[A
100%|██████████| 4/4 [00:01<00:00,  3.26it/s]




  0%|          | 0/4 [00:00<?, ?it/s][A[A[A
100%|██████████| 4/4 [00:01<00:00,  3.25it/s]




  0%|          | 0/4 [00:00<?, ?it/s][A[A[A
100%|██████████| 4/4 [00:01<00:00,  3.26it/s]



Memory Creation loop:  41%|████▏     | 1780/4293 [54:42<1:17:13,  1.84s/it][A[A



  0%|          | 0/4 [00:00<?, ?it/s][A[A[A
100%|██████████| 4/4 [00:01<00:00,  3.26it/s]




  0%|          | 0/4 [00:00<?, ?it/s][A[A[A
100%|██████████| 4/4 [00:01<00:00,  3.27it/s]




  0%|          | 0/4 [00:00<?, ?it/s][A[A[A
100%|██████████| 4/4 [00:01<00:00,  3.26it/s]




  0%|          | 0/4 [00:00<?, ?it/s][A[A[A
100%|██████████| 4/4 [00:01<00:00,  3.26it/s]




  0%|          | 0/4 [00:00<?, ?it/s][A[A[A
100%|██████████| 4/4 [00:01<00:00,  3.25it/s]




  0%|          | 0/4 [00:00<?, ?it/s][A[A[A


Memory Creation loop:  41%|████▏     | 1780/4293 [54:52<1:17:13,  1.84s/it][A[A
100%|██████████| 4/4 [00:01<00:00,  3.25it/s]



Memory Creation loop:  42%|████▏     | 1786/4293 [54:53<1:17:02,  1.84s/it][A[A



  0%|          | 0/4 [00:00<?, ?it/s][A[A[A
100%|██████████| 4/4 [00:01<00:00,  3.26it/s]




  0%|          | 0/4 [00:00<?, ?it/s][A[A[A
100%|██████████| 4/4 [00:01<00:00,  3.25it/s]




  0%|          | 0/4 [00:00<?, ?it/s][A[A[A
100%|██████████| 4/4 [00:01<00:00,  3.26it/s]




  0%|          | 0/4 [00:00<?, ?it/s][A[A[A
100%|██████████| 4/4 [00:01<00:00,  3.26it/s]




  0%|          | 0/4 [00:00<?, ?it/s][A[A[A
100%|██████████| 4/4 [00:01<00:00,  3.25it/s]




  0%|          | 0/4 [00:00<?, ?it/s][A[A[A
100%|██████████| 4/4 [00:01<00:00,  3.25it/s]



Memory Creation loop:  42%|████▏     | 1792/4293 [55:04<1:16:52,  1.84s/it][A[A



  0%|          | 0/4 [00:00<?, ?it/s][A[A[A
100%|██████████| 4/4 [00:01<00:00,  3.26it/s]




  0%|          | 0/4 [00:00<?, ?it/s][A[A[A
100%|██████████| 4/4 [00:01<00:00,  3.26it/s]




  0%|          | 0/4 [00:00<?, ?it/s][A[A[A
100%|██████████| 4/4 [00:01<00:00,  3.26it/s]




  0%|          | 0/4 [00:00<?, ?it/s][A[A[A
100%|██████████| 4/4 [00:01<00:00,  3.26it/s]




  0%|          | 0/4 [00:00<?, ?it/s][A[A[A
100%|██████████| 4/4 [00:01<00:00,  3.27it/s]




  0%|          | 0/4 [00:00<?, ?it/s][A[A[A
100%|██████████| 4/4 [00:01<00:00,  3.26it/s]



Memory Creation loop:  42%|████▏     | 1798/4293 [55:15<1:16:37,  1.84s/it][A[A



  0%|          | 0/4 [00:00<?, ?it/s][A[A[A
100%|██████████| 4/4 [00:01<00:00,  3.25it/s]




  0%|          | 0/4 [00:00<?, ?it/s][A[A[A
100%|██████████| 4/4 [00:01<00:00,  3.25it/s]




  0%|          | 0/4 [00:00<?, ?it/s][A[A[A
100%|██████████| 4/4 [00:01<00:00,  3.27it/s]




  0%|          | 0/4 [00:00<?, ?it/s][A[A[A
100%|██████████| 4/4 [00:01<00:00,  3.26it/s]




  0%|          | 0/4 [00:00<?, ?it/s][A[A[A
100%|██████████| 4/4 [00:01<00:00,  3.25it/s]




  0%|          | 0/4 [00:00<?, ?it/s][A[A[A
100%|██████████| 4/4 [00:01<00:00,  3.24it/s]



Memory Creation loop:  42%|████▏     | 1804/4293 [55:26<1:16:24,  1.84s/it][A[A



  0%|          | 0/4 [00:00<?, ?it/s][A[A[A
100%|██████████| 4/4 [00:01<00:00,  3.27it/s]




  0%|          | 0/4 [00:00<?, ?it/s][A[A[A
100%|██████████| 4/4 [00:01<00:00,  3.26it/s]




  0%|          | 0/4 [00:00<?, ?it/s][A[A[A
100%|██████████| 4/4 [00:01<00:00,  3.24it/s]




  0%|          | 0/4 [00:00<?, ?it/s][A[A[A
100%|██████████| 4/4 [00:01<00:00,  3.25it/s]




  0%|          | 0/4 [00:00<?, ?it/s][A[A[A
100%|██████████| 4/4 [00:01<00:00,  3.24it/s]




  0%|          | 0/4 [00:00<?, ?it/s][A[A[A
100%|██████████| 4/4 [00:01<00:00,  3.25it/s]



Memory Creation loop:  42%|████▏     | 1810/4293 [55:37<1:16:14,  1.84s/it][A[A



  0%|          | 0/4 [00:00<?, ?it/s][A[A[A
100%|██████████| 4/4 [00:01<00:00,  3.25it/s]




  0%|          | 0/4 [00:00<?, ?it/s][A[A[A
100%|██████████| 4/4 [00:01<00:00,  3.25it/s]




  0%|          | 0/4 [00:00<?, ?it/s][A[A[A
100%|██████████| 4/4 [00:01<00:00,  3.25it/s]




  0%|          | 0/4 [00:00<?, ?it/s][A[A[A
100%|██████████| 4/4 [00:01<00:00,  3.26it/s]




  0%|          | 0/4 [00:00<?, ?it/s][A[A[A
100%|██████████| 4/4 [00:01<00:00,  3.17it/s]




  0%|          | 0/4 [00:00<?, ?it/s][A[A[A
100%|██████████| 4/4 [00:01<00:00,  3.17it/s]



Memory Creation loop:  42%|████▏     | 1816/4293 [55:48<1:16:14,  1.85s/it][A[A



  0%|          | 0/4 [00:00<?, ?it/s][A[A[A
100%|██████████| 4/4 [00:01<00:00,  3.25it/s]




  0%|          | 0/4 [00:00<?, ?it/s][A[A[A
100%|██████████| 4/4 [00:01<00:00,  3.26it/s]




  0%|          | 0/4 [00:00<?, ?it/s][A[A[A
100%|██████████| 4/4 [00:01<00:00,  3.26it/s]




  0%|          | 0/4 [00:00<?, ?it/s][A[A[A
100%|██████████| 4/4 [00:01<00:00,  3.24it/s]




  0%|          | 0/4 [00:00<?, ?it/s][A[A[A
100%|██████████| 4/4 [00:01<00:00,  3.27it/s]




  0%|          | 0/4 [00:00<?, ?it/s][A[A[A
100%|██████████| 4/4 [00:01<00:00,  3.25it/s]



Memory Creation loop:  42%|████▏     | 1822/4293 [55:59<1:16:02,  1.85s/it][A[A



  0%|          | 0/4 [00:00<?, ?it/s][A[A[A
100%|██████████| 4/4 [00:01<00:00,  3.24it/s]




  0%|          | 0/4 [00:00<?, ?it/s][A[A[A
100%|██████████| 4/4 [00:01<00:00,  3.27it/s]




  0%|          | 0/4 [00:00<?, ?it/s][A[A[A
100%|██████████| 4/4 [00:01<00:00,  3.27it/s]




  0%|          | 0/4 [00:00<?, ?it/s][A[A[A
100%|██████████| 4/4 [00:01<00:00,  3.25it/s]




  0%|          | 0/4 [00:00<?, ?it/s][A[A[A
100%|██████████| 4/4 [00:01<00:00,  3.25it/s]




  0%|          | 0/4 [00:00<?, ?it/s][A[A[A
100%|██████████| 4/4 [00:01<00:00,  3.25it/s]



Memory Creation loop:  43%|████▎     | 1828/4293 [56:10<1:15:49,  1.85s/it][A[A



  0%|          | 0/4 [00:00<?, ?it/s][A[A[A
100%|██████████| 4/4 [00:01<00:00,  3.27it/s]




  0%|          | 0/4 [00:00<?, ?it/s][A[A[A
100%|██████████| 4/4 [00:01<00:00,  3.26it/s]




  0%|          | 0/4 [00:00<?, ?it/s][A[A[A
100%|██████████| 4/4 [00:01<00:00,  3.25it/s]




  0%|          | 0/4 [00:00<?, ?it/s][A[A[A
100%|██████████| 4/4 [00:01<00:00,  3.26it/s]




  0%|          | 0/4 [00:00<?, ?it/s][A[A[A
100%|██████████| 4/4 [00:01<00:00,  3.26it/s]




  0%|          | 0/4 [00:00<?, ?it/s][A[A[A
100%|██████████| 4/4 [00:01<00:00,  3.26it/s]



Memory Creation loop:  43%|████▎     | 1834/4293 [56:21<1:15:35,  1.84s/it][A[A



  0%|          | 0/4 [00:00<?, ?it/s][A[A[A
100%|██████████| 4/4 [00:01<00:00,  3.25it/s]




  0%|          | 0/4 [00:00<?, ?it/s][A[A[A
100%|██████████| 4/4 [00:01<00:00,  3.25it/s]




  0%|          | 0/4 [00:00<?, ?it/s][A[A[A
100%|██████████| 4/4 [00:01<00:00,  3.28it/s]




  0%|          | 0/4 [00:00<?, ?it/s][A[A[A
100%|██████████| 4/4 [00:01<00:00,  3.27it/s]




  0%|          | 0/4 [00:00<?, ?it/s][A[A[A
100%|██████████| 4/4 [00:01<00:00,  3.25it/s]




  0%|          | 0/4 [00:00<?, ?it/s][A[A[A
100%|██████████| 4/4 [00:01<00:00,  3.25it/s]



Memory Creation loop:  43%|████▎     | 1840/4293 [56:32<1:15:22,  1.84s/it][A[A



  0%|          | 0/4 [00:00<?, ?it/s][A[A[A
100%|██████████| 4/4 [00:01<00:00,  3.24it/s]




  0%|          | 0/4 [00:00<?, ?it/s][A[A[A
100%|██████████| 4/4 [00:01<00:00,  3.26it/s]




  0%|          | 0/4 [00:00<?, ?it/s][A[A[A
100%|██████████| 4/4 [00:01<00:00,  3.26it/s]




  0%|          | 0/4 [00:00<?, ?it/s][A[A[A
100%|██████████| 4/4 [00:01<00:00,  3.26it/s]




  0%|          | 0/4 [00:00<?, ?it/s][A[A[A
100%|██████████| 4/4 [00:01<00:00,  3.26it/s]




  0%|          | 0/4 [00:00<?, ?it/s][A[A[A


Memory Creation loop:  43%|████▎     | 1840/4293 [56:42<1:15:22,  1.84s/it][A[A
100%|██████████| 4/4 [00:01<00:00,  3.27it/s]



Memory Creation loop:  43%|████▎     | 1846/4293 [56:43<1:15:08,  1.84s/it][A[A



  0%|          | 0/4 [00:00<?, ?it/s][A[A[A
100%|██████████| 4/4 [00:01<00:00,  3.26it/s]




  0%|          | 0/4 [00:00<?, ?it/s][A[A[A
100%|██████████| 4/4 [00:01<00:00,  3.25it/s]




  0%|          | 0/4 [00:00<?, ?it/s][A[A[A
100%|██████████| 4/4 [00:01<00:00,  3.26it/s]




  0%|          | 0/4 [00:00<?, ?it/s][A[A[A
100%|██████████| 4/4 [00:01<00:00,  3.26it/s]




  0%|          | 0/4 [00:00<?, ?it/s][A[A[A
100%|██████████| 4/4 [00:01<00:00,  3.25it/s]




  0%|          | 0/4 [00:00<?, ?it/s][A[A[A
100%|██████████| 4/4 [00:01<00:00,  3.26it/s]



Memory Creation loop:  43%|████▎     | 1852/4293 [56:54<1:15:01,  1.84s/it][A[A



  0%|          | 0/4 [00:00<?, ?it/s][A[A[A
100%|██████████| 4/4 [00:01<00:00,  3.27it/s]




  0%|          | 0/4 [00:00<?, ?it/s][A[A[A
100%|██████████| 4/4 [00:01<00:00,  3.27it/s]




  0%|          | 0/4 [00:00<?, ?it/s][A[A[A
100%|██████████| 4/4 [00:01<00:00,  3.25it/s]




  0%|          | 0/4 [00:00<?, ?it/s][A[A[A
100%|██████████| 4/4 [00:01<00:00,  3.25it/s]




  0%|          | 0/4 [00:00<?, ?it/s][A[A[A
100%|██████████| 4/4 [00:01<00:00,  3.26it/s]




  0%|          | 0/4 [00:00<?, ?it/s][A[A[A
100%|██████████| 4/4 [00:01<00:00,  3.25it/s]



Memory Creation loop:  43%|████▎     | 1858/4293 [57:05<1:14:46,  1.84s/it][A[A



  0%|          | 0/4 [00:00<?, ?it/s][A[A[A
100%|██████████| 4/4 [00:01<00:00,  3.26it/s]




  0%|          | 0/4 [00:00<?, ?it/s][A[A[A
100%|██████████| 4/4 [00:01<00:00,  3.26it/s]




  0%|          | 0/4 [00:00<?, ?it/s][A[A[A
100%|██████████| 4/4 [00:01<00:00,  3.27it/s]




  0%|          | 0/4 [00:00<?, ?it/s][A[A[A
100%|██████████| 4/4 [00:01<00:00,  3.27it/s]




  0%|          | 0/4 [00:00<?, ?it/s][A[A[A
100%|██████████| 4/4 [00:01<00:00,  3.25it/s]




  0%|          | 0/4 [00:00<?, ?it/s][A[A[A
100%|██████████| 4/4 [00:01<00:00,  3.25it/s]



Memory Creation loop:  43%|████▎     | 1864/4293 [57:16<1:14:33,  1.84s/it][A[A



  0%|          | 0/4 [00:00<?, ?it/s][A[A[A
100%|██████████| 4/4 [00:01<00:00,  3.26it/s]




  0%|          | 0/4 [00:00<?, ?it/s][A[A[A
100%|██████████| 4/4 [00:01<00:00,  3.26it/s]




  0%|          | 0/4 [00:00<?, ?it/s][A[A[A
100%|██████████| 4/4 [00:01<00:00,  3.25it/s]




  0%|          | 0/4 [00:00<?, ?it/s][A[A[A
100%|██████████| 4/4 [00:01<00:00,  3.25it/s]




  0%|          | 0/4 [00:00<?, ?it/s][A[A[A
100%|██████████| 4/4 [00:01<00:00,  3.26it/s]




  0%|          | 0/4 [00:00<?, ?it/s][A[A[A
100%|██████████| 4/4 [00:01<00:00,  3.26it/s]



Memory Creation loop:  44%|████▎     | 1870/4293 [57:27<1:14:20,  1.84s/it][A[A



  0%|          | 0/4 [00:00<?, ?it/s][A[A[A
100%|██████████| 4/4 [00:01<00:00,  3.25it/s]




  0%|          | 0/4 [00:00<?, ?it/s][A[A[A
100%|██████████| 4/4 [00:01<00:00,  3.25it/s]




  0%|          | 0/4 [00:00<?, ?it/s][A[A[A
100%|██████████| 4/4 [00:01<00:00,  3.26it/s]




  0%|          | 0/4 [00:00<?, ?it/s][A[A[A
100%|██████████| 4/4 [00:01<00:00,  3.25it/s]




  0%|          | 0/4 [00:00<?, ?it/s][A[A[A
100%|██████████| 4/4 [00:01<00:00,  3.26it/s]




  0%|          | 0/4 [00:00<?, ?it/s][A[A[A
100%|██████████| 4/4 [00:01<00:00,  3.25it/s]



Memory Creation loop:  44%|████▎     | 1876/4293 [57:38<1:14:09,  1.84s/it][A[A



  0%|          | 0/4 [00:00<?, ?it/s][A[A[A
100%|██████████| 4/4 [00:01<00:00,  3.27it/s]




  0%|          | 0/4 [00:00<?, ?it/s][A[A[A
100%|██████████| 4/4 [00:01<00:00,  3.25it/s]




  0%|          | 0/4 [00:00<?, ?it/s][A[A[A
100%|██████████| 4/4 [00:01<00:00,  3.23it/s]




  0%|          | 0/4 [00:00<?, ?it/s][A[A[A
100%|██████████| 4/4 [00:01<00:00,  3.25it/s]




  0%|          | 0/4 [00:00<?, ?it/s][A[A[A
100%|██████████| 4/4 [00:01<00:00,  3.26it/s]




  0%|          | 0/4 [00:00<?, ?it/s][A[A[A
100%|██████████| 4/4 [00:01<00:00,  3.26it/s]



Memory Creation loop:  44%|████▍     | 1882/4293 [57:50<1:14:01,  1.84s/it][A[A



  0%|          | 0/4 [00:00<?, ?it/s][A[A[A
100%|██████████| 4/4 [00:01<00:00,  3.26it/s]




  0%|          | 0/4 [00:00<?, ?it/s][A[A[A
100%|██████████| 4/4 [00:01<00:00,  3.26it/s]




  0%|          | 0/4 [00:00<?, ?it/s][A[A[A
100%|██████████| 4/4 [00:01<00:00,  3.26it/s]




  0%|          | 0/4 [00:00<?, ?it/s][A[A[A
100%|██████████| 4/4 [00:01<00:00,  3.26it/s]




  0%|          | 0/4 [00:00<?, ?it/s][A[A[A
100%|██████████| 4/4 [00:01<00:00,  3.25it/s]




  0%|          | 0/4 [00:00<?, ?it/s][A[A[A
100%|██████████| 4/4 [00:01<00:00,  3.25it/s]



Memory Creation loop:  44%|████▍     | 1888/4293 [58:01<1:13:48,  1.84s/it][A[A



  0%|          | 0/4 [00:00<?, ?it/s][A[A[A
100%|██████████| 4/4 [00:01<00:00,  3.26it/s]




  0%|          | 0/4 [00:00<?, ?it/s][A[A[A
100%|██████████| 4/4 [00:01<00:00,  3.26it/s]




  0%|          | 0/4 [00:00<?, ?it/s][A[A[A
100%|██████████| 4/4 [00:01<00:00,  3.25it/s]




  0%|          | 0/4 [00:00<?, ?it/s][A[A[A
100%|██████████| 4/4 [00:01<00:00,  3.24it/s]




  0%|          | 0/4 [00:00<?, ?it/s][A[A[A
100%|██████████| 4/4 [00:01<00:00,  3.27it/s]




  0%|          | 0/4 [00:00<?, ?it/s][A[A[A
100%|██████████| 4/4 [00:01<00:00,  3.27it/s]



Memory Creation loop:  44%|████▍     | 1894/4293 [58:12<1:13:36,  1.84s/it][A[A



  0%|          | 0/4 [00:00<?, ?it/s][A[A[A
100%|██████████| 4/4 [00:01<00:00,  3.25it/s]




  0%|          | 0/4 [00:00<?, ?it/s][A[A[A
100%|██████████| 4/4 [00:01<00:00,  3.25it/s]




  0%|          | 0/4 [00:00<?, ?it/s][A[A[A
100%|██████████| 4/4 [00:01<00:00,  3.25it/s]




  0%|          | 0/4 [00:00<?, ?it/s][A[A[A
100%|██████████| 4/4 [00:01<00:00,  3.25it/s]




  0%|          | 0/4 [00:00<?, ?it/s][A[A[A
100%|██████████| 4/4 [00:01<00:00,  3.25it/s]




  0%|          | 0/4 [00:00<?, ?it/s][A[A[A


Memory Creation loop:  44%|████▍     | 1894/4293 [58:22<1:13:36,  1.84s/it][A[A
100%|██████████| 4/4 [00:01<00:00,  3.25it/s]



Memory Creation loop:  44%|████▍     | 1900/4293 [58:23<1:13:25,  1.84s/it][A[A



  0%|          | 0/4 [00:00<?, ?it/s][A[A[A
100%|██████████| 4/4 [00:01<00:00,  3.26it/s]




  0%|          | 0/4 [00:00<?, ?it/s][A[A[A
100%|██████████| 4/4 [00:01<00:00,  3.26it/s]




  0%|          | 0/4 [00:00<?, ?it/s][A[A[A
100%|██████████| 4/4 [00:01<00:00,  3.24it/s]




  0%|          | 0/4 [00:00<?, ?it/s][A[A[A
100%|██████████| 4/4 [00:01<00:00,  3.25it/s]




  0%|          | 0/4 [00:00<?, ?it/s][A[A[A
100%|██████████| 4/4 [00:01<00:00,  3.25it/s]




  0%|          | 0/4 [00:00<?, ?it/s][A[A[A
100%|██████████| 4/4 [00:01<00:00,  3.25it/s]



Memory Creation loop:  44%|████▍     | 1906/4293 [58:34<1:13:17,  1.84s/it][A[A



  0%|          | 0/4 [00:00<?, ?it/s][A[A[A
100%|██████████| 4/4 [00:01<00:00,  3.25it/s]




  0%|          | 0/4 [00:00<?, ?it/s][A[A[A
100%|██████████| 4/4 [00:01<00:00,  3.26it/s]




  0%|          | 0/4 [00:00<?, ?it/s][A[A[A
100%|██████████| 4/4 [00:01<00:00,  3.26it/s]




  0%|          | 0/4 [00:00<?, ?it/s][A[A[A
100%|██████████| 4/4 [00:01<00:00,  3.26it/s]




  0%|          | 0/4 [00:00<?, ?it/s][A[A[A
100%|██████████| 4/4 [00:01<00:00,  3.25it/s]




  0%|          | 0/4 [00:00<?, ?it/s][A[A[A
100%|██████████| 4/4 [00:01<00:00,  3.25it/s]



Memory Creation loop:  45%|████▍     | 1912/4293 [58:45<1:13:04,  1.84s/it][A[A



  0%|          | 0/4 [00:00<?, ?it/s][A[A[A
100%|██████████| 4/4 [00:01<00:00,  3.26it/s]




  0%|          | 0/4 [00:00<?, ?it/s][A[A[A
100%|██████████| 4/4 [00:01<00:00,  3.26it/s]




  0%|          | 0/4 [00:00<?, ?it/s][A[A[A
100%|██████████| 4/4 [00:01<00:00,  3.25it/s]




  0%|          | 0/4 [00:00<?, ?it/s][A[A[A
100%|██████████| 4/4 [00:01<00:00,  3.25it/s]




  0%|          | 0/4 [00:00<?, ?it/s][A[A[A
100%|██████████| 4/4 [00:01<00:00,  3.26it/s]




  0%|          | 0/4 [00:00<?, ?it/s][A[A[A
100%|██████████| 4/4 [00:01<00:00,  3.25it/s]



Memory Creation loop:  45%|████▍     | 1918/4293 [58:56<1:12:57,  1.84s/it][A[A



  0%|          | 0/4 [00:00<?, ?it/s][A[A[A
100%|██████████| 4/4 [00:01<00:00,  3.25it/s]




  0%|          | 0/4 [00:00<?, ?it/s][A[A[A
100%|██████████| 4/4 [00:01<00:00,  3.25it/s]




  0%|          | 0/4 [00:00<?, ?it/s][A[A[A
100%|██████████| 4/4 [00:01<00:00,  3.27it/s]




  0%|          | 0/4 [00:00<?, ?it/s][A[A[A
100%|██████████| 4/4 [00:01<00:00,  3.25it/s]




  0%|          | 0/4 [00:00<?, ?it/s][A[A[A
100%|██████████| 4/4 [00:01<00:00,  3.25it/s]




  0%|          | 0/4 [00:00<?, ?it/s][A[A[A
100%|██████████| 4/4 [00:01<00:00,  3.25it/s]



Memory Creation loop:  45%|████▍     | 1924/4293 [59:07<1:12:46,  1.84s/it][A[A



  0%|          | 0/4 [00:00<?, ?it/s][A[A[A
100%|██████████| 4/4 [00:01<00:00,  3.26it/s]




  0%|          | 0/4 [00:00<?, ?it/s][A[A[A
100%|██████████| 4/4 [00:01<00:00,  3.26it/s]




  0%|          | 0/4 [00:00<?, ?it/s][A[A[A
100%|██████████| 4/4 [00:01<00:00,  3.25it/s]




  0%|          | 0/4 [00:00<?, ?it/s][A[A[A
100%|██████████| 4/4 [00:01<00:00,  3.25it/s]




  0%|          | 0/4 [00:00<?, ?it/s][A[A[A
100%|██████████| 4/4 [00:01<00:00,  3.26it/s]




  0%|          | 0/4 [00:00<?, ?it/s][A[A[A
100%|██████████| 4/4 [00:01<00:00,  3.25it/s]



Memory Creation loop:  45%|████▍     | 1930/4293 [59:18<1:12:34,  1.84s/it][A[A



  0%|          | 0/4 [00:00<?, ?it/s][A[A[A
100%|██████████| 4/4 [00:01<00:00,  3.25it/s]




  0%|          | 0/4 [00:00<?, ?it/s][A[A[A
100%|██████████| 4/4 [00:01<00:00,  3.23it/s]




  0%|          | 0/4 [00:00<?, ?it/s][A[A[A
100%|██████████| 4/4 [00:01<00:00,  3.26it/s]




  0%|          | 0/4 [00:00<?, ?it/s][A[A[A
100%|██████████| 4/4 [00:01<00:00,  3.26it/s]




  0%|          | 0/4 [00:00<?, ?it/s][A[A[A
100%|██████████| 4/4 [00:01<00:00,  3.25it/s]




  0%|          | 0/4 [00:00<?, ?it/s][A[A[A
100%|██████████| 4/4 [00:01<00:00,  3.24it/s]



Memory Creation loop:  45%|████▌     | 1936/4293 [59:29<1:12:25,  1.84s/it][A[A



  0%|          | 0/4 [00:00<?, ?it/s][A[A[A
100%|██████████| 4/4 [00:01<00:00,  3.26it/s]




  0%|          | 0/4 [00:00<?, ?it/s][A[A[A
100%|██████████| 4/4 [00:01<00:00,  3.25it/s]




  0%|          | 0/4 [00:00<?, ?it/s][A[A[A
100%|██████████| 4/4 [00:01<00:00,  3.26it/s]




  0%|          | 0/4 [00:00<?, ?it/s][A[A[A
100%|██████████| 4/4 [00:01<00:00,  3.26it/s]




  0%|          | 0/4 [00:00<?, ?it/s][A[A[A
100%|██████████| 4/4 [00:01<00:00,  3.25it/s]




  0%|          | 0/4 [00:00<?, ?it/s][A[A[A
100%|██████████| 4/4 [00:01<00:00,  3.26it/s]



Memory Creation loop:  45%|████▌     | 1942/4293 [59:40<1:12:12,  1.84s/it][A[A



  0%|          | 0/4 [00:00<?, ?it/s][A[A[A
100%|██████████| 4/4 [00:01<00:00,  3.25it/s]




  0%|          | 0/4 [00:00<?, ?it/s][A[A[A
100%|██████████| 4/4 [00:01<00:00,  3.25it/s]




  0%|          | 0/4 [00:00<?, ?it/s][A[A[A
100%|██████████| 4/4 [00:01<00:00,  3.26it/s]




  0%|          | 0/4 [00:00<?, ?it/s][A[A[A
100%|██████████| 4/4 [00:01<00:00,  3.25it/s]




  0%|          | 0/4 [00:00<?, ?it/s][A[A[A
100%|██████████| 4/4 [00:01<00:00,  3.26it/s]




  0%|          | 0/4 [00:00<?, ?it/s][A[A[A
100%|██████████| 4/4 [00:01<00:00,  3.25it/s]



Memory Creation loop:  45%|████▌     | 1948/4293 [59:51<1:12:01,  1.84s/it][A[A



  0%|          | 0/4 [00:00<?, ?it/s][A[A[A
100%|██████████| 4/4 [00:01<00:00,  3.27it/s]




  0%|          | 0/4 [00:00<?, ?it/s][A[A[A
100%|██████████| 4/4 [00:01<00:00,  3.26it/s]




  0%|          | 0/4 [00:00<?, ?it/s][A[A[A
100%|██████████| 4/4 [00:01<00:00,  3.25it/s]




  0%|          | 0/4 [00:00<?, ?it/s][A[A[A
100%|██████████| 4/4 [00:01<00:00,  3.26it/s]




  0%|          | 0/4 [00:00<?, ?it/s][A[A[A
100%|██████████| 4/4 [00:01<00:00,  3.26it/s]




  0%|          | 0/4 [00:00<?, ?it/s][A[A[A
100%|██████████| 4/4 [00:01<00:00,  3.25it/s]



Memory Creation loop:  46%|████▌     | 1954/4293 [1:00:02<1:11:47,  1.84s/it][A[A



  0%|          | 0/4 [00:00<?, ?it/s][A[A[A
100%|██████████| 4/4 [00:01<00:00,  3.26it/s]




  0%|          | 0/4 [00:00<?, ?it/s][A[A[A
100%|██████████| 4/4 [00:01<00:00,  3.25it/s]




  0%|          | 0/4 [00:00<?, ?it/s][A[A[A
100%|██████████| 4/4 [00:01<00:00,  3.27it/s]




  0%|          | 0/4 [00:00<?, ?it/s][A[A[A
100%|██████████| 4/4 [00:01<00:00,  3.26it/s]




  0%|          | 0/4 [00:00<?, ?it/s][A[A[A
100%|██████████| 4/4 [00:01<00:00,  3.25it/s]




  0%|          | 0/4 [00:00<?, ?it/s][A[A[A


Memory Creation loop:  46%|████▌     | 1954/4293 [1:00:12<1:11:47,  1.84s/it][A[A
100%|██████████| 4/4 [00:01<00:00,  3.24it/s]



Memory Creation loop:  46%|████▌     | 1960/4293 [1:00:13<1:11:36,  1.84s/it][A[A



  0%|          | 0/4 [00:00<?, ?it/s][A[A[A
100%|██████████| 4/4 [00:01<00:00,  3.25it/s]




  0%|          | 0/4 [00:00<?, ?it/s][A[A[A
100%|██████████| 4/4 [00:01<00:00,  3.26it/s]




  0%|          | 0/4 [00:00<?, ?it/s][A[A[A
100%|██████████| 4/4 [00:01<00:00,  3.26it/s]




  0%|          | 0/4 [00:00<?, ?it/s][A[A[A
100%|██████████| 4/4 [00:01<00:00,  3.25it/s]




  0%|          | 0/4 [00:00<?, ?it/s][A[A[A
100%|██████████| 4/4 [00:01<00:00,  3.26it/s]




  0%|          | 0/4 [00:00<?, ?it/s][A[A[A
100%|██████████| 4/4 [00:01<00:00,  3.26it/s]



Memory Creation loop:  46%|████▌     | 1966/4293 [1:00:24<1:11:25,  1.84s/it][A[A



  0%|          | 0/4 [00:00<?, ?it/s][A[A[A
100%|██████████| 4/4 [00:01<00:00,  3.25it/s]




  0%|          | 0/4 [00:00<?, ?it/s][A[A[A
100%|██████████| 4/4 [00:01<00:00,  3.25it/s]




  0%|          | 0/4 [00:00<?, ?it/s][A[A[A
100%|██████████| 4/4 [00:01<00:00,  3.25it/s]




  0%|          | 0/4 [00:00<?, ?it/s][A[A[A
100%|██████████| 4/4 [00:01<00:00,  3.26it/s]




  0%|          | 0/4 [00:00<?, ?it/s][A[A[A
100%|██████████| 4/4 [00:01<00:00,  3.26it/s]




  0%|          | 0/4 [00:00<?, ?it/s][A[A[A
100%|██████████| 4/4 [00:01<00:00,  3.25it/s]



Memory Creation loop:  46%|████▌     | 1972/4293 [1:00:35<1:11:14,  1.84s/it][A[A



  0%|          | 0/4 [00:00<?, ?it/s][A[A[A
100%|██████████| 4/4 [00:01<00:00,  3.26it/s]




  0%|          | 0/4 [00:00<?, ?it/s][A[A[A
100%|██████████| 4/4 [00:01<00:00,  3.26it/s]




  0%|          | 0/4 [00:00<?, ?it/s][A[A[A
100%|██████████| 4/4 [00:01<00:00,  3.25it/s]




  0%|          | 0/4 [00:00<?, ?it/s][A[A[A
100%|██████████| 4/4 [00:01<00:00,  3.25it/s]




  0%|          | 0/4 [00:00<?, ?it/s][A[A[A
100%|██████████| 4/4 [00:01<00:00,  3.26it/s]




  0%|          | 0/4 [00:00<?, ?it/s][A[A[A
100%|██████████| 4/4 [00:01<00:00,  3.23it/s]



Memory Creation loop:  46%|████▌     | 1978/4293 [1:00:46<1:11:03,  1.84s/it][A[A



  0%|          | 0/4 [00:00<?, ?it/s][A[A[A
100%|██████████| 4/4 [00:01<00:00,  3.25it/s]




  0%|          | 0/4 [00:00<?, ?it/s][A[A[A
100%|██████████| 4/4 [00:01<00:00,  3.23it/s]




  0%|          | 0/4 [00:00<?, ?it/s][A[A[A
100%|██████████| 4/4 [00:01<00:00,  3.27it/s]




  0%|          | 0/4 [00:00<?, ?it/s][A[A[A
100%|██████████| 4/4 [00:01<00:00,  3.26it/s]




  0%|          | 0/4 [00:00<?, ?it/s][A[A[A
100%|██████████| 4/4 [00:01<00:00,  3.24it/s]




  0%|          | 0/4 [00:00<?, ?it/s][A[A[A
100%|██████████| 4/4 [00:01<00:00,  3.25it/s]



Memory Creation loop:  46%|████▌     | 1984/4293 [1:00:57<1:10:53,  1.84s/it][A[A



  0%|          | 0/4 [00:00<?, ?it/s][A[A[A
100%|██████████| 4/4 [00:01<00:00,  3.25it/s]




  0%|          | 0/4 [00:00<?, ?it/s][A[A[A
100%|██████████| 4/4 [00:01<00:00,  3.26it/s]




  0%|          | 0/4 [00:00<?, ?it/s][A[A[A
100%|██████████| 4/4 [00:01<00:00,  3.25it/s]




  0%|          | 0/4 [00:00<?, ?it/s][A[A[A
100%|██████████| 4/4 [00:01<00:00,  3.24it/s]




  0%|          | 0/4 [00:00<?, ?it/s][A[A[A
100%|██████████| 4/4 [00:01<00:00,  3.25it/s]




  0%|          | 0/4 [00:00<?, ?it/s][A[A[A
100%|██████████| 4/4 [00:01<00:00,  3.26it/s]



Memory Creation loop:  46%|████▋     | 1990/4293 [1:01:08<1:10:42,  1.84s/it][A[A



  0%|          | 0/4 [00:00<?, ?it/s][A[A[A
100%|██████████| 4/4 [00:01<00:00,  3.26it/s]




  0%|          | 0/4 [00:00<?, ?it/s][A[A[A
100%|██████████| 4/4 [00:01<00:00,  3.26it/s]




  0%|          | 0/4 [00:00<?, ?it/s][A[A[A
100%|██████████| 4/4 [00:01<00:00,  3.26it/s]




  0%|          | 0/4 [00:00<?, ?it/s][A[A[A
100%|██████████| 4/4 [00:01<00:00,  3.26it/s]




  0%|          | 0/4 [00:00<?, ?it/s][A[A[A
100%|██████████| 4/4 [00:01<00:00,  3.27it/s]




  0%|          | 0/4 [00:00<?, ?it/s][A[A[A
100%|██████████| 4/4 [00:01<00:00,  3.26it/s]



Memory Creation loop:  46%|████▋     | 1996/4293 [1:01:19<1:10:28,  1.84s/it][A[A



  0%|          | 0/4 [00:00<?, ?it/s][A[A[A
100%|██████████| 4/4 [00:01<00:00,  3.27it/s]




  0%|          | 0/4 [00:00<?, ?it/s][A[A[A
100%|██████████| 4/4 [00:01<00:00,  3.27it/s]




  0%|          | 0/4 [00:00<?, ?it/s][A[A[A
100%|██████████| 4/4 [00:01<00:00,  3.26it/s]




  0%|          | 0/4 [00:00<?, ?it/s][A[A[A
100%|██████████| 4/4 [00:01<00:00,  3.26it/s]




  0%|          | 0/4 [00:00<?, ?it/s][A[A[A
100%|██████████| 4/4 [00:01<00:00,  3.26it/s]




  0%|          | 0/4 [00:00<?, ?it/s][A[A[A
100%|██████████| 4/4 [00:01<00:00,  3.26it/s]



Memory Creation loop:  47%|████▋     | 2002/4293 [1:01:30<1:10:14,  1.84s/it][A[A



  0%|          | 0/4 [00:00<?, ?it/s][A[A[A
100%|██████████| 4/4 [00:01<00:00,  3.25it/s]




  0%|          | 0/4 [00:00<?, ?it/s][A[A[A
100%|██████████| 4/4 [00:01<00:00,  3.24it/s]




  0%|          | 0/4 [00:00<?, ?it/s][A[A[A
100%|██████████| 4/4 [00:01<00:00,  3.26it/s]




  0%|          | 0/4 [00:00<?, ?it/s][A[A[A
100%|██████████| 4/4 [00:01<00:00,  3.26it/s]




  0%|          | 0/4 [00:00<?, ?it/s][A[A[A
100%|██████████| 4/4 [00:01<00:00,  3.25it/s]




  0%|          | 0/4 [00:00<?, ?it/s][A[A[A
100%|██████████| 4/4 [00:01<00:00,  3.25it/s]



Memory Creation loop:  47%|████▋     | 2008/4293 [1:01:42<1:10:06,  1.84s/it][A[A



  0%|          | 0/4 [00:00<?, ?it/s][A[A[A
100%|██████████| 4/4 [00:01<00:00,  3.26it/s]




  0%|          | 0/4 [00:00<?, ?it/s][A[A[A
100%|██████████| 4/4 [00:01<00:00,  3.26it/s]




  0%|          | 0/4 [00:00<?, ?it/s][A[A[A
100%|██████████| 4/4 [00:01<00:00,  3.26it/s]




  0%|          | 0/4 [00:00<?, ?it/s][A[A[A
100%|██████████| 4/4 [00:01<00:00,  3.26it/s]




  0%|          | 0/4 [00:00<?, ?it/s][A[A[A
100%|██████████| 4/4 [00:01<00:00,  3.26it/s]




  0%|          | 0/4 [00:00<?, ?it/s][A[A[A


Memory Creation loop:  47%|████▋     | 2008/4293 [1:01:52<1:10:06,  1.84s/it][A[A
100%|██████████| 4/4 [00:01<00:00,  3.26it/s]



Memory Creation loop:  47%|████▋     | 2014/4293 [1:01:53<1:09:53,  1.84s/it][A[A



  0%|          | 0/4 [00:00<?, ?it/s][A[A[A
100%|██████████| 4/4 [00:01<00:00,  3.25it/s]




  0%|          | 0/4 [00:00<?, ?it/s][A[A[A
100%|██████████| 4/4 [00:01<00:00,  3.26it/s]




  0%|          | 0/4 [00:00<?, ?it/s][A[A[A
100%|██████████| 4/4 [00:01<00:00,  3.26it/s]




  0%|          | 0/4 [00:00<?, ?it/s][A[A[A
100%|██████████| 4/4 [00:01<00:00,  3.25it/s]




  0%|          | 0/4 [00:00<?, ?it/s][A[A[A
100%|██████████| 4/4 [00:01<00:00,  3.26it/s]




  0%|          | 0/4 [00:00<?, ?it/s][A[A[A
100%|██████████| 4/4 [00:01<00:00,  3.24it/s]



Memory Creation loop:  47%|████▋     | 2020/4293 [1:02:04<1:09:42,  1.84s/it][A[A



  0%|          | 0/4 [00:00<?, ?it/s][A[A[A
100%|██████████| 4/4 [00:01<00:00,  3.26it/s]




  0%|          | 0/4 [00:00<?, ?it/s][A[A[A
100%|██████████| 4/4 [00:01<00:00,  3.26it/s]




  0%|          | 0/4 [00:00<?, ?it/s][A[A[A
100%|██████████| 4/4 [00:01<00:00,  3.25it/s]




  0%|          | 0/4 [00:00<?, ?it/s][A[A[A
100%|██████████| 4/4 [00:01<00:00,  3.26it/s]




  0%|          | 0/4 [00:00<?, ?it/s][A[A[A
100%|██████████| 4/4 [00:01<00:00,  3.26it/s]




  0%|          | 0/4 [00:00<?, ?it/s][A[A[A
100%|██████████| 4/4 [00:01<00:00,  3.25it/s]



Memory Creation loop:  47%|████▋     | 2026/4293 [1:02:15<1:09:31,  1.84s/it][A[A



  0%|          | 0/4 [00:00<?, ?it/s][A[A[A
100%|██████████| 4/4 [00:01<00:00,  3.26it/s]




  0%|          | 0/4 [00:00<?, ?it/s][A[A[A
100%|██████████| 4/4 [00:01<00:00,  3.26it/s]




  0%|          | 0/4 [00:00<?, ?it/s][A[A[A
100%|██████████| 4/4 [00:01<00:00,  3.26it/s]




  0%|          | 0/4 [00:00<?, ?it/s][A[A[A
100%|██████████| 4/4 [00:01<00:00,  3.26it/s]




  0%|          | 0/4 [00:00<?, ?it/s][A[A[A
100%|██████████| 4/4 [00:01<00:00,  3.25it/s]




  0%|          | 0/4 [00:00<?, ?it/s][A[A[A
100%|██████████| 4/4 [00:01<00:00,  3.25it/s]



Memory Creation loop:  47%|████▋     | 2032/4293 [1:02:26<1:09:19,  1.84s/it][A[A



  0%|          | 0/4 [00:00<?, ?it/s][A[A[A
100%|██████████| 4/4 [00:01<00:00,  3.26it/s]




  0%|          | 0/4 [00:00<?, ?it/s][A[A[A
100%|██████████| 4/4 [00:01<00:00,  3.26it/s]




  0%|          | 0/4 [00:00<?, ?it/s][A[A[A
100%|██████████| 4/4 [00:01<00:00,  3.26it/s]




  0%|          | 0/4 [00:00<?, ?it/s][A[A[A
100%|██████████| 4/4 [00:01<00:00,  3.25it/s]




  0%|          | 0/4 [00:00<?, ?it/s][A[A[A
100%|██████████| 4/4 [00:01<00:00,  3.27it/s]




  0%|          | 0/4 [00:00<?, ?it/s][A[A[A
100%|██████████| 4/4 [00:01<00:00,  3.24it/s]



Memory Creation loop:  47%|████▋     | 2038/4293 [1:02:37<1:09:09,  1.84s/it][A[A



  0%|          | 0/4 [00:00<?, ?it/s][A[A[A
100%|██████████| 4/4 [00:01<00:00,  3.25it/s]




  0%|          | 0/4 [00:00<?, ?it/s][A[A[A
100%|██████████| 4/4 [00:01<00:00,  3.24it/s]




  0%|          | 0/4 [00:00<?, ?it/s][A[A[A
100%|██████████| 4/4 [00:01<00:00,  3.26it/s]




  0%|          | 0/4 [00:00<?, ?it/s][A[A[A
100%|██████████| 4/4 [00:01<00:00,  3.25it/s]




  0%|          | 0/4 [00:00<?, ?it/s][A[A[A
100%|██████████| 4/4 [00:01<00:00,  3.25it/s]




  0%|          | 0/4 [00:00<?, ?it/s][A[A[A
100%|██████████| 4/4 [00:01<00:00,  3.25it/s]



Memory Creation loop:  48%|████▊     | 2044/4293 [1:02:48<1:09:01,  1.84s/it][A[A



  0%|          | 0/4 [00:00<?, ?it/s][A[A[A
100%|██████████| 4/4 [00:01<00:00,  3.26it/s]




  0%|          | 0/4 [00:00<?, ?it/s][A[A[A
100%|██████████| 4/4 [00:01<00:00,  3.26it/s]




  0%|          | 0/4 [00:00<?, ?it/s][A[A[A
100%|██████████| 4/4 [00:01<00:00,  3.25it/s]




  0%|          | 0/4 [00:00<?, ?it/s][A[A[A
100%|██████████| 4/4 [00:01<00:00,  3.25it/s]




  0%|          | 0/4 [00:00<?, ?it/s][A[A[A
100%|██████████| 4/4 [00:01<00:00,  3.26it/s]




  0%|          | 0/4 [00:00<?, ?it/s][A[A[A
100%|██████████| 4/4 [00:01<00:00,  3.24it/s]



Memory Creation loop:  48%|████▊     | 2050/4293 [1:02:59<1:08:51,  1.84s/it][A[A



  0%|          | 0/4 [00:00<?, ?it/s][A[A[A
100%|██████████| 4/4 [00:01<00:00,  3.25it/s]




  0%|          | 0/4 [00:00<?, ?it/s][A[A[A
100%|██████████| 4/4 [00:01<00:00,  3.27it/s]




  0%|          | 0/4 [00:00<?, ?it/s][A[A[A
100%|██████████| 4/4 [00:01<00:00,  3.27it/s]




  0%|          | 0/4 [00:00<?, ?it/s][A[A[A
100%|██████████| 4/4 [00:01<00:00,  3.27it/s]




  0%|          | 0/4 [00:00<?, ?it/s][A[A[A
100%|██████████| 4/4 [00:01<00:00,  3.25it/s]




  0%|          | 0/4 [00:00<?, ?it/s][A[A[A
100%|██████████| 4/4 [00:01<00:00,  3.24it/s]



Memory Creation loop:  48%|████▊     | 2056/4293 [1:03:10<1:08:38,  1.84s/it][A[A



  0%|          | 0/4 [00:00<?, ?it/s][A[A[A
100%|██████████| 4/4 [00:01<00:00,  3.26it/s]




  0%|          | 0/4 [00:00<?, ?it/s][A[A[A
100%|██████████| 4/4 [00:01<00:00,  3.25it/s]




  0%|          | 0/4 [00:00<?, ?it/s][A[A[A
100%|██████████| 4/4 [00:01<00:00,  3.26it/s]




  0%|          | 0/4 [00:00<?, ?it/s][A[A[A
100%|██████████| 4/4 [00:01<00:00,  3.24it/s]




  0%|          | 0/4 [00:00<?, ?it/s][A[A[A
100%|██████████| 4/4 [00:01<00:00,  3.26it/s]




  0%|          | 0/4 [00:00<?, ?it/s][A[A[A
100%|██████████| 4/4 [00:01<00:00,  3.25it/s]



Memory Creation loop:  48%|████▊     | 2062/4293 [1:03:21<1:08:28,  1.84s/it][A[A



  0%|          | 0/4 [00:00<?, ?it/s][A[A[A
100%|██████████| 4/4 [00:01<00:00,  3.23it/s]




  0%|          | 0/4 [00:00<?, ?it/s][A[A[A
100%|██████████| 4/4 [00:01<00:00,  3.24it/s]




  0%|          | 0/4 [00:00<?, ?it/s][A[A[A
100%|██████████| 4/4 [00:01<00:00,  3.26it/s]




  0%|          | 0/4 [00:00<?, ?it/s][A[A[A
100%|██████████| 4/4 [00:01<00:00,  3.27it/s]




  0%|          | 0/4 [00:00<?, ?it/s][A[A[A
100%|██████████| 4/4 [00:01<00:00,  3.27it/s]




  0%|          | 0/4 [00:00<?, ?it/s][A[A[A
100%|██████████| 4/4 [00:01<00:00,  3.27it/s]



Memory Creation loop:  48%|████▊     | 2068/4293 [1:03:32<1:08:15,  1.84s/it][A[A



  0%|          | 0/4 [00:00<?, ?it/s][A[A[A
100%|██████████| 4/4 [00:01<00:00,  3.27it/s]




  0%|          | 0/4 [00:00<?, ?it/s][A[A[A
100%|██████████| 4/4 [00:01<00:00,  3.27it/s]




  0%|          | 0/4 [00:00<?, ?it/s][A[A[A
100%|██████████| 4/4 [00:01<00:00,  3.26it/s]




  0%|          | 0/4 [00:00<?, ?it/s][A[A[A
100%|██████████| 4/4 [00:01<00:00,  3.26it/s]




  0%|          | 0/4 [00:00<?, ?it/s][A[A[A
100%|██████████| 4/4 [00:01<00:00,  3.26it/s]




  0%|          | 0/4 [00:00<?, ?it/s][A[A[A


Memory Creation loop:  48%|████▊     | 2068/4293 [1:03:42<1:08:15,  1.84s/it][A[A
100%|██████████| 4/4 [00:01<00:00,  3.26it/s]



Memory Creation loop:  48%|████▊     | 2074/4293 [1:03:43<1:08:01,  1.84s/it][A[A



  0%|          | 0/4 [00:00<?, ?it/s][A[A[A
100%|██████████| 4/4 [00:01<00:00,  3.26it/s]




  0%|          | 0/4 [00:00<?, ?it/s][A[A[A
100%|██████████| 4/4 [00:01<00:00,  3.25it/s]




  0%|          | 0/4 [00:00<?, ?it/s][A[A[A
100%|██████████| 4/4 [00:01<00:00,  3.24it/s]




  0%|          | 0/4 [00:00<?, ?it/s][A[A[A
100%|██████████| 4/4 [00:01<00:00,  3.26it/s]




  0%|          | 0/4 [00:00<?, ?it/s][A[A[A
100%|██████████| 4/4 [00:01<00:00,  3.25it/s]




  0%|          | 0/4 [00:00<?, ?it/s][A[A[A
100%|██████████| 4/4 [00:01<00:00,  3.25it/s]



Memory Creation loop:  48%|████▊     | 2080/4293 [1:03:54<1:07:53,  1.84s/it][A[A



  0%|          | 0/4 [00:00<?, ?it/s][A[A[A
100%|██████████| 4/4 [00:01<00:00,  3.25it/s]




  0%|          | 0/4 [00:00<?, ?it/s][A[A[A
100%|██████████| 4/4 [00:01<00:00,  3.25it/s]




  0%|          | 0/4 [00:00<?, ?it/s][A[A[A
100%|██████████| 4/4 [00:01<00:00,  3.26it/s]




  0%|          | 0/4 [00:00<?, ?it/s][A[A[A
100%|██████████| 4/4 [00:01<00:00,  3.25it/s]




  0%|          | 0/4 [00:00<?, ?it/s][A[A[A
100%|██████████| 4/4 [00:01<00:00,  3.26it/s]




  0%|          | 0/4 [00:00<?, ?it/s][A[A[A
100%|██████████| 4/4 [00:01<00:00,  3.26it/s]



Memory Creation loop:  49%|████▊     | 2086/4293 [1:04:05<1:07:41,  1.84s/it][A[A



  0%|          | 0/4 [00:00<?, ?it/s][A[A[A
100%|██████████| 4/4 [00:01<00:00,  3.26it/s]




  0%|          | 0/4 [00:00<?, ?it/s][A[A[A
100%|██████████| 4/4 [00:01<00:00,  3.26it/s]




  0%|          | 0/4 [00:00<?, ?it/s][A[A[A
100%|██████████| 4/4 [00:01<00:00,  3.26it/s]




  0%|          | 0/4 [00:00<?, ?it/s][A[A[A
100%|██████████| 4/4 [00:01<00:00,  3.26it/s]




  0%|          | 0/4 [00:00<?, ?it/s][A[A[A
100%|██████████| 4/4 [00:01<00:00,  3.26it/s]




  0%|          | 0/4 [00:00<?, ?it/s][A[A[A
100%|██████████| 4/4 [00:01<00:00,  3.24it/s]



Memory Creation loop:  49%|████▊     | 2092/4293 [1:04:16<1:07:30,  1.84s/it][A[A



  0%|          | 0/4 [00:00<?, ?it/s][A[A[A
100%|██████████| 4/4 [00:01<00:00,  3.25it/s]




  0%|          | 0/4 [00:00<?, ?it/s][A[A[A
100%|██████████| 4/4 [00:01<00:00,  3.25it/s]




  0%|          | 0/4 [00:00<?, ?it/s][A[A[A
100%|██████████| 4/4 [00:01<00:00,  3.24it/s]




  0%|          | 0/4 [00:00<?, ?it/s][A[A[A
100%|██████████| 4/4 [00:01<00:00,  3.25it/s]




  0%|          | 0/4 [00:00<?, ?it/s][A[A[A
100%|██████████| 4/4 [00:01<00:00,  3.24it/s]




  0%|          | 0/4 [00:00<?, ?it/s][A[A[A
100%|██████████| 4/4 [00:01<00:00,  3.26it/s]



Memory Creation loop:  49%|████▉     | 2098/4293 [1:04:27<1:07:22,  1.84s/it][A[A



  0%|          | 0/4 [00:00<?, ?it/s][A[A[A
100%|██████████| 4/4 [00:01<00:00,  3.26it/s]




  0%|          | 0/4 [00:00<?, ?it/s][A[A[A
100%|██████████| 4/4 [00:01<00:00,  3.26it/s]




  0%|          | 0/4 [00:00<?, ?it/s][A[A[A
100%|██████████| 4/4 [00:01<00:00,  3.28it/s]




  0%|          | 0/4 [00:00<?, ?it/s][A[A[A
100%|██████████| 4/4 [00:01<00:00,  3.28it/s]




  0%|          | 0/4 [00:00<?, ?it/s][A[A[A
100%|██████████| 4/4 [00:01<00:00,  3.24it/s]




  0%|          | 0/4 [00:00<?, ?it/s][A[A[A
100%|██████████| 4/4 [00:01<00:00,  3.25it/s]



Memory Creation loop:  49%|████▉     | 2104/4293 [1:04:38<1:07:10,  1.84s/it][A[A



  0%|          | 0/4 [00:00<?, ?it/s][A[A[A
100%|██████████| 4/4 [00:01<00:00,  3.26it/s]




  0%|          | 0/4 [00:00<?, ?it/s][A[A[A
100%|██████████| 4/4 [00:01<00:00,  3.27it/s]




  0%|          | 0/4 [00:00<?, ?it/s][A[A[A
100%|██████████| 4/4 [00:01<00:00,  3.26it/s]




  0%|          | 0/4 [00:00<?, ?it/s][A[A[A
100%|██████████| 4/4 [00:01<00:00,  3.25it/s]




  0%|          | 0/4 [00:00<?, ?it/s][A[A[A
100%|██████████| 4/4 [00:01<00:00,  3.27it/s]




  0%|          | 0/4 [00:00<?, ?it/s][A[A[A
100%|██████████| 4/4 [00:01<00:00,  3.26it/s]



Memory Creation loop:  49%|████▉     | 2110/4293 [1:04:49<1:06:58,  1.84s/it][A[A



  0%|          | 0/4 [00:00<?, ?it/s][A[A[A
100%|██████████| 4/4 [00:01<00:00,  3.25it/s]




  0%|          | 0/4 [00:00<?, ?it/s][A[A[A
100%|██████████| 4/4 [00:01<00:00,  3.25it/s]




  0%|          | 0/4 [00:00<?, ?it/s][A[A[A
100%|██████████| 4/4 [00:01<00:00,  3.24it/s]




  0%|          | 0/4 [00:00<?, ?it/s][A[A[A
100%|██████████| 4/4 [00:01<00:00,  3.25it/s]




  0%|          | 0/4 [00:00<?, ?it/s][A[A[A
100%|██████████| 4/4 [00:01<00:00,  3.25it/s]




  0%|          | 0/4 [00:00<?, ?it/s][A[A[A
100%|██████████| 4/4 [00:01<00:00,  3.26it/s]



Memory Creation loop:  49%|████▉     | 2116/4293 [1:05:00<1:06:50,  1.84s/it][A[A



  0%|          | 0/4 [00:00<?, ?it/s][A[A[A
100%|██████████| 4/4 [00:01<00:00,  3.26it/s]




  0%|          | 0/4 [00:00<?, ?it/s][A[A[A
100%|██████████| 4/4 [00:01<00:00,  3.26it/s]




  0%|          | 0/4 [00:00<?, ?it/s][A[A[A
100%|██████████| 4/4 [00:01<00:00,  3.25it/s]




  0%|          | 0/4 [00:00<?, ?it/s][A[A[A
100%|██████████| 4/4 [00:01<00:00,  3.27it/s]




  0%|          | 0/4 [00:00<?, ?it/s][A[A[A
100%|██████████| 4/4 [00:01<00:00,  3.27it/s]




  0%|          | 0/4 [00:00<?, ?it/s][A[A[A
100%|██████████| 4/4 [00:01<00:00,  3.26it/s]



Memory Creation loop:  49%|████▉     | 2122/4293 [1:05:11<1:06:36,  1.84s/it][A[A



  0%|          | 0/4 [00:00<?, ?it/s][A[A[A
100%|██████████| 4/4 [00:01<00:00,  3.25it/s]




  0%|          | 0/4 [00:00<?, ?it/s][A[A[A
100%|██████████| 4/4 [00:01<00:00,  3.25it/s]




  0%|          | 0/4 [00:00<?, ?it/s][A[A[A
100%|██████████| 4/4 [00:01<00:00,  3.26it/s]




  0%|          | 0/4 [00:00<?, ?it/s][A[A[A
100%|██████████| 4/4 [00:01<00:00,  3.25it/s]




  0%|          | 0/4 [00:00<?, ?it/s][A[A[A
100%|██████████| 4/4 [00:01<00:00,  3.24it/s]




  0%|          | 0/4 [00:00<?, ?it/s][A[A[A


Memory Creation loop:  49%|████▉     | 2122/4293 [1:05:22<1:06:36,  1.84s/it][A[A
100%|██████████| 4/4 [00:01<00:00,  3.25it/s]



Memory Creation loop:  50%|████▉     | 2128/4293 [1:05:22<1:06:28,  1.84s/it][A[A



  0%|          | 0/4 [00:00<?, ?it/s][A[A[A
100%|██████████| 4/4 [00:01<00:00,  3.25it/s]




  0%|          | 0/4 [00:00<?, ?it/s][A[A[A
100%|██████████| 4/4 [00:01<00:00,  3.25it/s]




  0%|          | 0/4 [00:00<?, ?it/s][A[A[A
100%|██████████| 4/4 [00:01<00:00,  3.26it/s]




  0%|          | 0/4 [00:00<?, ?it/s][A[A[A
100%|██████████| 4/4 [00:01<00:00,  3.25it/s]




  0%|          | 0/4 [00:00<?, ?it/s][A[A[A
100%|██████████| 4/4 [00:01<00:00,  3.26it/s]




  0%|          | 0/4 [00:00<?, ?it/s][A[A[A
100%|██████████| 4/4 [00:01<00:00,  3.26it/s]



Memory Creation loop:  50%|████▉     | 2134/4293 [1:05:34<1:06:15,  1.84s/it][A[A



  0%|          | 0/4 [00:00<?, ?it/s][A[A[A
100%|██████████| 4/4 [00:01<00:00,  3.25it/s]




  0%|          | 0/4 [00:00<?, ?it/s][A[A[A
100%|██████████| 4/4 [00:01<00:00,  3.25it/s]




  0%|          | 0/4 [00:00<?, ?it/s][A[A[A
100%|██████████| 4/4 [00:01<00:00,  3.26it/s]




  0%|          | 0/4 [00:00<?, ?it/s][A[A[A
100%|██████████| 4/4 [00:01<00:00,  3.25it/s]




  0%|          | 0/4 [00:00<?, ?it/s][A[A[A
100%|██████████| 4/4 [00:01<00:00,  3.26it/s]




  0%|          | 0/4 [00:00<?, ?it/s][A[A[A
100%|██████████| 4/4 [00:01<00:00,  3.26it/s]



Memory Creation loop:  50%|████▉     | 2140/4293 [1:05:45<1:06:04,  1.84s/it][A[A



  0%|          | 0/4 [00:00<?, ?it/s][A[A[A
100%|██████████| 4/4 [00:01<00:00,  3.27it/s]




  0%|          | 0/4 [00:00<?, ?it/s][A[A[A
100%|██████████| 4/4 [00:01<00:00,  3.26it/s]




  0%|          | 0/4 [00:00<?, ?it/s][A[A[A
100%|██████████| 4/4 [00:01<00:00,  3.25it/s]




  0%|          | 0/4 [00:00<?, ?it/s][A[A[A
100%|██████████| 4/4 [00:01<00:00,  3.26it/s]




  0%|          | 0/4 [00:00<?, ?it/s][A[A[A
100%|██████████| 4/4 [00:01<00:00,  3.26it/s]




  0%|          | 0/4 [00:00<?, ?it/s][A[A[A
100%|██████████| 4/4 [00:01<00:00,  3.25it/s]



Memory Creation loop:  50%|████▉     | 2146/4293 [1:05:56<1:05:52,  1.84s/it][A[A



  0%|          | 0/4 [00:00<?, ?it/s][A[A[A
100%|██████████| 4/4 [00:01<00:00,  3.25it/s]




  0%|          | 0/4 [00:00<?, ?it/s][A[A[A
100%|██████████| 4/4 [00:01<00:00,  3.25it/s]




  0%|          | 0/4 [00:00<?, ?it/s][A[A[A
100%|██████████| 4/4 [00:01<00:00,  3.27it/s]




  0%|          | 0/4 [00:00<?, ?it/s][A[A[A
100%|██████████| 4/4 [00:01<00:00,  3.26it/s]




  0%|          | 0/4 [00:00<?, ?it/s][A[A[A
100%|██████████| 4/4 [00:01<00:00,  3.25it/s]




  0%|          | 0/4 [00:00<?, ?it/s][A[A[A
100%|██████████| 4/4 [00:01<00:00,  3.24it/s]



Memory Creation loop:  50%|█████     | 2152/4293 [1:06:07<1:05:42,  1.84s/it][A[A



  0%|          | 0/4 [00:00<?, ?it/s][A[A[A
100%|██████████| 4/4 [00:01<00:00,  3.25it/s]




  0%|          | 0/4 [00:00<?, ?it/s][A[A[A
100%|██████████| 4/4 [00:01<00:00,  3.26it/s]




  0%|          | 0/4 [00:00<?, ?it/s][A[A[A
100%|██████████| 4/4 [00:01<00:00,  3.26it/s]




  0%|          | 0/4 [00:00<?, ?it/s][A[A[A
100%|██████████| 4/4 [00:01<00:00,  3.26it/s]




  0%|          | 0/4 [00:00<?, ?it/s][A[A[A
100%|██████████| 4/4 [00:01<00:00,  3.26it/s]




  0%|          | 0/4 [00:00<?, ?it/s][A[A[A
100%|██████████| 4/4 [00:01<00:00,  3.26it/s]



Memory Creation loop:  50%|█████     | 2158/4293 [1:06:18<1:05:31,  1.84s/it][A[A



  0%|          | 0/4 [00:00<?, ?it/s][A[A[A
100%|██████████| 4/4 [00:01<00:00,  3.25it/s]




  0%|          | 0/4 [00:00<?, ?it/s][A[A[A
100%|██████████| 4/4 [00:01<00:00,  3.26it/s]




  0%|          | 0/4 [00:00<?, ?it/s][A[A[A
100%|██████████| 4/4 [00:01<00:00,  3.26it/s]




  0%|          | 0/4 [00:00<?, ?it/s][A[A[A
100%|██████████| 4/4 [00:01<00:00,  3.25it/s]




  0%|          | 0/4 [00:00<?, ?it/s][A[A[A
100%|██████████| 4/4 [00:01<00:00,  3.26it/s]




  0%|          | 0/4 [00:00<?, ?it/s][A[A[A
100%|██████████| 4/4 [00:01<00:00,  3.25it/s]



Memory Creation loop:  50%|█████     | 2164/4293 [1:06:29<1:05:19,  1.84s/it][A[A



  0%|          | 0/4 [00:00<?, ?it/s][A[A[A
100%|██████████| 4/4 [00:01<00:00,  3.27it/s]




  0%|          | 0/4 [00:00<?, ?it/s][A[A[A
100%|██████████| 4/4 [00:01<00:00,  3.27it/s]




  0%|          | 0/4 [00:00<?, ?it/s][A[A[A
100%|██████████| 4/4 [00:01<00:00,  3.26it/s]




  0%|          | 0/4 [00:00<?, ?it/s][A[A[A
100%|██████████| 4/4 [00:01<00:00,  3.20it/s]




  0%|          | 0/4 [00:00<?, ?it/s][A[A[A
100%|██████████| 4/4 [00:01<00:00,  3.25it/s]




  0%|          | 0/4 [00:00<?, ?it/s][A[A[A
100%|██████████| 4/4 [00:01<00:00,  3.25it/s]



Memory Creation loop:  51%|█████     | 2170/4293 [1:06:40<1:05:11,  1.84s/it][A[A



  0%|          | 0/4 [00:00<?, ?it/s][A[A[A
100%|██████████| 4/4 [00:01<00:00,  3.25it/s]




  0%|          | 0/4 [00:00<?, ?it/s][A[A[A
100%|██████████| 4/4 [00:01<00:00,  3.25it/s]




  0%|          | 0/4 [00:00<?, ?it/s][A[A[A
100%|██████████| 4/4 [00:01<00:00,  3.26it/s]




  0%|          | 0/4 [00:00<?, ?it/s][A[A[A
100%|██████████| 4/4 [00:01<00:00,  3.26it/s]




  0%|          | 0/4 [00:00<?, ?it/s][A[A[A
100%|██████████| 4/4 [00:01<00:00,  3.26it/s]




  0%|          | 0/4 [00:00<?, ?it/s][A[A[A
100%|██████████| 4/4 [00:01<00:00,  3.25it/s]



Memory Creation loop:  51%|█████     | 2176/4293 [1:06:51<1:04:59,  1.84s/it][A[A



  0%|          | 0/4 [00:00<?, ?it/s][A[A[A
100%|██████████| 4/4 [00:01<00:00,  3.26it/s]




  0%|          | 0/4 [00:00<?, ?it/s][A[A[A
100%|██████████| 4/4 [00:01<00:00,  3.26it/s]




  0%|          | 0/4 [00:00<?, ?it/s][A[A[A
100%|██████████| 4/4 [00:01<00:00,  3.25it/s]




  0%|          | 0/4 [00:00<?, ?it/s][A[A[A
100%|██████████| 4/4 [00:01<00:00,  3.26it/s]




  0%|          | 0/4 [00:00<?, ?it/s][A[A[A
100%|██████████| 4/4 [00:01<00:00,  3.26it/s]




  0%|          | 0/4 [00:00<?, ?it/s][A[A[A
100%|██████████| 4/4 [00:01<00:00,  3.26it/s]



Memory Creation loop:  51%|█████     | 2182/4293 [1:07:02<1:04:47,  1.84s/it][A[A



  0%|          | 0/4 [00:00<?, ?it/s][A[A[A
100%|██████████| 4/4 [00:01<00:00,  3.26it/s]




  0%|          | 0/4 [00:00<?, ?it/s][A[A[A
100%|██████████| 4/4 [00:01<00:00,  3.26it/s]




  0%|          | 0/4 [00:00<?, ?it/s][A[A[A
100%|██████████| 4/4 [00:01<00:00,  3.26it/s]




  0%|          | 0/4 [00:00<?, ?it/s][A[A[A
100%|██████████| 4/4 [00:01<00:00,  3.26it/s]




  0%|          | 0/4 [00:00<?, ?it/s][A[A[A
100%|██████████| 4/4 [00:01<00:00,  3.26it/s]




  0%|          | 0/4 [00:00<?, ?it/s][A[A[A


Memory Creation loop:  51%|█████     | 2182/4293 [1:07:12<1:04:47,  1.84s/it][A[A
100%|██████████| 4/4 [00:01<00:00,  3.25it/s]



Memory Creation loop:  51%|█████     | 2188/4293 [1:07:13<1:04:34,  1.84s/it][A[A



  0%|          | 0/4 [00:00<?, ?it/s][A[A[A
100%|██████████| 4/4 [00:01<00:00,  3.26it/s]




  0%|          | 0/4 [00:00<?, ?it/s][A[A[A
100%|██████████| 4/4 [00:01<00:00,  3.27it/s]




  0%|          | 0/4 [00:00<?, ?it/s][A[A[A
100%|██████████| 4/4 [00:01<00:00,  3.26it/s]




  0%|          | 0/4 [00:00<?, ?it/s][A[A[A
100%|██████████| 4/4 [00:01<00:00,  3.26it/s]




  0%|          | 0/4 [00:00<?, ?it/s][A[A[A
100%|██████████| 4/4 [00:01<00:00,  3.26it/s]




  0%|          | 0/4 [00:00<?, ?it/s][A[A[A
100%|██████████| 4/4 [00:01<00:00,  3.26it/s]



Memory Creation loop:  51%|█████     | 2194/4293 [1:07:24<1:04:21,  1.84s/it][A[A



  0%|          | 0/4 [00:00<?, ?it/s][A[A[A
100%|██████████| 4/4 [00:01<00:00,  3.26it/s]




  0%|          | 0/4 [00:00<?, ?it/s][A[A[A
100%|██████████| 4/4 [00:01<00:00,  3.27it/s]




  0%|          | 0/4 [00:00<?, ?it/s][A[A[A
100%|██████████| 4/4 [00:01<00:00,  3.28it/s]




  0%|          | 0/4 [00:00<?, ?it/s][A[A[A
100%|██████████| 4/4 [00:01<00:00,  3.28it/s]




  0%|          | 0/4 [00:00<?, ?it/s][A[A[A
100%|██████████| 4/4 [00:01<00:00,  3.24it/s]




  0%|          | 0/4 [00:00<?, ?it/s][A[A[A
100%|██████████| 4/4 [00:01<00:00,  3.24it/s]



Memory Creation loop:  51%|█████     | 2200/4293 [1:07:35<1:04:08,  1.84s/it][A[A



  0%|          | 0/4 [00:00<?, ?it/s][A[A[A
100%|██████████| 4/4 [00:01<00:00,  3.25it/s]




  0%|          | 0/4 [00:00<?, ?it/s][A[A[A
100%|██████████| 4/4 [00:01<00:00,  3.25it/s]




  0%|          | 0/4 [00:00<?, ?it/s][A[A[A
100%|██████████| 4/4 [00:01<00:00,  3.25it/s]




  0%|          | 0/4 [00:00<?, ?it/s][A[A[A
100%|██████████| 4/4 [00:01<00:00,  3.25it/s]




  0%|          | 0/4 [00:00<?, ?it/s][A[A[A
100%|██████████| 4/4 [00:01<00:00,  3.26it/s]




  0%|          | 0/4 [00:00<?, ?it/s][A[A[A
100%|██████████| 4/4 [00:01<00:00,  3.26it/s]



Memory Creation loop:  51%|█████▏    | 2206/4293 [1:07:46<1:03:59,  1.84s/it][A[A



  0%|          | 0/4 [00:00<?, ?it/s][A[A[A
100%|██████████| 4/4 [00:01<00:00,  3.25it/s]




  0%|          | 0/4 [00:00<?, ?it/s][A[A[A
100%|██████████| 4/4 [00:01<00:00,  3.26it/s]




  0%|          | 0/4 [00:00<?, ?it/s][A[A[A
100%|██████████| 4/4 [00:01<00:00,  3.25it/s]




  0%|          | 0/4 [00:00<?, ?it/s][A[A[A
100%|██████████| 4/4 [00:01<00:00,  3.26it/s]




  0%|          | 0/4 [00:00<?, ?it/s][A[A[A
100%|██████████| 4/4 [00:01<00:00,  3.26it/s]




  0%|          | 0/4 [00:00<?, ?it/s][A[A[A
100%|██████████| 4/4 [00:01<00:00,  3.26it/s]



Memory Creation loop:  52%|█████▏    | 2212/4293 [1:07:57<1:03:49,  1.84s/it][A[A



  0%|          | 0/4 [00:00<?, ?it/s][A[A[A
100%|██████████| 4/4 [00:01<00:00,  3.26it/s]




  0%|          | 0/4 [00:00<?, ?it/s][A[A[A
100%|██████████| 4/4 [00:01<00:00,  3.26it/s]




  0%|          | 0/4 [00:00<?, ?it/s][A[A[A
100%|██████████| 4/4 [00:01<00:00,  3.24it/s]




  0%|          | 0/4 [00:00<?, ?it/s][A[A[A
100%|██████████| 4/4 [00:01<00:00,  3.25it/s]




  0%|          | 0/4 [00:00<?, ?it/s][A[A[A
100%|██████████| 4/4 [00:01<00:00,  3.26it/s]




  0%|          | 0/4 [00:00<?, ?it/s][A[A[A
100%|██████████| 4/4 [00:01<00:00,  3.26it/s]



Memory Creation loop:  52%|█████▏    | 2218/4293 [1:08:08<1:03:39,  1.84s/it][A[A



  0%|          | 0/4 [00:00<?, ?it/s][A[A[A
100%|██████████| 4/4 [00:01<00:00,  3.27it/s]




  0%|          | 0/4 [00:00<?, ?it/s][A[A[A
100%|██████████| 4/4 [00:01<00:00,  3.26it/s]




  0%|          | 0/4 [00:00<?, ?it/s][A[A[A
100%|██████████| 4/4 [00:01<00:00,  3.26it/s]




  0%|          | 0/4 [00:00<?, ?it/s][A[A[A
100%|██████████| 4/4 [00:01<00:00,  3.27it/s]




  0%|          | 0/4 [00:00<?, ?it/s][A[A[A
100%|██████████| 4/4 [00:01<00:00,  3.26it/s]




  0%|          | 0/4 [00:00<?, ?it/s][A[A[A
100%|██████████| 4/4 [00:01<00:00,  3.26it/s]



Memory Creation loop:  52%|█████▏    | 2224/4293 [1:08:19<1:03:26,  1.84s/it][A[A



  0%|          | 0/4 [00:00<?, ?it/s][A[A[A
100%|██████████| 4/4 [00:01<00:00,  3.26it/s]




  0%|          | 0/4 [00:00<?, ?it/s][A[A[A
100%|██████████| 4/4 [00:01<00:00,  3.25it/s]




  0%|          | 0/4 [00:00<?, ?it/s][A[A[A
100%|██████████| 4/4 [00:01<00:00,  3.26it/s]




  0%|          | 0/4 [00:00<?, ?it/s][A[A[A
100%|██████████| 4/4 [00:01<00:00,  3.25it/s]




  0%|          | 0/4 [00:00<?, ?it/s][A[A[A
100%|██████████| 4/4 [00:01<00:00,  3.26it/s]




  0%|          | 0/4 [00:00<?, ?it/s][A[A[A
100%|██████████| 4/4 [00:01<00:00,  3.26it/s]



Memory Creation loop:  52%|█████▏    | 2230/4293 [1:08:30<1:03:15,  1.84s/it][A[A



  0%|          | 0/4 [00:00<?, ?it/s][A[A[A
100%|██████████| 4/4 [00:01<00:00,  3.25it/s]




  0%|          | 0/4 [00:00<?, ?it/s][A[A[A
100%|██████████| 4/4 [00:01<00:00,  3.26it/s]




  0%|          | 0/4 [00:00<?, ?it/s][A[A[A
100%|██████████| 4/4 [00:01<00:00,  3.17it/s]




  0%|          | 0/4 [00:00<?, ?it/s][A[A[A
100%|██████████| 4/4 [00:01<00:00,  3.25it/s]




  0%|          | 0/4 [00:00<?, ?it/s][A[A[A
100%|██████████| 4/4 [00:01<00:00,  3.24it/s]




  0%|          | 0/4 [00:00<?, ?it/s][A[A[A
100%|██████████| 4/4 [00:01<00:00,  3.25it/s]



Memory Creation loop:  52%|█████▏    | 2236/4293 [1:08:41<1:03:11,  1.84s/it][A[A



  0%|          | 0/4 [00:00<?, ?it/s][A[A[A
100%|██████████| 4/4 [00:01<00:00,  3.26it/s]




  0%|          | 0/4 [00:00<?, ?it/s][A[A[A
100%|██████████| 4/4 [00:01<00:00,  3.27it/s]




  0%|          | 0/4 [00:00<?, ?it/s][A[A[A
100%|██████████| 4/4 [00:01<00:00,  3.25it/s]




  0%|          | 0/4 [00:00<?, ?it/s][A[A[A
100%|██████████| 4/4 [00:01<00:00,  3.26it/s]




  0%|          | 0/4 [00:00<?, ?it/s][A[A[A
100%|██████████| 4/4 [00:01<00:00,  3.26it/s]




  0%|          | 0/4 [00:00<?, ?it/s][A[A[A


Memory Creation loop:  52%|█████▏    | 2236/4293 [1:08:52<1:03:11,  1.84s/it][A[A
100%|██████████| 4/4 [00:01<00:00,  3.25it/s]



Memory Creation loop:  52%|█████▏    | 2242/4293 [1:08:52<1:02:59,  1.84s/it][A[A



  0%|          | 0/4 [00:00<?, ?it/s][A[A[A
100%|██████████| 4/4 [00:01<00:00,  3.24it/s]




  0%|          | 0/4 [00:00<?, ?it/s][A[A[A
100%|██████████| 4/4 [00:01<00:00,  3.26it/s]




  0%|          | 0/4 [00:00<?, ?it/s][A[A[A
100%|██████████| 4/4 [00:01<00:00,  3.26it/s]




  0%|          | 0/4 [00:00<?, ?it/s][A[A[A
100%|██████████| 4/4 [00:01<00:00,  3.26it/s]




  0%|          | 0/4 [00:00<?, ?it/s][A[A[A
100%|██████████| 4/4 [00:01<00:00,  3.26it/s]




  0%|          | 0/4 [00:00<?, ?it/s][A[A[A
100%|██████████| 4/4 [00:01<00:00,  3.25it/s]



Memory Creation loop:  52%|█████▏    | 2248/4293 [1:09:03<1:02:47,  1.84s/it][A[A



  0%|          | 0/4 [00:00<?, ?it/s][A[A[A
100%|██████████| 4/4 [00:01<00:00,  3.26it/s]




  0%|          | 0/4 [00:00<?, ?it/s][A[A[A
100%|██████████| 4/4 [00:01<00:00,  3.25it/s]




  0%|          | 0/4 [00:00<?, ?it/s][A[A[A
100%|██████████| 4/4 [00:01<00:00,  3.24it/s]




  0%|          | 0/4 [00:00<?, ?it/s][A[A[A
100%|██████████| 4/4 [00:01<00:00,  3.24it/s]




  0%|          | 0/4 [00:00<?, ?it/s][A[A[A
100%|██████████| 4/4 [00:01<00:00,  3.25it/s]




  0%|          | 0/4 [00:00<?, ?it/s][A[A[A
100%|██████████| 4/4 [00:01<00:00,  3.26it/s]



Memory Creation loop:  53%|█████▎    | 2254/4293 [1:09:14<1:02:37,  1.84s/it][A[A



  0%|          | 0/4 [00:00<?, ?it/s][A[A[A
100%|██████████| 4/4 [00:01<00:00,  3.25it/s]




  0%|          | 0/4 [00:00<?, ?it/s][A[A[A
100%|██████████| 4/4 [00:01<00:00,  3.25it/s]




  0%|          | 0/4 [00:00<?, ?it/s][A[A[A
100%|██████████| 4/4 [00:01<00:00,  3.26it/s]




  0%|          | 0/4 [00:00<?, ?it/s][A[A[A
100%|██████████| 4/4 [00:01<00:00,  3.25it/s]




  0%|          | 0/4 [00:00<?, ?it/s][A[A[A
100%|██████████| 4/4 [00:01<00:00,  3.25it/s]




  0%|          | 0/4 [00:00<?, ?it/s][A[A[A
100%|██████████| 4/4 [00:01<00:00,  3.25it/s]



Memory Creation loop:  53%|█████▎    | 2260/4293 [1:09:26<1:02:27,  1.84s/it][A[A



  0%|          | 0/4 [00:00<?, ?it/s][A[A[A
100%|██████████| 4/4 [00:01<00:00,  3.26it/s]




  0%|          | 0/4 [00:00<?, ?it/s][A[A[A
100%|██████████| 4/4 [00:01<00:00,  3.19it/s]




  0%|          | 0/4 [00:00<?, ?it/s][A[A[A
100%|██████████| 4/4 [00:01<00:00,  3.25it/s]




  0%|          | 0/4 [00:00<?, ?it/s][A[A[A
100%|██████████| 4/4 [00:01<00:00,  3.26it/s]




  0%|          | 0/4 [00:00<?, ?it/s][A[A[A
100%|██████████| 4/4 [00:01<00:00,  3.26it/s]




  0%|          | 0/4 [00:00<?, ?it/s][A[A[A
100%|██████████| 4/4 [00:01<00:00,  3.26it/s]



Memory Creation loop:  53%|█████▎    | 2266/4293 [1:09:37<1:02:17,  1.84s/it][A[A



  0%|          | 0/4 [00:00<?, ?it/s][A[A[A
100%|██████████| 4/4 [00:01<00:00,  3.22it/s]




  0%|          | 0/4 [00:00<?, ?it/s][A[A[A
100%|██████████| 4/4 [00:01<00:00,  3.25it/s]




  0%|          | 0/4 [00:00<?, ?it/s][A[A[A
100%|██████████| 4/4 [00:01<00:00,  3.26it/s]




  0%|          | 0/4 [00:00<?, ?it/s][A[A[A
100%|██████████| 4/4 [00:01<00:00,  3.25it/s]




  0%|          | 0/4 [00:00<?, ?it/s][A[A[A
100%|██████████| 4/4 [00:01<00:00,  3.22it/s]




  0%|          | 0/4 [00:00<?, ?it/s][A[A[A
100%|██████████| 4/4 [00:01<00:00,  3.25it/s]



Memory Creation loop:  53%|█████▎    | 2272/4293 [1:09:48<1:02:09,  1.85s/it][A[A



  0%|          | 0/4 [00:00<?, ?it/s][A[A[A
100%|██████████| 4/4 [00:01<00:00,  3.25it/s]




  0%|          | 0/4 [00:00<?, ?it/s][A[A[A
100%|██████████| 4/4 [00:01<00:00,  3.23it/s]




  0%|          | 0/4 [00:00<?, ?it/s][A[A[A
100%|██████████| 4/4 [00:01<00:00,  3.17it/s]




  0%|          | 0/4 [00:00<?, ?it/s][A[A[A
100%|██████████| 4/4 [00:01<00:00,  3.17it/s]




  0%|          | 0/4 [00:00<?, ?it/s][A[A[A
100%|██████████| 4/4 [00:01<00:00,  3.20it/s]




  0%|          | 0/4 [00:00<?, ?it/s][A[A[A
100%|██████████| 4/4 [00:01<00:00,  3.19it/s]



Memory Creation loop:  53%|█████▎    | 2278/4293 [1:09:59<1:02:08,  1.85s/it][A[A



  0%|          | 0/4 [00:00<?, ?it/s][A[A[A
100%|██████████| 4/4 [00:01<00:00,  3.19it/s]




  0%|          | 0/4 [00:00<?, ?it/s][A[A[A
100%|██████████| 4/4 [00:01<00:00,  3.19it/s]




  0%|          | 0/4 [00:00<?, ?it/s][A[A[A
100%|██████████| 4/4 [00:01<00:00,  3.19it/s]




  0%|          | 0/4 [00:00<?, ?it/s][A[A[A
100%|██████████| 4/4 [00:01<00:00,  3.24it/s]




  0%|          | 0/4 [00:00<?, ?it/s][A[A[A
100%|██████████| 4/4 [00:01<00:00,  3.26it/s]




  0%|          | 0/4 [00:00<?, ?it/s][A[A[A
100%|██████████| 4/4 [00:01<00:00,  3.24it/s]



Memory Creation loop:  53%|█████▎    | 2284/4293 [1:10:10<1:02:02,  1.85s/it][A[A



  0%|          | 0/4 [00:00<?, ?it/s][A[A[A
100%|██████████| 4/4 [00:01<00:00,  3.26it/s]




  0%|          | 0/4 [00:00<?, ?it/s][A[A[A
100%|██████████| 4/4 [00:01<00:00,  3.27it/s]




  0%|          | 0/4 [00:00<?, ?it/s][A[A[A
100%|██████████| 4/4 [00:01<00:00,  3.24it/s]




  0%|          | 0/4 [00:00<?, ?it/s][A[A[A
100%|██████████| 4/4 [00:01<00:00,  3.25it/s]




  0%|          | 0/4 [00:00<?, ?it/s][A[A[A
100%|██████████| 4/4 [00:01<00:00,  3.27it/s]




  0%|          | 0/4 [00:00<?, ?it/s][A[A[A
100%|██████████| 4/4 [00:01<00:00,  3.27it/s]



Memory Creation loop:  53%|█████▎    | 2290/4293 [1:10:21<1:01:42,  1.85s/it][A[A



  0%|          | 0/4 [00:00<?, ?it/s][A[A[A
100%|██████████| 4/4 [00:01<00:00,  3.27it/s]




  0%|          | 0/4 [00:00<?, ?it/s][A[A[A
100%|██████████| 4/4 [00:01<00:00,  3.25it/s]




  0%|          | 0/4 [00:00<?, ?it/s][A[A[A
100%|██████████| 4/4 [00:01<00:00,  3.27it/s]




  0%|          | 0/4 [00:00<?, ?it/s][A[A[A
100%|██████████| 4/4 [00:01<00:00,  3.26it/s]




  0%|          | 0/4 [00:00<?, ?it/s][A[A[A
100%|██████████| 4/4 [00:01<00:00,  3.25it/s]




  0%|          | 0/4 [00:00<?, ?it/s][A[A[A
100%|██████████| 4/4 [00:01<00:00,  3.25it/s]



Memory Creation loop:  53%|█████▎    | 2296/4293 [1:10:32<1:01:26,  1.85s/it][A[A



  0%|          | 0/4 [00:00<?, ?it/s][A[A[A
100%|██████████| 4/4 [00:01<00:00,  3.26it/s]




  0%|          | 0/4 [00:00<?, ?it/s][A[A[A
100%|██████████| 4/4 [00:01<00:00,  3.25it/s]




  0%|          | 0/4 [00:00<?, ?it/s][A[A[A
100%|██████████| 4/4 [00:01<00:00,  3.26it/s]




  0%|          | 0/4 [00:00<?, ?it/s][A[A[A
100%|██████████| 4/4 [00:01<00:00,  3.26it/s]




  0%|          | 0/4 [00:00<?, ?it/s][A[A[A
100%|██████████| 4/4 [00:01<00:00,  3.27it/s]




  0%|          | 0/4 [00:00<?, ?it/s][A[A[A


Memory Creation loop:  53%|█████▎    | 2296/4293 [1:10:42<1:01:26,  1.85s/it][A[A
100%|██████████| 4/4 [00:01<00:00,  3.26it/s]



Memory Creation loop:  54%|█████▎    | 2302/4293 [1:10:43<1:01:10,  1.84s/it][A[A



  0%|          | 0/4 [00:00<?, ?it/s][A[A[A
100%|██████████| 4/4 [00:01<00:00,  3.26it/s]




  0%|          | 0/4 [00:00<?, ?it/s][A[A[A
100%|██████████| 4/4 [00:01<00:00,  3.26it/s]




  0%|          | 0/4 [00:00<?, ?it/s][A[A[A
100%|██████████| 4/4 [00:01<00:00,  3.25it/s]




  0%|          | 0/4 [00:00<?, ?it/s][A[A[A
100%|██████████| 4/4 [00:01<00:00,  3.25it/s]




  0%|          | 0/4 [00:00<?, ?it/s][A[A[A
100%|██████████| 4/4 [00:01<00:00,  3.25it/s]




  0%|          | 0/4 [00:00<?, ?it/s][A[A[A
100%|██████████| 4/4 [00:01<00:00,  3.26it/s]



Memory Creation loop:  54%|█████▍    | 2308/4293 [1:10:54<1:00:57,  1.84s/it][A[A



  0%|          | 0/4 [00:00<?, ?it/s][A[A[A
100%|██████████| 4/4 [00:01<00:00,  3.26it/s]




  0%|          | 0/4 [00:00<?, ?it/s][A[A[A
100%|██████████| 4/4 [00:01<00:00,  3.26it/s]




  0%|          | 0/4 [00:00<?, ?it/s][A[A[A
100%|██████████| 4/4 [00:01<00:00,  3.25it/s]




  0%|          | 0/4 [00:00<?, ?it/s][A[A[A
100%|██████████| 4/4 [00:01<00:00,  3.26it/s]




  0%|          | 0/4 [00:00<?, ?it/s][A[A[A
100%|██████████| 4/4 [00:01<00:00,  3.26it/s]




  0%|          | 0/4 [00:00<?, ?it/s][A[A[A
100%|██████████| 4/4 [00:01<00:00,  3.26it/s]



Memory Creation loop:  54%|█████▍    | 2314/4293 [1:11:05<1:00:44,  1.84s/it][A[A



  0%|          | 0/4 [00:00<?, ?it/s][A[A[A
100%|██████████| 4/4 [00:01<00:00,  3.26it/s]




  0%|          | 0/4 [00:00<?, ?it/s][A[A[A
100%|██████████| 4/4 [00:01<00:00,  3.25it/s]




  0%|          | 0/4 [00:00<?, ?it/s][A[A[A
100%|██████████| 4/4 [00:01<00:00,  3.27it/s]




  0%|          | 0/4 [00:00<?, ?it/s][A[A[A
100%|██████████| 4/4 [00:01<00:00,  3.26it/s]




  0%|          | 0/4 [00:00<?, ?it/s][A[A[A
100%|██████████| 4/4 [00:01<00:00,  3.25it/s]




  0%|          | 0/4 [00:00<?, ?it/s][A[A[A
100%|██████████| 4/4 [00:01<00:00,  3.25it/s]



Memory Creation loop:  54%|█████▍    | 2320/4293 [1:11:16<1:00:32,  1.84s/it][A[A



  0%|          | 0/4 [00:00<?, ?it/s][A[A[A
100%|██████████| 4/4 [00:01<00:00,  3.26it/s]




  0%|          | 0/4 [00:00<?, ?it/s][A[A[A
100%|██████████| 4/4 [00:01<00:00,  3.25it/s]




  0%|          | 0/4 [00:00<?, ?it/s][A[A[A
100%|██████████| 4/4 [00:01<00:00,  3.27it/s]




  0%|          | 0/4 [00:00<?, ?it/s][A[A[A
100%|██████████| 4/4 [00:01<00:00,  3.26it/s]




  0%|          | 0/4 [00:00<?, ?it/s][A[A[A
100%|██████████| 4/4 [00:01<00:00,  3.27it/s]




  0%|          | 0/4 [00:00<?, ?it/s][A[A[A
100%|██████████| 4/4 [00:01<00:00,  3.27it/s]



Memory Creation loop:  54%|█████▍    | 2326/4293 [1:11:27<1:00:19,  1.84s/it][A[A



  0%|          | 0/4 [00:00<?, ?it/s][A[A[A
100%|██████████| 4/4 [00:01<00:00,  3.26it/s]




  0%|          | 0/4 [00:00<?, ?it/s][A[A[A
100%|██████████| 4/4 [00:01<00:00,  3.27it/s]




  0%|          | 0/4 [00:00<?, ?it/s][A[A[A
100%|██████████| 4/4 [00:01<00:00,  3.27it/s]




  0%|          | 0/4 [00:00<?, ?it/s][A[A[A
100%|██████████| 4/4 [00:01<00:00,  3.27it/s]




  0%|          | 0/4 [00:00<?, ?it/s][A[A[A
100%|██████████| 4/4 [00:01<00:00,  3.26it/s]




  0%|          | 0/4 [00:00<?, ?it/s][A[A[A
100%|██████████| 4/4 [00:01<00:00,  3.26it/s]



Memory Creation loop:  54%|█████▍    | 2332/4293 [1:11:38<1:00:06,  1.84s/it][A[A



  0%|          | 0/4 [00:00<?, ?it/s][A[A[A
100%|██████████| 4/4 [00:01<00:00,  3.27it/s]




  0%|          | 0/4 [00:00<?, ?it/s][A[A[A
100%|██████████| 4/4 [00:01<00:00,  3.27it/s]




  0%|          | 0/4 [00:00<?, ?it/s][A[A[A
100%|██████████| 4/4 [00:01<00:00,  3.26it/s]




  0%|          | 0/4 [00:00<?, ?it/s][A[A[A
100%|██████████| 4/4 [00:01<00:00,  3.26it/s]




  0%|          | 0/4 [00:00<?, ?it/s][A[A[A
100%|██████████| 4/4 [00:01<00:00,  3.26it/s]




  0%|          | 0/4 [00:00<?, ?it/s][A[A[A
100%|██████████| 4/4 [00:01<00:00,  3.25it/s]



Memory Creation loop:  54%|█████▍    | 2338/4293 [1:11:49<59:54,  1.84s/it]  [A[A



  0%|          | 0/4 [00:00<?, ?it/s][A[A[A
100%|██████████| 4/4 [00:01<00:00,  3.25it/s]




  0%|          | 0/4 [00:00<?, ?it/s][A[A[A
100%|██████████| 4/4 [00:01<00:00,  3.24it/s]




  0%|          | 0/4 [00:00<?, ?it/s][A[A[A
100%|██████████| 4/4 [00:01<00:00,  3.26it/s]




  0%|          | 0/4 [00:00<?, ?it/s][A[A[A
100%|██████████| 4/4 [00:01<00:00,  3.26it/s]




  0%|          | 0/4 [00:00<?, ?it/s][A[A[A
100%|██████████| 4/4 [00:01<00:00,  3.25it/s]




  0%|          | 0/4 [00:00<?, ?it/s][A[A[A
100%|██████████| 4/4 [00:01<00:00,  3.25it/s]



Memory Creation loop:  55%|█████▍    | 2344/4293 [1:12:00<59:44,  1.84s/it][A[A



  0%|          | 0/4 [00:00<?, ?it/s][A[A[A
100%|██████████| 4/4 [00:01<00:00,  3.26it/s]




  0%|          | 0/4 [00:00<?, ?it/s][A[A[A
100%|██████████| 4/4 [00:01<00:00,  3.25it/s]




  0%|          | 0/4 [00:00<?, ?it/s][A[A[A
100%|██████████| 4/4 [00:01<00:00,  3.25it/s]




  0%|          | 0/4 [00:00<?, ?it/s][A[A[A
100%|██████████| 4/4 [00:01<00:00,  3.25it/s]




  0%|          | 0/4 [00:00<?, ?it/s][A[A[A
100%|██████████| 4/4 [00:01<00:00,  3.26it/s]




  0%|          | 0/4 [00:00<?, ?it/s][A[A[A
100%|██████████| 4/4 [00:01<00:00,  3.18it/s]



Memory Creation loop:  55%|█████▍    | 2350/4293 [1:12:11<59:37,  1.84s/it][A[A



  0%|          | 0/4 [00:00<?, ?it/s][A[A[A
100%|██████████| 4/4 [00:01<00:00,  3.22it/s]




  0%|          | 0/4 [00:00<?, ?it/s][A[A[A
100%|██████████| 4/4 [00:01<00:00,  3.22it/s]




  0%|          | 0/4 [00:00<?, ?it/s][A[A[A
100%|██████████| 4/4 [00:01<00:00,  3.25it/s]




  0%|          | 0/4 [00:00<?, ?it/s][A[A[A
100%|██████████| 4/4 [00:01<00:00,  3.25it/s]




  0%|          | 0/4 [00:00<?, ?it/s][A[A[A
100%|██████████| 4/4 [00:01<00:00,  3.24it/s]




  0%|          | 0/4 [00:00<?, ?it/s][A[A[A


Memory Creation loop:  55%|█████▍    | 2350/4293 [1:12:22<59:37,  1.84s/it][A[A
100%|██████████| 4/4 [00:01<00:00,  3.24it/s]



Memory Creation loop:  55%|█████▍    | 2356/4293 [1:12:23<59:30,  1.84s/it][A[A



  0%|          | 0/4 [00:00<?, ?it/s][A[A[A
100%|██████████| 4/4 [00:01<00:00,  3.27it/s]




  0%|          | 0/4 [00:00<?, ?it/s][A[A[A
100%|██████████| 4/4 [00:01<00:00,  3.26it/s]




  0%|          | 0/4 [00:00<?, ?it/s][A[A[A
100%|██████████| 4/4 [00:01<00:00,  3.25it/s]




  0%|          | 0/4 [00:00<?, ?it/s][A[A[A
100%|██████████| 4/4 [00:01<00:00,  3.25it/s]




  0%|          | 0/4 [00:00<?, ?it/s][A[A[A
100%|██████████| 4/4 [00:01<00:00,  3.20it/s]




  0%|          | 0/4 [00:00<?, ?it/s][A[A[A
100%|██████████| 4/4 [00:01<00:00,  3.23it/s]



Memory Creation loop:  55%|█████▌    | 2362/4293 [1:12:34<59:21,  1.84s/it][A[A



  0%|          | 0/4 [00:00<?, ?it/s][A[A[A
100%|██████████| 4/4 [00:01<00:00,  3.26it/s]




  0%|          | 0/4 [00:00<?, ?it/s][A[A[A
100%|██████████| 4/4 [00:01<00:00,  3.25it/s]




  0%|          | 0/4 [00:00<?, ?it/s][A[A[A
100%|██████████| 4/4 [00:01<00:00,  3.27it/s]




  0%|          | 0/4 [00:00<?, ?it/s][A[A[A
100%|██████████| 4/4 [00:01<00:00,  3.26it/s]




  0%|          | 0/4 [00:00<?, ?it/s][A[A[A
100%|██████████| 4/4 [00:01<00:00,  3.26it/s]




  0%|          | 0/4 [00:00<?, ?it/s][A[A[A
100%|██████████| 4/4 [00:01<00:00,  3.25it/s]



Memory Creation loop:  55%|█████▌    | 2368/4293 [1:12:45<59:07,  1.84s/it][A[A



  0%|          | 0/4 [00:00<?, ?it/s][A[A[A
100%|██████████| 4/4 [00:01<00:00,  3.26it/s]




  0%|          | 0/4 [00:00<?, ?it/s][A[A[A
100%|██████████| 4/4 [00:01<00:00,  3.25it/s]




  0%|          | 0/4 [00:00<?, ?it/s][A[A[A
100%|██████████| 4/4 [00:01<00:00,  3.25it/s]




  0%|          | 0/4 [00:00<?, ?it/s][A[A[A
100%|██████████| 4/4 [00:01<00:00,  3.25it/s]




  0%|          | 0/4 [00:00<?, ?it/s][A[A[A
100%|██████████| 4/4 [00:01<00:00,  3.27it/s]




  0%|          | 0/4 [00:00<?, ?it/s][A[A[A
100%|██████████| 4/4 [00:01<00:00,  3.26it/s]



Memory Creation loop:  55%|█████▌    | 2374/4293 [1:12:56<58:55,  1.84s/it][A[A



  0%|          | 0/4 [00:00<?, ?it/s][A[A[A
100%|██████████| 4/4 [00:01<00:00,  3.25it/s]




  0%|          | 0/4 [00:00<?, ?it/s][A[A[A
100%|██████████| 4/4 [00:01<00:00,  3.25it/s]




  0%|          | 0/4 [00:00<?, ?it/s][A[A[A
100%|██████████| 4/4 [00:01<00:00,  3.26it/s]




  0%|          | 0/4 [00:00<?, ?it/s][A[A[A
100%|██████████| 4/4 [00:01<00:00,  3.25it/s]




  0%|          | 0/4 [00:00<?, ?it/s][A[A[A
100%|██████████| 4/4 [00:01<00:00,  3.25it/s]




  0%|          | 0/4 [00:00<?, ?it/s][A[A[A
100%|██████████| 4/4 [00:01<00:00,  3.25it/s]



Memory Creation loop:  55%|█████▌    | 2380/4293 [1:13:07<58:44,  1.84s/it][A[A



  0%|          | 0/4 [00:00<?, ?it/s][A[A[A
100%|██████████| 4/4 [00:01<00:00,  3.26it/s]




  0%|          | 0/4 [00:00<?, ?it/s][A[A[A
100%|██████████| 4/4 [00:01<00:00,  3.26it/s]




  0%|          | 0/4 [00:00<?, ?it/s][A[A[A
100%|██████████| 4/4 [00:01<00:00,  3.25it/s]




  0%|          | 0/4 [00:00<?, ?it/s][A[A[A
100%|██████████| 4/4 [00:01<00:00,  3.25it/s]




  0%|          | 0/4 [00:00<?, ?it/s][A[A[A
100%|██████████| 4/4 [00:01<00:00,  3.26it/s]




  0%|          | 0/4 [00:00<?, ?it/s][A[A[A
100%|██████████| 4/4 [00:01<00:00,  3.26it/s]



Memory Creation loop:  56%|█████▌    | 2386/4293 [1:13:18<58:32,  1.84s/it][A[A



  0%|          | 0/4 [00:00<?, ?it/s][A[A[A
100%|██████████| 4/4 [00:01<00:00,  3.25it/s]




  0%|          | 0/4 [00:00<?, ?it/s][A[A[A
100%|██████████| 4/4 [00:01<00:00,  3.24it/s]




  0%|          | 0/4 [00:00<?, ?it/s][A[A[A
100%|██████████| 4/4 [00:01<00:00,  3.27it/s]




  0%|          | 0/4 [00:00<?, ?it/s][A[A[A
100%|██████████| 4/4 [00:01<00:00,  3.26it/s]




  0%|          | 0/4 [00:00<?, ?it/s][A[A[A
100%|██████████| 4/4 [00:01<00:00,  3.25it/s]




  0%|          | 0/4 [00:00<?, ?it/s][A[A[A
100%|██████████| 4/4 [00:01<00:00,  3.25it/s]



Memory Creation loop:  56%|█████▌    | 2392/4293 [1:13:29<58:21,  1.84s/it][A[A



  0%|          | 0/4 [00:00<?, ?it/s][A[A[A
100%|██████████| 4/4 [00:01<00:00,  3.26it/s]




  0%|          | 0/4 [00:00<?, ?it/s][A[A[A
100%|██████████| 4/4 [00:01<00:00,  3.26it/s]




  0%|          | 0/4 [00:00<?, ?it/s][A[A[A
100%|██████████| 4/4 [00:01<00:00,  3.26it/s]




  0%|          | 0/4 [00:00<?, ?it/s][A[A[A
100%|██████████| 4/4 [00:01<00:00,  3.25it/s]




  0%|          | 0/4 [00:00<?, ?it/s][A[A[A
100%|██████████| 4/4 [00:01<00:00,  3.25it/s]




  0%|          | 0/4 [00:00<?, ?it/s][A[A[A
100%|██████████| 4/4 [00:01<00:00,  3.26it/s]



Memory Creation loop:  56%|█████▌    | 2398/4293 [1:13:40<58:08,  1.84s/it][A[A



  0%|          | 0/4 [00:00<?, ?it/s][A[A[A
100%|██████████| 4/4 [00:01<00:00,  3.25it/s]




  0%|          | 0/4 [00:00<?, ?it/s][A[A[A
100%|██████████| 4/4 [00:01<00:00,  3.25it/s]




  0%|          | 0/4 [00:00<?, ?it/s][A[A[A
100%|██████████| 4/4 [00:01<00:00,  3.25it/s]




  0%|          | 0/4 [00:00<?, ?it/s][A[A[A
100%|██████████| 4/4 [00:01<00:00,  3.26it/s]




  0%|          | 0/4 [00:00<?, ?it/s][A[A[A
100%|██████████| 4/4 [00:01<00:00,  3.25it/s]




  0%|          | 0/4 [00:00<?, ?it/s][A[A[A
100%|██████████| 4/4 [00:01<00:00,  3.23it/s]



Memory Creation loop:  56%|█████▌    | 2404/4293 [1:13:51<57:59,  1.84s/it][A[A



  0%|          | 0/4 [00:00<?, ?it/s][A[A[A
100%|██████████| 4/4 [00:01<00:00,  3.28it/s]




  0%|          | 0/4 [00:00<?, ?it/s][A[A[A
100%|██████████| 4/4 [00:01<00:00,  3.26it/s]




  0%|          | 0/4 [00:00<?, ?it/s][A[A[A
100%|██████████| 4/4 [00:01<00:00,  3.26it/s]




  0%|          | 0/4 [00:00<?, ?it/s][A[A[A
100%|██████████| 4/4 [00:01<00:00,  3.25it/s]




  0%|          | 0/4 [00:00<?, ?it/s][A[A[A
100%|██████████| 4/4 [00:01<00:00,  3.27it/s]




  0%|          | 0/4 [00:00<?, ?it/s][A[A[A
100%|██████████| 4/4 [00:01<00:00,  3.26it/s]



Memory Creation loop:  56%|█████▌    | 2410/4293 [1:14:02<57:45,  1.84s/it][A[A



  0%|          | 0/4 [00:00<?, ?it/s][A[A[A
100%|██████████| 4/4 [00:01<00:00,  3.25it/s]




  0%|          | 0/4 [00:00<?, ?it/s][A[A[A
100%|██████████| 4/4 [00:01<00:00,  3.26it/s]




  0%|          | 0/4 [00:00<?, ?it/s][A[A[A
100%|██████████| 4/4 [00:01<00:00,  3.27it/s]




  0%|          | 0/4 [00:00<?, ?it/s][A[A[A
100%|██████████| 4/4 [00:01<00:00,  3.26it/s]




  0%|          | 0/4 [00:00<?, ?it/s][A[A[A
100%|██████████| 4/4 [00:01<00:00,  3.25it/s]




  0%|          | 0/4 [00:00<?, ?it/s][A[A[A


Memory Creation loop:  56%|█████▌    | 2410/4293 [1:14:12<57:45,  1.84s/it][A[A
100%|██████████| 4/4 [00:01<00:00,  3.25it/s]



Memory Creation loop:  56%|█████▋    | 2416/4293 [1:14:13<57:35,  1.84s/it][A[A



  0%|          | 0/4 [00:00<?, ?it/s][A[A[A
100%|██████████| 4/4 [00:01<00:00,  3.26it/s]




  0%|          | 0/4 [00:00<?, ?it/s][A[A[A
100%|██████████| 4/4 [00:01<00:00,  3.25it/s]




  0%|          | 0/4 [00:00<?, ?it/s][A[A[A
100%|██████████| 4/4 [00:01<00:00,  3.25it/s]




  0%|          | 0/4 [00:00<?, ?it/s][A[A[A
100%|██████████| 4/4 [00:01<00:00,  3.25it/s]




  0%|          | 0/4 [00:00<?, ?it/s][A[A[A
100%|██████████| 4/4 [00:01<00:00,  3.27it/s]




  0%|          | 0/4 [00:00<?, ?it/s][A[A[A
100%|██████████| 4/4 [00:01<00:00,  3.27it/s]



Memory Creation loop:  56%|█████▋    | 2422/4293 [1:14:24<57:24,  1.84s/it][A[A



  0%|          | 0/4 [00:00<?, ?it/s][A[A[A
100%|██████████| 4/4 [00:01<00:00,  3.26it/s]




  0%|          | 0/4 [00:00<?, ?it/s][A[A[A
100%|██████████| 4/4 [00:01<00:00,  3.26it/s]




  0%|          | 0/4 [00:00<?, ?it/s][A[A[A
100%|██████████| 4/4 [00:01<00:00,  3.26it/s]




  0%|          | 0/4 [00:00<?, ?it/s][A[A[A
100%|██████████| 4/4 [00:01<00:00,  3.26it/s]




  0%|          | 0/4 [00:00<?, ?it/s][A[A[A
100%|██████████| 4/4 [00:01<00:00,  3.26it/s]




  0%|          | 0/4 [00:00<?, ?it/s][A[A[A
100%|██████████| 4/4 [00:01<00:00,  3.25it/s]



Memory Creation loop:  57%|█████▋    | 2428/4293 [1:14:35<57:13,  1.84s/it][A[A



  0%|          | 0/4 [00:00<?, ?it/s][A[A[A
100%|██████████| 4/4 [00:01<00:00,  3.27it/s]




  0%|          | 0/4 [00:00<?, ?it/s][A[A[A
100%|██████████| 4/4 [00:01<00:00,  3.24it/s]




  0%|          | 0/4 [00:00<?, ?it/s][A[A[A
100%|██████████| 4/4 [00:01<00:00,  3.26it/s]




  0%|          | 0/4 [00:00<?, ?it/s][A[A[A
100%|██████████| 4/4 [00:01<00:00,  3.26it/s]




  0%|          | 0/4 [00:00<?, ?it/s][A[A[A
100%|██████████| 4/4 [00:01<00:00,  3.26it/s]




  0%|          | 0/4 [00:00<?, ?it/s][A[A[A
100%|██████████| 4/4 [00:01<00:00,  3.26it/s]



Memory Creation loop:  57%|█████▋    | 2434/4293 [1:14:46<57:01,  1.84s/it][A[A



  0%|          | 0/4 [00:00<?, ?it/s][A[A[A
100%|██████████| 4/4 [00:01<00:00,  3.26it/s]




  0%|          | 0/4 [00:00<?, ?it/s][A[A[A
100%|██████████| 4/4 [00:01<00:00,  3.26it/s]




  0%|          | 0/4 [00:00<?, ?it/s][A[A[A
100%|██████████| 4/4 [00:01<00:00,  3.27it/s]




  0%|          | 0/4 [00:00<?, ?it/s][A[A[A
100%|██████████| 4/4 [00:01<00:00,  3.27it/s]




  0%|          | 0/4 [00:00<?, ?it/s][A[A[A
100%|██████████| 4/4 [00:01<00:00,  3.16it/s]




  0%|          | 0/4 [00:00<?, ?it/s][A[A[A
100%|██████████| 4/4 [00:01<00:00,  3.16it/s]



Memory Creation loop:  57%|█████▋    | 2440/4293 [1:14:57<56:57,  1.84s/it][A[A



  0%|          | 0/4 [00:00<?, ?it/s][A[A[A
100%|██████████| 4/4 [00:01<00:00,  3.19it/s]




  0%|          | 0/4 [00:00<?, ?it/s][A[A[A
100%|██████████| 4/4 [00:01<00:00,  3.23it/s]




  0%|          | 0/4 [00:00<?, ?it/s][A[A[A
100%|██████████| 4/4 [00:01<00:00,  3.25it/s]




  0%|          | 0/4 [00:00<?, ?it/s][A[A[A
100%|██████████| 4/4 [00:01<00:00,  3.26it/s]




  0%|          | 0/4 [00:00<?, ?it/s][A[A[A
100%|██████████| 4/4 [00:01<00:00,  3.26it/s]




  0%|          | 0/4 [00:00<?, ?it/s][A[A[A
100%|██████████| 4/4 [00:01<00:00,  3.17it/s]



Memory Creation loop:  57%|█████▋    | 2446/4293 [1:15:08<56:51,  1.85s/it][A[A



  0%|          | 0/4 [00:00<?, ?it/s][A[A[A
100%|██████████| 4/4 [00:01<00:00,  3.17it/s]




  0%|          | 0/4 [00:00<?, ?it/s][A[A[A
100%|██████████| 4/4 [00:01<00:00,  3.18it/s]




  0%|          | 0/4 [00:00<?, ?it/s][A[A[A
100%|██████████| 4/4 [00:01<00:00,  3.26it/s]




  0%|          | 0/4 [00:00<?, ?it/s][A[A[A
100%|██████████| 4/4 [00:01<00:00,  3.26it/s]




  0%|          | 0/4 [00:00<?, ?it/s][A[A[A
100%|██████████| 4/4 [00:01<00:00,  3.23it/s]




  0%|          | 0/4 [00:00<?, ?it/s][A[A[A
100%|██████████| 4/4 [00:01<00:00,  3.25it/s]



Memory Creation loop:  57%|█████▋    | 2452/4293 [1:15:19<56:44,  1.85s/it][A[A



  0%|          | 0/4 [00:00<?, ?it/s][A[A[A
100%|██████████| 4/4 [00:01<00:00,  3.26it/s]




  0%|          | 0/4 [00:00<?, ?it/s][A[A[A
100%|██████████| 4/4 [00:01<00:00,  3.27it/s]




  0%|          | 0/4 [00:00<?, ?it/s][A[A[A
100%|██████████| 4/4 [00:01<00:00,  3.26it/s]




  0%|          | 0/4 [00:00<?, ?it/s][A[A[A
100%|██████████| 4/4 [00:01<00:00,  3.25it/s]




  0%|          | 0/4 [00:00<?, ?it/s][A[A[A
100%|██████████| 4/4 [00:01<00:00,  3.26it/s]




  0%|          | 0/4 [00:00<?, ?it/s][A[A[A
100%|██████████| 4/4 [00:01<00:00,  3.25it/s]



Memory Creation loop:  57%|█████▋    | 2458/4293 [1:15:31<56:29,  1.85s/it][A[A



  0%|          | 0/4 [00:00<?, ?it/s][A[A[A
100%|██████████| 4/4 [00:01<00:00,  3.26it/s]




  0%|          | 0/4 [00:00<?, ?it/s][A[A[A
100%|██████████| 4/4 [00:01<00:00,  3.25it/s]




  0%|          | 0/4 [00:00<?, ?it/s][A[A[A
100%|██████████| 4/4 [00:01<00:00,  3.26it/s]




  0%|          | 0/4 [00:00<?, ?it/s][A[A[A
100%|██████████| 4/4 [00:01<00:00,  3.26it/s]




  0%|          | 0/4 [00:00<?, ?it/s][A[A[A
100%|██████████| 4/4 [00:01<00:00,  3.26it/s]




  0%|          | 0/4 [00:00<?, ?it/s][A[A[A
100%|██████████| 4/4 [00:01<00:00,  3.25it/s]



Memory Creation loop:  57%|█████▋    | 2464/4293 [1:15:42<56:15,  1.85s/it][A[A



  0%|          | 0/4 [00:00<?, ?it/s][A[A[A
100%|██████████| 4/4 [00:01<00:00,  3.26it/s]




  0%|          | 0/4 [00:00<?, ?it/s][A[A[A
100%|██████████| 4/4 [00:01<00:00,  3.26it/s]




  0%|          | 0/4 [00:00<?, ?it/s][A[A[A
100%|██████████| 4/4 [00:01<00:00,  3.26it/s]




  0%|          | 0/4 [00:00<?, ?it/s][A[A[A
100%|██████████| 4/4 [00:01<00:00,  3.25it/s]




  0%|          | 0/4 [00:00<?, ?it/s][A[A[A
100%|██████████| 4/4 [00:01<00:00,  3.25it/s]




  0%|          | 0/4 [00:00<?, ?it/s][A[A[A


Memory Creation loop:  57%|█████▋    | 2464/4293 [1:15:52<56:15,  1.85s/it][A[A
100%|██████████| 4/4 [00:01<00:00,  3.26it/s]



Memory Creation loop:  58%|█████▊    | 2470/4293 [1:15:53<56:01,  1.84s/it][A[A



  0%|          | 0/4 [00:00<?, ?it/s][A[A[A
100%|██████████| 4/4 [00:01<00:00,  3.25it/s]




  0%|          | 0/4 [00:00<?, ?it/s][A[A[A
100%|██████████| 4/4 [00:01<00:00,  3.26it/s]




  0%|          | 0/4 [00:00<?, ?it/s][A[A[A
100%|██████████| 4/4 [00:01<00:00,  3.26it/s]




  0%|          | 0/4 [00:00<?, ?it/s][A[A[A
100%|██████████| 4/4 [00:01<00:00,  3.26it/s]




  0%|          | 0/4 [00:00<?, ?it/s][A[A[A
100%|██████████| 4/4 [00:01<00:00,  3.26it/s]




  0%|          | 0/4 [00:00<?, ?it/s][A[A[A
100%|██████████| 4/4 [00:01<00:00,  3.25it/s]



Memory Creation loop:  58%|█████▊    | 2476/4293 [1:16:04<55:47,  1.84s/it][A[A



  0%|          | 0/4 [00:00<?, ?it/s][A[A[A
100%|██████████| 4/4 [00:01<00:00,  3.26it/s]




  0%|          | 0/4 [00:00<?, ?it/s][A[A[A
100%|██████████| 4/4 [00:01<00:00,  3.26it/s]




  0%|          | 0/4 [00:00<?, ?it/s][A[A[A
100%|██████████| 4/4 [00:01<00:00,  3.25it/s]




  0%|          | 0/4 [00:00<?, ?it/s][A[A[A
100%|██████████| 4/4 [00:01<00:00,  3.25it/s]




  0%|          | 0/4 [00:00<?, ?it/s][A[A[A
100%|██████████| 4/4 [00:01<00:00,  3.26it/s]




  0%|          | 0/4 [00:00<?, ?it/s][A[A[A
100%|██████████| 4/4 [00:01<00:00,  3.25it/s]



Memory Creation loop:  58%|█████▊    | 2482/4293 [1:16:15<55:34,  1.84s/it][A[A



  0%|          | 0/4 [00:00<?, ?it/s][A[A[A
100%|██████████| 4/4 [00:01<00:00,  3.26it/s]




  0%|          | 0/4 [00:00<?, ?it/s][A[A[A
100%|██████████| 4/4 [00:01<00:00,  3.24it/s]




  0%|          | 0/4 [00:00<?, ?it/s][A[A[A
100%|██████████| 4/4 [00:01<00:00,  3.26it/s]




  0%|          | 0/4 [00:00<?, ?it/s][A[A[A
100%|██████████| 4/4 [00:01<00:00,  3.26it/s]




  0%|          | 0/4 [00:00<?, ?it/s][A[A[A
100%|██████████| 4/4 [00:01<00:00,  3.25it/s]




  0%|          | 0/4 [00:00<?, ?it/s][A[A[A
100%|██████████| 4/4 [00:01<00:00,  3.25it/s]



Memory Creation loop:  58%|█████▊    | 2488/4293 [1:16:26<55:24,  1.84s/it][A[A



  0%|          | 0/4 [00:00<?, ?it/s][A[A[A
100%|██████████| 4/4 [00:01<00:00,  3.26it/s]




  0%|          | 0/4 [00:00<?, ?it/s][A[A[A
100%|██████████| 4/4 [00:01<00:00,  3.26it/s]




  0%|          | 0/4 [00:00<?, ?it/s][A[A[A
100%|██████████| 4/4 [00:01<00:00,  3.25it/s]




  0%|          | 0/4 [00:00<?, ?it/s][A[A[A
100%|██████████| 4/4 [00:01<00:00,  3.25it/s]




  0%|          | 0/4 [00:00<?, ?it/s][A[A[A
100%|██████████| 4/4 [00:01<00:00,  3.27it/s]




  0%|          | 0/4 [00:00<?, ?it/s][A[A[A
100%|██████████| 4/4 [00:01<00:00,  3.26it/s]



Memory Creation loop:  58%|█████▊    | 2494/4293 [1:16:37<55:12,  1.84s/it][A[A



  0%|          | 0/4 [00:00<?, ?it/s][A[A[A
100%|██████████| 4/4 [00:01<00:00,  3.25it/s]




  0%|          | 0/4 [00:00<?, ?it/s][A[A[A
100%|██████████| 4/4 [00:01<00:00,  3.25it/s]




  0%|          | 0/4 [00:00<?, ?it/s][A[A[A
100%|██████████| 4/4 [00:01<00:00,  3.26it/s]




  0%|          | 0/4 [00:00<?, ?it/s][A[A[A
100%|██████████| 4/4 [00:01<00:00,  3.25it/s]




  0%|          | 0/4 [00:00<?, ?it/s][A[A[A
100%|██████████| 4/4 [00:01<00:00,  3.25it/s]




  0%|          | 0/4 [00:00<?, ?it/s][A[A[A
100%|██████████| 4/4 [00:01<00:00,  3.25it/s]



Memory Creation loop:  58%|█████▊    | 2500/4293 [1:16:48<55:02,  1.84s/it][A[A



  0%|          | 0/4 [00:00<?, ?it/s][A[A[A
100%|██████████| 4/4 [00:01<00:00,  3.26it/s]




  0%|          | 0/4 [00:00<?, ?it/s][A[A[A
100%|██████████| 4/4 [00:01<00:00,  3.25it/s]




  0%|          | 0/4 [00:00<?, ?it/s][A[A[A
100%|██████████| 4/4 [00:01<00:00,  3.25it/s]




  0%|          | 0/4 [00:00<?, ?it/s][A[A[A
100%|██████████| 4/4 [00:01<00:00,  3.25it/s]




  0%|          | 0/4 [00:00<?, ?it/s][A[A[A
100%|██████████| 4/4 [00:01<00:00,  3.26it/s]




  0%|          | 0/4 [00:00<?, ?it/s][A[A[A
100%|██████████| 4/4 [00:01<00:00,  3.25it/s]



Memory Creation loop:  58%|█████▊    | 2506/4293 [1:16:59<54:51,  1.84s/it][A[A



  0%|          | 0/4 [00:00<?, ?it/s][A[A[A
100%|██████████| 4/4 [00:01<00:00,  3.25it/s]




  0%|          | 0/4 [00:00<?, ?it/s][A[A[A
100%|██████████| 4/4 [00:01<00:00,  3.25it/s]




  0%|          | 0/4 [00:00<?, ?it/s][A[A[A
100%|██████████| 4/4 [00:01<00:00,  3.26it/s]




  0%|          | 0/4 [00:00<?, ?it/s][A[A[A
100%|██████████| 4/4 [00:01<00:00,  3.26it/s]




  0%|          | 0/4 [00:00<?, ?it/s][A[A[A
100%|██████████| 4/4 [00:01<00:00,  3.25it/s]




  0%|          | 0/4 [00:00<?, ?it/s][A[A[A
100%|██████████| 4/4 [00:01<00:00,  3.25it/s]



Memory Creation loop:  59%|█████▊    | 2512/4293 [1:17:10<54:40,  1.84s/it][A[A



  0%|          | 0/4 [00:00<?, ?it/s][A[A[A
100%|██████████| 4/4 [00:01<00:00,  3.25it/s]




  0%|          | 0/4 [00:00<?, ?it/s][A[A[A
100%|██████████| 4/4 [00:01<00:00,  3.25it/s]




  0%|          | 0/4 [00:00<?, ?it/s][A[A[A
100%|██████████| 4/4 [00:01<00:00,  3.26it/s]




  0%|          | 0/4 [00:00<?, ?it/s][A[A[A
100%|██████████| 4/4 [00:01<00:00,  3.25it/s]




  0%|          | 0/4 [00:00<?, ?it/s][A[A[A
100%|██████████| 4/4 [00:01<00:00,  3.26it/s]




  0%|          | 0/4 [00:00<?, ?it/s][A[A[A
100%|██████████| 4/4 [00:01<00:00,  3.26it/s]



Memory Creation loop:  59%|█████▊    | 2518/4293 [1:17:21<54:28,  1.84s/it][A[A



  0%|          | 0/4 [00:00<?, ?it/s][A[A[A
100%|██████████| 4/4 [00:01<00:00,  3.25it/s]




  0%|          | 0/4 [00:00<?, ?it/s][A[A[A
100%|██████████| 4/4 [00:01<00:00,  3.26it/s]




  0%|          | 0/4 [00:00<?, ?it/s][A[A[A
100%|██████████| 4/4 [00:01<00:00,  3.26it/s]




  0%|          | 0/4 [00:00<?, ?it/s][A[A[A
100%|██████████| 4/4 [00:01<00:00,  3.26it/s]




  0%|          | 0/4 [00:00<?, ?it/s][A[A[A
100%|██████████| 4/4 [00:01<00:00,  3.24it/s]




  0%|          | 0/4 [00:00<?, ?it/s][A[A[A
100%|██████████| 4/4 [00:01<00:00,  3.25it/s]



Memory Creation loop:  59%|█████▉    | 2524/4293 [1:17:32<54:17,  1.84s/it][A[A



  0%|          | 0/4 [00:00<?, ?it/s][A[A[A
100%|██████████| 4/4 [00:01<00:00,  3.26it/s]




  0%|          | 0/4 [00:00<?, ?it/s][A[A[A
100%|██████████| 4/4 [00:01<00:00,  3.26it/s]




  0%|          | 0/4 [00:00<?, ?it/s][A[A[A
100%|██████████| 4/4 [00:01<00:00,  3.26it/s]




  0%|          | 0/4 [00:00<?, ?it/s][A[A[A
100%|██████████| 4/4 [00:01<00:00,  3.26it/s]




  0%|          | 0/4 [00:00<?, ?it/s][A[A[A
100%|██████████| 4/4 [00:01<00:00,  3.26it/s]




  0%|          | 0/4 [00:00<?, ?it/s][A[A[A


Memory Creation loop:  59%|█████▉    | 2524/4293 [1:17:42<54:17,  1.84s/it][A[A
100%|██████████| 4/4 [00:01<00:00,  3.24it/s]



Memory Creation loop:  59%|█████▉    | 2530/4293 [1:17:43<54:05,  1.84s/it][A[A



  0%|          | 0/4 [00:00<?, ?it/s][A[A[A
100%|██████████| 4/4 [00:01<00:00,  3.24it/s]




  0%|          | 0/4 [00:00<?, ?it/s][A[A[A
100%|██████████| 4/4 [00:01<00:00,  3.24it/s]




  0%|          | 0/4 [00:00<?, ?it/s][A[A[A
100%|██████████| 4/4 [00:01<00:00,  3.26it/s]




  0%|          | 0/4 [00:00<?, ?it/s][A[A[A
100%|██████████| 4/4 [00:01<00:00,  3.25it/s]




  0%|          | 0/4 [00:00<?, ?it/s][A[A[A
100%|██████████| 4/4 [00:01<00:00,  3.24it/s]




  0%|          | 0/4 [00:00<?, ?it/s][A[A[A
100%|██████████| 4/4 [00:01<00:00,  3.24it/s]



Memory Creation loop:  59%|█████▉    | 2536/4293 [1:17:54<53:56,  1.84s/it][A[A



  0%|          | 0/4 [00:00<?, ?it/s][A[A[A
100%|██████████| 4/4 [00:01<00:00,  3.26it/s]




  0%|          | 0/4 [00:00<?, ?it/s][A[A[A
100%|██████████| 4/4 [00:01<00:00,  3.26it/s]




  0%|          | 0/4 [00:00<?, ?it/s][A[A[A
100%|██████████| 4/4 [00:01<00:00,  3.25it/s]




  0%|          | 0/4 [00:00<?, ?it/s][A[A[A
100%|██████████| 4/4 [00:01<00:00,  3.25it/s]




  0%|          | 0/4 [00:00<?, ?it/s][A[A[A
100%|██████████| 4/4 [00:01<00:00,  3.26it/s]




  0%|          | 0/4 [00:00<?, ?it/s][A[A[A
100%|██████████| 4/4 [00:01<00:00,  3.24it/s]



Memory Creation loop:  59%|█████▉    | 2542/4293 [1:18:05<53:44,  1.84s/it][A[A



  0%|          | 0/4 [00:00<?, ?it/s][A[A[A
100%|██████████| 4/4 [00:01<00:00,  3.24it/s]




  0%|          | 0/4 [00:00<?, ?it/s][A[A[A
100%|██████████| 4/4 [00:01<00:00,  3.25it/s]




  0%|          | 0/4 [00:00<?, ?it/s][A[A[A
100%|██████████| 4/4 [00:01<00:00,  3.26it/s]




  0%|          | 0/4 [00:00<?, ?it/s][A[A[A
100%|██████████| 4/4 [00:01<00:00,  3.25it/s]




  0%|          | 0/4 [00:00<?, ?it/s][A[A[A
100%|██████████| 4/4 [00:01<00:00,  3.24it/s]




  0%|          | 0/4 [00:00<?, ?it/s][A[A[A
100%|██████████| 4/4 [00:01<00:00,  3.25it/s]



Memory Creation loop:  59%|█████▉    | 2548/4293 [1:18:16<53:35,  1.84s/it][A[A



  0%|          | 0/4 [00:00<?, ?it/s][A[A[A
100%|██████████| 4/4 [00:01<00:00,  3.27it/s]




  0%|          | 0/4 [00:00<?, ?it/s][A[A[A
100%|██████████| 4/4 [00:01<00:00,  3.27it/s]




  0%|          | 0/4 [00:00<?, ?it/s][A[A[A
100%|██████████| 4/4 [00:01<00:00,  3.25it/s]




  0%|          | 0/4 [00:00<?, ?it/s][A[A[A
100%|██████████| 4/4 [00:01<00:00,  3.26it/s]




  0%|          | 0/4 [00:00<?, ?it/s][A[A[A
100%|██████████| 4/4 [00:01<00:00,  3.26it/s]




  0%|          | 0/4 [00:00<?, ?it/s][A[A[A
100%|██████████| 4/4 [00:01<00:00,  3.27it/s]



Memory Creation loop:  59%|█████▉    | 2554/4293 [1:18:27<53:21,  1.84s/it][A[A



  0%|          | 0/4 [00:00<?, ?it/s][A[A[A
100%|██████████| 4/4 [00:01<00:00,  3.26it/s]




  0%|          | 0/4 [00:00<?, ?it/s][A[A[A
100%|██████████| 4/4 [00:01<00:00,  3.26it/s]




  0%|          | 0/4 [00:00<?, ?it/s][A[A[A
100%|██████████| 4/4 [00:01<00:00,  3.26it/s]




  0%|          | 0/4 [00:00<?, ?it/s][A[A[A
100%|██████████| 4/4 [00:01<00:00,  3.27it/s]




  0%|          | 0/4 [00:00<?, ?it/s][A[A[A
100%|██████████| 4/4 [00:01<00:00,  3.26it/s]




  0%|          | 0/4 [00:00<?, ?it/s][A[A[A
100%|██████████| 4/4 [00:01<00:00,  3.26it/s]



Memory Creation loop:  60%|█████▉    | 2560/4293 [1:18:38<53:09,  1.84s/it][A[A



  0%|          | 0/4 [00:00<?, ?it/s][A[A[A
100%|██████████| 4/4 [00:01<00:00,  3.27it/s]




  0%|          | 0/4 [00:00<?, ?it/s][A[A[A
100%|██████████| 4/4 [00:01<00:00,  3.27it/s]




  0%|          | 0/4 [00:00<?, ?it/s][A[A[A
100%|██████████| 4/4 [00:01<00:00,  3.26it/s]




  0%|          | 0/4 [00:00<?, ?it/s][A[A[A
100%|██████████| 4/4 [00:01<00:00,  3.26it/s]




  0%|          | 0/4 [00:00<?, ?it/s][A[A[A
100%|██████████| 4/4 [00:01<00:00,  3.27it/s]




  0%|          | 0/4 [00:00<?, ?it/s][A[A[A
100%|██████████| 4/4 [00:01<00:00,  3.27it/s]



Memory Creation loop:  60%|█████▉    | 2566/4293 [1:18:49<52:56,  1.84s/it][A[A



  0%|          | 0/4 [00:00<?, ?it/s][A[A[A
100%|██████████| 4/4 [00:01<00:00,  3.25it/s]




  0%|          | 0/4 [00:00<?, ?it/s][A[A[A
100%|██████████| 4/4 [00:01<00:00,  3.26it/s]




  0%|          | 0/4 [00:00<?, ?it/s][A[A[A
100%|██████████| 4/4 [00:01<00:00,  3.26it/s]




  0%|          | 0/4 [00:00<?, ?it/s][A[A[A
100%|██████████| 4/4 [00:01<00:00,  3.26it/s]




  0%|          | 0/4 [00:00<?, ?it/s][A[A[A
100%|██████████| 4/4 [00:01<00:00,  3.26it/s]




  0%|          | 0/4 [00:00<?, ?it/s][A[A[A
100%|██████████| 4/4 [00:01<00:00,  3.26it/s]



Memory Creation loop:  60%|█████▉    | 2572/4293 [1:19:00<52:45,  1.84s/it][A[A



  0%|          | 0/4 [00:00<?, ?it/s][A[A[A
100%|██████████| 4/4 [00:01<00:00,  3.25it/s]




  0%|          | 0/4 [00:00<?, ?it/s][A[A[A
100%|██████████| 4/4 [00:01<00:00,  3.26it/s]




  0%|          | 0/4 [00:00<?, ?it/s][A[A[A
100%|██████████| 4/4 [00:01<00:00,  3.25it/s]




  0%|          | 0/4 [00:00<?, ?it/s][A[A[A
100%|██████████| 4/4 [00:01<00:00,  3.25it/s]




  0%|          | 0/4 [00:00<?, ?it/s][A[A[A
100%|██████████| 4/4 [00:01<00:00,  3.25it/s]




  0%|          | 0/4 [00:00<?, ?it/s][A[A[A
100%|██████████| 4/4 [00:01<00:00,  3.26it/s]



Memory Creation loop:  60%|██████    | 2578/4293 [1:19:11<52:35,  1.84s/it][A[A



  0%|          | 0/4 [00:00<?, ?it/s][A[A[A
100%|██████████| 4/4 [00:01<00:00,  3.26it/s]




  0%|          | 0/4 [00:00<?, ?it/s][A[A[A
100%|██████████| 4/4 [00:01<00:00,  3.23it/s]




  0%|          | 0/4 [00:00<?, ?it/s][A[A[A
100%|██████████| 4/4 [00:01<00:00,  3.26it/s]




  0%|          | 0/4 [00:00<?, ?it/s][A[A[A
100%|██████████| 4/4 [00:01<00:00,  3.26it/s]




  0%|          | 0/4 [00:00<?, ?it/s][A[A[A
100%|██████████| 4/4 [00:01<00:00,  3.25it/s]




  0%|          | 0/4 [00:00<?, ?it/s][A[A[A


Memory Creation loop:  60%|██████    | 2578/4293 [1:19:22<52:35,  1.84s/it][A[A
100%|██████████| 4/4 [00:01<00:00,  3.25it/s]



Memory Creation loop:  60%|██████    | 2584/4293 [1:19:22<52:26,  1.84s/it][A[A



  0%|          | 0/4 [00:00<?, ?it/s][A[A[A
100%|██████████| 4/4 [00:01<00:00,  3.25it/s]




  0%|          | 0/4 [00:00<?, ?it/s][A[A[A
100%|██████████| 4/4 [00:01<00:00,  3.25it/s]




  0%|          | 0/4 [00:00<?, ?it/s][A[A[A
100%|██████████| 4/4 [00:01<00:00,  3.26it/s]




  0%|          | 0/4 [00:00<?, ?it/s][A[A[A
100%|██████████| 4/4 [00:01<00:00,  3.26it/s]




  0%|          | 0/4 [00:00<?, ?it/s][A[A[A
100%|██████████| 4/4 [00:01<00:00,  3.27it/s]




  0%|          | 0/4 [00:00<?, ?it/s][A[A[A
100%|██████████| 4/4 [00:01<00:00,  3.26it/s]



Memory Creation loop:  60%|██████    | 2590/4293 [1:19:34<52:18,  1.84s/it][A[A



  0%|          | 0/4 [00:00<?, ?it/s][A[A[A
100%|██████████| 4/4 [00:01<00:00,  3.25it/s]




  0%|          | 0/4 [00:00<?, ?it/s][A[A[A
100%|██████████| 4/4 [00:01<00:00,  3.25it/s]




  0%|          | 0/4 [00:00<?, ?it/s][A[A[A
100%|██████████| 4/4 [00:01<00:00,  3.25it/s]




  0%|          | 0/4 [00:00<?, ?it/s][A[A[A
100%|██████████| 4/4 [00:01<00:00,  3.25it/s]




  0%|          | 0/4 [00:00<?, ?it/s][A[A[A
100%|██████████| 4/4 [00:01<00:00,  3.25it/s]




  0%|          | 0/4 [00:00<?, ?it/s][A[A[A
100%|██████████| 4/4 [00:01<00:00,  3.25it/s]



Memory Creation loop:  60%|██████    | 2596/4293 [1:19:45<52:06,  1.84s/it][A[A



  0%|          | 0/4 [00:00<?, ?it/s][A[A[A
100%|██████████| 4/4 [00:01<00:00,  3.26it/s]




  0%|          | 0/4 [00:00<?, ?it/s][A[A[A
100%|██████████| 4/4 [00:01<00:00,  3.26it/s]




  0%|          | 0/4 [00:00<?, ?it/s][A[A[A
100%|██████████| 4/4 [00:01<00:00,  3.25it/s]




  0%|          | 0/4 [00:00<?, ?it/s][A[A[A
100%|██████████| 4/4 [00:01<00:00,  3.25it/s]




  0%|          | 0/4 [00:00<?, ?it/s][A[A[A
100%|██████████| 4/4 [00:01<00:00,  3.26it/s]




  0%|          | 0/4 [00:00<?, ?it/s][A[A[A
100%|██████████| 4/4 [00:01<00:00,  3.25it/s]



Memory Creation loop:  61%|██████    | 2602/4293 [1:19:56<51:54,  1.84s/it][A[A



  0%|          | 0/4 [00:00<?, ?it/s][A[A[A
100%|██████████| 4/4 [00:01<00:00,  3.25it/s]




  0%|          | 0/4 [00:00<?, ?it/s][A[A[A
100%|██████████| 4/4 [00:01<00:00,  3.26it/s]




  0%|          | 0/4 [00:00<?, ?it/s][A[A[A
100%|██████████| 4/4 [00:01<00:00,  3.27it/s]




  0%|          | 0/4 [00:00<?, ?it/s][A[A[A
100%|██████████| 4/4 [00:01<00:00,  3.26it/s]




  0%|          | 0/4 [00:00<?, ?it/s][A[A[A
100%|██████████| 4/4 [00:01<00:00,  3.26it/s]




  0%|          | 0/4 [00:00<?, ?it/s][A[A[A
100%|██████████| 4/4 [00:01<00:00,  3.26it/s]



Memory Creation loop:  61%|██████    | 2608/4293 [1:20:07<51:42,  1.84s/it][A[A



  0%|          | 0/4 [00:00<?, ?it/s][A[A[A
100%|██████████| 4/4 [00:01<00:00,  3.26it/s]




  0%|          | 0/4 [00:00<?, ?it/s][A[A[A
100%|██████████| 4/4 [00:01<00:00,  3.25it/s]




  0%|          | 0/4 [00:00<?, ?it/s][A[A[A
100%|██████████| 4/4 [00:01<00:00,  3.25it/s]




  0%|          | 0/4 [00:00<?, ?it/s][A[A[A
100%|██████████| 4/4 [00:01<00:00,  3.26it/s]




  0%|          | 0/4 [00:00<?, ?it/s][A[A[A
100%|██████████| 4/4 [00:01<00:00,  3.27it/s]




  0%|          | 0/4 [00:00<?, ?it/s][A[A[A
100%|██████████| 4/4 [00:01<00:00,  3.27it/s]



Memory Creation loop:  61%|██████    | 2614/4293 [1:20:18<51:30,  1.84s/it][A[A



  0%|          | 0/4 [00:00<?, ?it/s][A[A[A
100%|██████████| 4/4 [00:01<00:00,  3.25it/s]




  0%|          | 0/4 [00:00<?, ?it/s][A[A[A
100%|██████████| 4/4 [00:01<00:00,  3.25it/s]




  0%|          | 0/4 [00:00<?, ?it/s][A[A[A
100%|██████████| 4/4 [00:01<00:00,  3.26it/s]




  0%|          | 0/4 [00:00<?, ?it/s][A[A[A
100%|██████████| 4/4 [00:01<00:00,  3.25it/s]




  0%|          | 0/4 [00:00<?, ?it/s][A[A[A
100%|██████████| 4/4 [00:01<00:00,  3.25it/s]




  0%|          | 0/4 [00:00<?, ?it/s][A[A[A
100%|██████████| 4/4 [00:01<00:00,  3.25it/s]



Memory Creation loop:  61%|██████    | 2620/4293 [1:20:29<51:20,  1.84s/it][A[A



  0%|          | 0/4 [00:00<?, ?it/s][A[A[A
100%|██████████| 4/4 [00:01<00:00,  3.27it/s]




  0%|          | 0/4 [00:00<?, ?it/s][A[A[A
100%|██████████| 4/4 [00:01<00:00,  3.25it/s]




  0%|          | 0/4 [00:00<?, ?it/s][A[A[A
100%|██████████| 4/4 [00:01<00:00,  3.23it/s]




  0%|          | 0/4 [00:00<?, ?it/s][A[A[A
100%|██████████| 4/4 [00:01<00:00,  3.25it/s]




  0%|          | 0/4 [00:00<?, ?it/s][A[A[A
100%|██████████| 4/4 [00:01<00:00,  3.25it/s]




  0%|          | 0/4 [00:00<?, ?it/s][A[A[A
100%|██████████| 4/4 [00:01<00:00,  3.25it/s]



Memory Creation loop:  61%|██████    | 2626/4293 [1:20:40<51:11,  1.84s/it][A[A



  0%|          | 0/4 [00:00<?, ?it/s][A[A[A
100%|██████████| 4/4 [00:01<00:00,  3.26it/s]




  0%|          | 0/4 [00:00<?, ?it/s][A[A[A
100%|██████████| 4/4 [00:01<00:00,  3.26it/s]




  0%|          | 0/4 [00:00<?, ?it/s][A[A[A
100%|██████████| 4/4 [00:01<00:00,  3.26it/s]




  0%|          | 0/4 [00:00<?, ?it/s][A[A[A
100%|██████████| 4/4 [00:01<00:00,  3.27it/s]




  0%|          | 0/4 [00:00<?, ?it/s][A[A[A
100%|██████████| 4/4 [00:01<00:00,  3.25it/s]




  0%|          | 0/4 [00:00<?, ?it/s][A[A[A
100%|██████████| 4/4 [00:01<00:00,  3.25it/s]



Memory Creation loop:  61%|██████▏   | 2632/4293 [1:20:51<51:00,  1.84s/it][A[A



  0%|          | 0/4 [00:00<?, ?it/s][A[A[A
100%|██████████| 4/4 [00:01<00:00,  3.26it/s]




  0%|          | 0/4 [00:00<?, ?it/s][A[A[A
100%|██████████| 4/4 [00:01<00:00,  3.26it/s]




  0%|          | 0/4 [00:00<?, ?it/s][A[A[A
100%|██████████| 4/4 [00:01<00:00,  3.26it/s]




  0%|          | 0/4 [00:00<?, ?it/s][A[A[A
100%|██████████| 4/4 [00:01<00:00,  3.25it/s]




  0%|          | 0/4 [00:00<?, ?it/s][A[A[A
100%|██████████| 4/4 [00:01<00:00,  3.26it/s]




  0%|          | 0/4 [00:00<?, ?it/s][A[A[A
100%|██████████| 4/4 [00:01<00:00,  3.24it/s]



Memory Creation loop:  61%|██████▏   | 2638/4293 [1:21:02<50:49,  1.84s/it][A[A



  0%|          | 0/4 [00:00<?, ?it/s][A[A[A
100%|██████████| 4/4 [00:01<00:00,  3.25it/s]




  0%|          | 0/4 [00:00<?, ?it/s][A[A[A
100%|██████████| 4/4 [00:01<00:00,  3.25it/s]




  0%|          | 0/4 [00:00<?, ?it/s][A[A[A
100%|██████████| 4/4 [00:01<00:00,  3.26it/s]




  0%|          | 0/4 [00:00<?, ?it/s][A[A[A
100%|██████████| 4/4 [00:01<00:00,  3.26it/s]




  0%|          | 0/4 [00:00<?, ?it/s][A[A[A
100%|██████████| 4/4 [00:01<00:00,  3.26it/s]




  0%|          | 0/4 [00:00<?, ?it/s][A[A[A


Memory Creation loop:  61%|██████▏   | 2638/4293 [1:21:12<50:49,  1.84s/it][A[A
100%|██████████| 4/4 [00:01<00:00,  3.24it/s]



Memory Creation loop:  62%|██████▏   | 2644/4293 [1:21:13<50:38,  1.84s/it][A[A



  0%|          | 0/4 [00:00<?, ?it/s][A[A[A
100%|██████████| 4/4 [00:01<00:00,  3.26it/s]




  0%|          | 0/4 [00:00<?, ?it/s][A[A[A
100%|██████████| 4/4 [00:01<00:00,  3.27it/s]




  0%|          | 0/4 [00:00<?, ?it/s][A[A[A
100%|██████████| 4/4 [00:01<00:00,  3.25it/s]




  0%|          | 0/4 [00:00<?, ?it/s][A[A[A
100%|██████████| 4/4 [00:01<00:00,  3.25it/s]




  0%|          | 0/4 [00:00<?, ?it/s][A[A[A
100%|██████████| 4/4 [00:01<00:00,  3.26it/s]




  0%|          | 0/4 [00:00<?, ?it/s][A[A[A
100%|██████████| 4/4 [00:01<00:00,  3.25it/s]



Memory Creation loop:  62%|██████▏   | 2650/4293 [1:21:24<50:26,  1.84s/it][A[A



  0%|          | 0/4 [00:00<?, ?it/s][A[A[A
100%|██████████| 4/4 [00:01<00:00,  3.25it/s]




  0%|          | 0/4 [00:00<?, ?it/s][A[A[A
100%|██████████| 4/4 [00:01<00:00,  3.25it/s]




  0%|          | 0/4 [00:00<?, ?it/s][A[A[A
100%|██████████| 4/4 [00:01<00:00,  3.26it/s]




  0%|          | 0/4 [00:00<?, ?it/s][A[A[A
100%|██████████| 4/4 [00:01<00:00,  3.24it/s]




  0%|          | 0/4 [00:00<?, ?it/s][A[A[A
100%|██████████| 4/4 [00:01<00:00,  3.24it/s]




  0%|          | 0/4 [00:00<?, ?it/s][A[A[A
100%|██████████| 4/4 [00:01<00:00,  3.26it/s]



Memory Creation loop:  62%|██████▏   | 2656/4293 [1:21:35<50:15,  1.84s/it][A[A



  0%|          | 0/4 [00:00<?, ?it/s][A[A[A
100%|██████████| 4/4 [00:01<00:00,  3.26it/s]




  0%|          | 0/4 [00:00<?, ?it/s][A[A[A
100%|██████████| 4/4 [00:01<00:00,  3.26it/s]




  0%|          | 0/4 [00:00<?, ?it/s][A[A[A
100%|██████████| 4/4 [00:01<00:00,  3.26it/s]




  0%|          | 0/4 [00:00<?, ?it/s][A[A[A
100%|██████████| 4/4 [00:01<00:00,  3.26it/s]




  0%|          | 0/4 [00:00<?, ?it/s][A[A[A
100%|██████████| 4/4 [00:01<00:00,  3.27it/s]




  0%|          | 0/4 [00:00<?, ?it/s][A[A[A
100%|██████████| 4/4 [00:01<00:00,  3.26it/s]



Memory Creation loop:  62%|██████▏   | 2662/4293 [1:21:46<50:04,  1.84s/it][A[A



  0%|          | 0/4 [00:00<?, ?it/s][A[A[A
100%|██████████| 4/4 [00:01<00:00,  3.25it/s]




  0%|          | 0/4 [00:00<?, ?it/s][A[A[A
100%|██████████| 4/4 [00:01<00:00,  3.26it/s]




  0%|          | 0/4 [00:00<?, ?it/s][A[A[A
100%|██████████| 4/4 [00:01<00:00,  3.26it/s]




  0%|          | 0/4 [00:00<?, ?it/s][A[A[A
100%|██████████| 4/4 [00:01<00:00,  3.26it/s]




  0%|          | 0/4 [00:00<?, ?it/s][A[A[A
100%|██████████| 4/4 [00:01<00:00,  3.25it/s]




  0%|          | 0/4 [00:00<?, ?it/s][A[A[A
100%|██████████| 4/4 [00:01<00:00,  3.26it/s]



Memory Creation loop:  62%|██████▏   | 2668/4293 [1:21:57<49:53,  1.84s/it][A[A



  0%|          | 0/4 [00:00<?, ?it/s][A[A[A
100%|██████████| 4/4 [00:01<00:00,  3.26it/s]




  0%|          | 0/4 [00:00<?, ?it/s][A[A[A
100%|██████████| 4/4 [00:01<00:00,  3.26it/s]




  0%|          | 0/4 [00:00<?, ?it/s][A[A[A
100%|██████████| 4/4 [00:01<00:00,  3.23it/s]




  0%|          | 0/4 [00:00<?, ?it/s][A[A[A
100%|██████████| 4/4 [00:01<00:00,  3.25it/s]




  0%|          | 0/4 [00:00<?, ?it/s][A[A[A
100%|██████████| 4/4 [00:01<00:00,  3.26it/s]




  0%|          | 0/4 [00:00<?, ?it/s][A[A[A
100%|██████████| 4/4 [00:01<00:00,  3.25it/s]



Memory Creation loop:  62%|██████▏   | 2674/4293 [1:22:08<49:42,  1.84s/it][A[A



  0%|          | 0/4 [00:00<?, ?it/s][A[A[A
100%|██████████| 4/4 [00:01<00:00,  3.25it/s]




  0%|          | 0/4 [00:00<?, ?it/s][A[A[A
100%|██████████| 4/4 [00:01<00:00,  3.25it/s]




  0%|          | 0/4 [00:00<?, ?it/s][A[A[A
100%|██████████| 4/4 [00:01<00:00,  3.27it/s]




  0%|          | 0/4 [00:00<?, ?it/s][A[A[A
100%|██████████| 4/4 [00:01<00:00,  3.26it/s]




  0%|          | 0/4 [00:00<?, ?it/s][A[A[A
100%|██████████| 4/4 [00:01<00:00,  3.25it/s]




  0%|          | 0/4 [00:00<?, ?it/s][A[A[A
100%|██████████| 4/4 [00:01<00:00,  3.25it/s]



Memory Creation loop:  62%|██████▏   | 2680/4293 [1:22:19<49:31,  1.84s/it][A[A



  0%|          | 0/4 [00:00<?, ?it/s][A[A[A
100%|██████████| 4/4 [00:01<00:00,  3.24it/s]




  0%|          | 0/4 [00:00<?, ?it/s][A[A[A
100%|██████████| 4/4 [00:01<00:00,  3.25it/s]




  0%|          | 0/4 [00:00<?, ?it/s][A[A[A
100%|██████████| 4/4 [00:01<00:00,  3.25it/s]




  0%|          | 0/4 [00:00<?, ?it/s][A[A[A
100%|██████████| 4/4 [00:01<00:00,  3.25it/s]




  0%|          | 0/4 [00:00<?, ?it/s][A[A[A
100%|██████████| 4/4 [00:01<00:00,  3.27it/s]




  0%|          | 0/4 [00:00<?, ?it/s][A[A[A
100%|██████████| 4/4 [00:01<00:00,  3.26it/s]



Memory Creation loop:  63%|██████▎   | 2686/4293 [1:22:30<49:20,  1.84s/it][A[A



  0%|          | 0/4 [00:00<?, ?it/s][A[A[A
100%|██████████| 4/4 [00:01<00:00,  3.26it/s]




  0%|          | 0/4 [00:00<?, ?it/s][A[A[A
100%|██████████| 4/4 [00:01<00:00,  3.26it/s]




  0%|          | 0/4 [00:00<?, ?it/s][A[A[A
100%|██████████| 4/4 [00:01<00:00,  3.26it/s]




  0%|          | 0/4 [00:00<?, ?it/s][A[A[A
100%|██████████| 4/4 [00:01<00:00,  3.25it/s]




  0%|          | 0/4 [00:00<?, ?it/s][A[A[A
100%|██████████| 4/4 [00:01<00:00,  3.25it/s]




  0%|          | 0/4 [00:00<?, ?it/s][A[A[A
100%|██████████| 4/4 [00:01<00:00,  3.25it/s]



Memory Creation loop:  63%|██████▎   | 2692/4293 [1:22:41<49:10,  1.84s/it][A[A



  0%|          | 0/4 [00:00<?, ?it/s][A[A[A
100%|██████████| 4/4 [00:01<00:00,  3.26it/s]




  0%|          | 0/4 [00:00<?, ?it/s][A[A[A
100%|██████████| 4/4 [00:01<00:00,  3.26it/s]




  0%|          | 0/4 [00:00<?, ?it/s][A[A[A
100%|██████████| 4/4 [00:01<00:00,  3.25it/s]




  0%|          | 0/4 [00:00<?, ?it/s][A[A[A
100%|██████████| 4/4 [00:01<00:00,  3.25it/s]




  0%|          | 0/4 [00:00<?, ?it/s][A[A[A
100%|██████████| 4/4 [00:01<00:00,  3.26it/s]




  0%|          | 0/4 [00:00<?, ?it/s][A[A[A


Memory Creation loop:  63%|██████▎   | 2692/4293 [1:22:52<49:10,  1.84s/it][A[A
100%|██████████| 4/4 [00:01<00:00,  3.26it/s]



Memory Creation loop:  63%|██████▎   | 2698/4293 [1:22:53<48:58,  1.84s/it][A[A



  0%|          | 0/4 [00:00<?, ?it/s][A[A[A
100%|██████████| 4/4 [00:01<00:00,  3.25it/s]




  0%|          | 0/4 [00:00<?, ?it/s][A[A[A
100%|██████████| 4/4 [00:01<00:00,  3.24it/s]




  0%|          | 0/4 [00:00<?, ?it/s][A[A[A
100%|██████████| 4/4 [00:01<00:00,  3.28it/s]




  0%|          | 0/4 [00:00<?, ?it/s][A[A[A
100%|██████████| 4/4 [00:01<00:00,  3.27it/s]




  0%|          | 0/4 [00:00<?, ?it/s][A[A[A
100%|██████████| 4/4 [00:01<00:00,  3.26it/s]




  0%|          | 0/4 [00:00<?, ?it/s][A[A[A
100%|██████████| 4/4 [00:01<00:00,  3.26it/s]



Memory Creation loop:  63%|██████▎   | 2704/4293 [1:23:04<48:47,  1.84s/it][A[A



  0%|          | 0/4 [00:00<?, ?it/s][A[A[A
100%|██████████| 4/4 [00:01<00:00,  3.25it/s]




  0%|          | 0/4 [00:00<?, ?it/s][A[A[A
100%|██████████| 4/4 [00:01<00:00,  3.25it/s]




  0%|          | 0/4 [00:00<?, ?it/s][A[A[A
100%|██████████| 4/4 [00:01<00:00,  3.25it/s]




  0%|          | 0/4 [00:00<?, ?it/s][A[A[A
100%|██████████| 4/4 [00:01<00:00,  3.25it/s]




  0%|          | 0/4 [00:00<?, ?it/s][A[A[A
100%|██████████| 4/4 [00:01<00:00,  3.27it/s]




  0%|          | 0/4 [00:00<?, ?it/s][A[A[A
100%|██████████| 4/4 [00:01<00:00,  3.26it/s]



Memory Creation loop:  63%|██████▎   | 2710/4293 [1:23:15<48:35,  1.84s/it][A[A



  0%|          | 0/4 [00:00<?, ?it/s][A[A[A
100%|██████████| 4/4 [00:01<00:00,  3.24it/s]




  0%|          | 0/4 [00:00<?, ?it/s][A[A[A
100%|██████████| 4/4 [00:01<00:00,  3.24it/s]




  0%|          | 0/4 [00:00<?, ?it/s][A[A[A
100%|██████████| 4/4 [00:01<00:00,  3.26it/s]




  0%|          | 0/4 [00:00<?, ?it/s][A[A[A
100%|██████████| 4/4 [00:01<00:00,  3.25it/s]




  0%|          | 0/4 [00:00<?, ?it/s][A[A[A
100%|██████████| 4/4 [00:01<00:00,  3.26it/s]




  0%|          | 0/4 [00:00<?, ?it/s][A[A[A
100%|██████████| 4/4 [00:01<00:00,  3.25it/s]



Memory Creation loop:  63%|██████▎   | 2716/4293 [1:23:26<48:25,  1.84s/it][A[A



  0%|          | 0/4 [00:00<?, ?it/s][A[A[A
100%|██████████| 4/4 [00:01<00:00,  3.27it/s]




  0%|          | 0/4 [00:00<?, ?it/s][A[A[A
100%|██████████| 4/4 [00:01<00:00,  3.26it/s]




  0%|          | 0/4 [00:00<?, ?it/s][A[A[A
100%|██████████| 4/4 [00:01<00:00,  3.26it/s]




  0%|          | 0/4 [00:00<?, ?it/s][A[A[A
100%|██████████| 4/4 [00:01<00:00,  3.25it/s]




  0%|          | 0/4 [00:00<?, ?it/s][A[A[A
100%|██████████| 4/4 [00:01<00:00,  3.26it/s]




  0%|          | 0/4 [00:00<?, ?it/s][A[A[A
100%|██████████| 4/4 [00:01<00:00,  3.25it/s]



Memory Creation loop:  63%|██████▎   | 2722/4293 [1:23:37<48:12,  1.84s/it][A[A



  0%|          | 0/4 [00:00<?, ?it/s][A[A[A
100%|██████████| 4/4 [00:01<00:00,  3.25it/s]




  0%|          | 0/4 [00:00<?, ?it/s][A[A[A
100%|██████████| 4/4 [00:01<00:00,  3.25it/s]




  0%|          | 0/4 [00:00<?, ?it/s][A[A[A
100%|██████████| 4/4 [00:01<00:00,  3.27it/s]




  0%|          | 0/4 [00:00<?, ?it/s][A[A[A
100%|██████████| 4/4 [00:01<00:00,  3.25it/s]




  0%|          | 0/4 [00:00<?, ?it/s][A[A[A
100%|██████████| 4/4 [00:01<00:00,  3.24it/s]




  0%|          | 0/4 [00:00<?, ?it/s][A[A[A
100%|██████████| 4/4 [00:01<00:00,  3.25it/s]



Memory Creation loop:  64%|██████▎   | 2728/4293 [1:23:48<48:03,  1.84s/it][A[A



  0%|          | 0/4 [00:00<?, ?it/s][A[A[A
100%|██████████| 4/4 [00:01<00:00,  3.25it/s]




  0%|          | 0/4 [00:00<?, ?it/s][A[A[A
100%|██████████| 4/4 [00:01<00:00,  3.25it/s]




  0%|          | 0/4 [00:00<?, ?it/s][A[A[A
100%|██████████| 4/4 [00:01<00:00,  3.25it/s]




  0%|          | 0/4 [00:00<?, ?it/s][A[A[A
100%|██████████| 4/4 [00:01<00:00,  3.24it/s]




  0%|          | 0/4 [00:00<?, ?it/s][A[A[A
100%|██████████| 4/4 [00:01<00:00,  3.26it/s]




  0%|          | 0/4 [00:00<?, ?it/s][A[A[A
100%|██████████| 4/4 [00:01<00:00,  3.26it/s]



Memory Creation loop:  64%|██████▎   | 2734/4293 [1:23:59<47:51,  1.84s/it][A[A



  0%|          | 0/4 [00:00<?, ?it/s][A[A[A
100%|██████████| 4/4 [00:01<00:00,  3.24it/s]




  0%|          | 0/4 [00:00<?, ?it/s][A[A[A
100%|██████████| 4/4 [00:01<00:00,  3.25it/s]




  0%|          | 0/4 [00:00<?, ?it/s][A[A[A
100%|██████████| 4/4 [00:01<00:00,  3.26it/s]




  0%|          | 0/4 [00:00<?, ?it/s][A[A[A
100%|██████████| 4/4 [00:01<00:00,  3.25it/s]




  0%|          | 0/4 [00:00<?, ?it/s][A[A[A
100%|██████████| 4/4 [00:01<00:00,  3.25it/s]




  0%|          | 0/4 [00:00<?, ?it/s][A[A[A
100%|██████████| 4/4 [00:01<00:00,  3.25it/s]



Memory Creation loop:  64%|██████▍   | 2740/4293 [1:24:10<47:43,  1.84s/it][A[A



  0%|          | 0/4 [00:00<?, ?it/s][A[A[A
100%|██████████| 4/4 [00:01<00:00,  3.26it/s]




  0%|          | 0/4 [00:00<?, ?it/s][A[A[A
100%|██████████| 4/4 [00:01<00:00,  3.27it/s]




  0%|          | 0/4 [00:00<?, ?it/s][A[A[A
100%|██████████| 4/4 [00:01<00:00,  3.25it/s]




  0%|          | 0/4 [00:00<?, ?it/s][A[A[A
100%|██████████| 4/4 [00:01<00:00,  3.25it/s]




  0%|          | 0/4 [00:00<?, ?it/s][A[A[A
100%|██████████| 4/4 [00:01<00:00,  3.25it/s]




  0%|          | 0/4 [00:00<?, ?it/s][A[A[A
100%|██████████| 4/4 [00:01<00:00,  3.25it/s]



Memory Creation loop:  64%|██████▍   | 2746/4293 [1:24:21<47:31,  1.84s/it][A[A



  0%|          | 0/4 [00:00<?, ?it/s][A[A[A
100%|██████████| 4/4 [00:01<00:00,  3.25it/s]




  0%|          | 0/4 [00:00<?, ?it/s][A[A[A
100%|██████████| 4/4 [00:01<00:00,  3.25it/s]




  0%|          | 0/4 [00:00<?, ?it/s][A[A[A
100%|██████████| 4/4 [00:01<00:00,  3.26it/s]




  0%|          | 0/4 [00:00<?, ?it/s][A[A[A
100%|██████████| 4/4 [00:01<00:00,  3.26it/s]




  0%|          | 0/4 [00:00<?, ?it/s][A[A[A
100%|██████████| 4/4 [00:01<00:00,  3.25it/s]




  0%|          | 0/4 [00:00<?, ?it/s][A[A[A
100%|██████████| 4/4 [00:01<00:00,  3.24it/s]



Memory Creation loop:  64%|██████▍   | 2752/4293 [1:24:32<47:21,  1.84s/it][A[A



  0%|          | 0/4 [00:00<?, ?it/s][A[A[A
100%|██████████| 4/4 [00:01<00:00,  3.26it/s]




  0%|          | 0/4 [00:00<?, ?it/s][A[A[A
100%|██████████| 4/4 [00:01<00:00,  3.25it/s]




  0%|          | 0/4 [00:00<?, ?it/s][A[A[A
100%|██████████| 4/4 [00:01<00:00,  3.26it/s]




  0%|          | 0/4 [00:00<?, ?it/s][A[A[A
100%|██████████| 4/4 [00:01<00:00,  3.25it/s]




  0%|          | 0/4 [00:00<?, ?it/s][A[A[A
100%|██████████| 4/4 [00:01<00:00,  3.27it/s]




  0%|          | 0/4 [00:00<?, ?it/s][A[A[A


Memory Creation loop:  64%|██████▍   | 2752/4293 [1:24:42<47:21,  1.84s/it][A[A
100%|██████████| 4/4 [00:01<00:00,  3.26it/s]



Memory Creation loop:  64%|██████▍   | 2758/4293 [1:24:43<47:09,  1.84s/it][A[A



  0%|          | 0/4 [00:00<?, ?it/s][A[A[A
100%|██████████| 4/4 [00:01<00:00,  3.25it/s]




  0%|          | 0/4 [00:00<?, ?it/s][A[A[A
100%|██████████| 4/4 [00:01<00:00,  3.25it/s]




  0%|          | 0/4 [00:00<?, ?it/s][A[A[A
100%|██████████| 4/4 [00:01<00:00,  3.26it/s]




  0%|          | 0/4 [00:00<?, ?it/s][A[A[A
100%|██████████| 4/4 [00:01<00:00,  3.25it/s]




  0%|          | 0/4 [00:00<?, ?it/s][A[A[A
100%|██████████| 4/4 [00:01<00:00,  3.25it/s]




  0%|          | 0/4 [00:00<?, ?it/s][A[A[A
100%|██████████| 4/4 [00:01<00:00,  3.25it/s]



Memory Creation loop:  64%|██████▍   | 2764/4293 [1:24:54<46:58,  1.84s/it][A[A



  0%|          | 0/4 [00:00<?, ?it/s][A[A[A
100%|██████████| 4/4 [00:01<00:00,  3.27it/s]




  0%|          | 0/4 [00:00<?, ?it/s][A[A[A
100%|██████████| 4/4 [00:01<00:00,  3.26it/s]




  0%|          | 0/4 [00:00<?, ?it/s][A[A[A
100%|██████████| 4/4 [00:01<00:00,  3.25it/s]




  0%|          | 0/4 [00:00<?, ?it/s][A[A[A
100%|██████████| 4/4 [00:01<00:00,  3.25it/s]




  0%|          | 0/4 [00:00<?, ?it/s][A[A[A
100%|██████████| 4/4 [00:01<00:00,  3.26it/s]




  0%|          | 0/4 [00:00<?, ?it/s][A[A[A
100%|██████████| 4/4 [00:01<00:00,  3.25it/s]



Memory Creation loop:  65%|██████▍   | 2770/4293 [1:25:05<46:46,  1.84s/it][A[A



  0%|          | 0/4 [00:00<?, ?it/s][A[A[A
100%|██████████| 4/4 [00:01<00:00,  3.25it/s]




  0%|          | 0/4 [00:00<?, ?it/s][A[A[A
100%|██████████| 4/4 [00:01<00:00,  3.25it/s]




  0%|          | 0/4 [00:00<?, ?it/s][A[A[A
100%|██████████| 4/4 [00:01<00:00,  3.27it/s]




  0%|          | 0/4 [00:00<?, ?it/s][A[A[A
100%|██████████| 4/4 [00:01<00:00,  3.26it/s]




  0%|          | 0/4 [00:00<?, ?it/s][A[A[A
100%|██████████| 4/4 [00:01<00:00,  3.24it/s]




  0%|          | 0/4 [00:00<?, ?it/s][A[A[A
100%|██████████| 4/4 [00:01<00:00,  3.26it/s]



Memory Creation loop:  65%|██████▍   | 2776/4293 [1:25:16<46:36,  1.84s/it][A[A



  0%|          | 0/4 [00:00<?, ?it/s][A[A[A
100%|██████████| 4/4 [00:01<00:00,  3.26it/s]




  0%|          | 0/4 [00:00<?, ?it/s][A[A[A
100%|██████████| 4/4 [00:01<00:00,  3.26it/s]




  0%|          | 0/4 [00:00<?, ?it/s][A[A[A
100%|██████████| 4/4 [00:01<00:00,  3.26it/s]




  0%|          | 0/4 [00:00<?, ?it/s][A[A[A
100%|██████████| 4/4 [00:01<00:00,  3.24it/s]




  0%|          | 0/4 [00:00<?, ?it/s][A[A[A
100%|██████████| 4/4 [00:01<00:00,  3.27it/s]




  0%|          | 0/4 [00:00<?, ?it/s][A[A[A
100%|██████████| 4/4 [00:01<00:00,  3.26it/s]



Memory Creation loop:  65%|██████▍   | 2782/4293 [1:25:27<46:24,  1.84s/it][A[A



  0%|          | 0/4 [00:00<?, ?it/s][A[A[A
100%|██████████| 4/4 [00:01<00:00,  3.26it/s]




  0%|          | 0/4 [00:00<?, ?it/s][A[A[A
100%|██████████| 4/4 [00:01<00:00,  3.25it/s]




  0%|          | 0/4 [00:00<?, ?it/s][A[A[A
100%|██████████| 4/4 [00:01<00:00,  3.26it/s]




  0%|          | 0/4 [00:00<?, ?it/s][A[A[A
100%|██████████| 4/4 [00:01<00:00,  3.25it/s]




  0%|          | 0/4 [00:00<?, ?it/s][A[A[A
100%|██████████| 4/4 [00:01<00:00,  3.26it/s]




  0%|          | 0/4 [00:00<?, ?it/s][A[A[A
100%|██████████| 4/4 [00:01<00:00,  3.26it/s]



Memory Creation loop:  65%|██████▍   | 2788/4293 [1:25:38<46:12,  1.84s/it][A[A



  0%|          | 0/4 [00:00<?, ?it/s][A[A[A
100%|██████████| 4/4 [00:01<00:00,  3.26it/s]




  0%|          | 0/4 [00:00<?, ?it/s][A[A[A
100%|██████████| 4/4 [00:01<00:00,  3.26it/s]




  0%|          | 0/4 [00:00<?, ?it/s][A[A[A
100%|██████████| 4/4 [00:01<00:00,  3.25it/s]




  0%|          | 0/4 [00:00<?, ?it/s][A[A[A
100%|██████████| 4/4 [00:01<00:00,  3.25it/s]




  0%|          | 0/4 [00:00<?, ?it/s][A[A[A
100%|██████████| 4/4 [00:01<00:00,  3.26it/s]




  0%|          | 0/4 [00:00<?, ?it/s][A[A[A
100%|██████████| 4/4 [00:01<00:00,  3.25it/s]



Memory Creation loop:  65%|██████▌   | 2794/4293 [1:25:49<46:00,  1.84s/it][A[A



  0%|          | 0/4 [00:00<?, ?it/s][A[A[A
100%|██████████| 4/4 [00:01<00:00,  3.25it/s]




  0%|          | 0/4 [00:00<?, ?it/s][A[A[A
100%|██████████| 4/4 [00:01<00:00,  3.24it/s]




  0%|          | 0/4 [00:00<?, ?it/s][A[A[A
100%|██████████| 4/4 [00:01<00:00,  3.26it/s]




  0%|          | 0/4 [00:00<?, ?it/s][A[A[A
100%|██████████| 4/4 [00:01<00:00,  3.26it/s]




  0%|          | 0/4 [00:00<?, ?it/s][A[A[A
100%|██████████| 4/4 [00:01<00:00,  3.25it/s]




  0%|          | 0/4 [00:00<?, ?it/s][A[A[A
100%|██████████| 4/4 [00:01<00:00,  3.25it/s]



Memory Creation loop:  65%|██████▌   | 2800/4293 [1:26:00<45:49,  1.84s/it][A[A



  0%|          | 0/4 [00:00<?, ?it/s][A[A[A
100%|██████████| 4/4 [00:01<00:00,  3.26it/s]




  0%|          | 0/4 [00:00<?, ?it/s][A[A[A
100%|██████████| 4/4 [00:01<00:00,  3.26it/s]




  0%|          | 0/4 [00:00<?, ?it/s][A[A[A
100%|██████████| 4/4 [00:01<00:00,  3.24it/s]




  0%|          | 0/4 [00:00<?, ?it/s][A[A[A
100%|██████████| 4/4 [00:01<00:00,  3.25it/s]




  0%|          | 0/4 [00:00<?, ?it/s][A[A[A
100%|██████████| 4/4 [00:01<00:00,  3.26it/s]




  0%|          | 0/4 [00:00<?, ?it/s][A[A[A
100%|██████████| 4/4 [00:01<00:00,  3.26it/s]



Memory Creation loop:  65%|██████▌   | 2806/4293 [1:26:12<45:39,  1.84s/it][A[A



  0%|          | 0/4 [00:00<?, ?it/s][A[A[A
100%|██████████| 4/4 [00:01<00:00,  3.25it/s]




  0%|          | 0/4 [00:00<?, ?it/s][A[A[A
100%|██████████| 4/4 [00:01<00:00,  3.25it/s]




  0%|          | 0/4 [00:00<?, ?it/s][A[A[A
100%|██████████| 4/4 [00:01<00:00,  3.26it/s]




  0%|          | 0/4 [00:00<?, ?it/s][A[A[A
100%|██████████| 4/4 [00:01<00:00,  3.25it/s]




  0%|          | 0/4 [00:00<?, ?it/s][A[A[A
100%|██████████| 4/4 [00:01<00:00,  3.26it/s]




  0%|          | 0/4 [00:00<?, ?it/s][A[A[A


Memory Creation loop:  65%|██████▌   | 2806/4293 [1:26:22<45:39,  1.84s/it][A[A
100%|██████████| 4/4 [00:01<00:00,  3.24it/s]



Memory Creation loop:  66%|██████▌   | 2812/4293 [1:26:23<45:29,  1.84s/it][A[A



  0%|          | 0/4 [00:00<?, ?it/s][A[A[A
100%|██████████| 4/4 [00:01<00:00,  3.26it/s]




  0%|          | 0/4 [00:00<?, ?it/s][A[A[A
100%|██████████| 4/4 [00:01<00:00,  3.26it/s]




  0%|          | 0/4 [00:00<?, ?it/s][A[A[A
100%|██████████| 4/4 [00:01<00:00,  3.24it/s]




  0%|          | 0/4 [00:00<?, ?it/s][A[A[A
100%|██████████| 4/4 [00:01<00:00,  3.25it/s]




  0%|          | 0/4 [00:00<?, ?it/s][A[A[A
100%|██████████| 4/4 [00:01<00:00,  3.26it/s]




  0%|          | 0/4 [00:00<?, ?it/s][A[A[A
100%|██████████| 4/4 [00:01<00:00,  3.25it/s]



Memory Creation loop:  66%|██████▌   | 2818/4293 [1:26:34<45:18,  1.84s/it][A[A



  0%|          | 0/4 [00:00<?, ?it/s][A[A[A
100%|██████████| 4/4 [00:01<00:00,  3.26it/s]




  0%|          | 0/4 [00:00<?, ?it/s][A[A[A
100%|██████████| 4/4 [00:01<00:00,  3.25it/s]




  0%|          | 0/4 [00:00<?, ?it/s][A[A[A
100%|██████████| 4/4 [00:01<00:00,  3.27it/s]




  0%|          | 0/4 [00:00<?, ?it/s][A[A[A
100%|██████████| 4/4 [00:01<00:00,  3.26it/s]




  0%|          | 0/4 [00:00<?, ?it/s][A[A[A
100%|██████████| 4/4 [00:01<00:00,  3.24it/s]




  0%|          | 0/4 [00:00<?, ?it/s][A[A[A
100%|██████████| 4/4 [00:01<00:00,  3.25it/s]



Memory Creation loop:  66%|██████▌   | 2824/4293 [1:26:45<45:06,  1.84s/it][A[A



  0%|          | 0/4 [00:00<?, ?it/s][A[A[A
100%|██████████| 4/4 [00:01<00:00,  3.26it/s]




  0%|          | 0/4 [00:00<?, ?it/s][A[A[A
100%|██████████| 4/4 [00:01<00:00,  3.25it/s]




  0%|          | 0/4 [00:00<?, ?it/s][A[A[A
100%|██████████| 4/4 [00:01<00:00,  3.25it/s]




  0%|          | 0/4 [00:00<?, ?it/s][A[A[A
100%|██████████| 4/4 [00:01<00:00,  3.24it/s]




  0%|          | 0/4 [00:00<?, ?it/s][A[A[A
100%|██████████| 4/4 [00:01<00:00,  3.26it/s]




  0%|          | 0/4 [00:00<?, ?it/s][A[A[A
100%|██████████| 4/4 [00:01<00:00,  3.25it/s]



Memory Creation loop:  66%|██████▌   | 2830/4293 [1:26:56<44:56,  1.84s/it][A[A



  0%|          | 0/4 [00:00<?, ?it/s][A[A[A
100%|██████████| 4/4 [00:01<00:00,  3.24it/s]




  0%|          | 0/4 [00:00<?, ?it/s][A[A[A
100%|██████████| 4/4 [00:01<00:00,  3.25it/s]




  0%|          | 0/4 [00:00<?, ?it/s][A[A[A
100%|██████████| 4/4 [00:01<00:00,  3.26it/s]




  0%|          | 0/4 [00:00<?, ?it/s][A[A[A
100%|██████████| 4/4 [00:01<00:00,  3.25it/s]




  0%|          | 0/4 [00:00<?, ?it/s][A[A[A
100%|██████████| 4/4 [00:01<00:00,  3.25it/s]




  0%|          | 0/4 [00:00<?, ?it/s][A[A[A
100%|██████████| 4/4 [00:01<00:00,  3.21it/s]



Memory Creation loop:  66%|██████▌   | 2836/4293 [1:27:07<44:47,  1.84s/it][A[A



  0%|          | 0/4 [00:00<?, ?it/s][A[A[A
100%|██████████| 4/4 [00:01<00:00,  3.27it/s]




  0%|          | 0/4 [00:00<?, ?it/s][A[A[A
100%|██████████| 4/4 [00:01<00:00,  3.26it/s]




  0%|          | 0/4 [00:00<?, ?it/s][A[A[A
100%|██████████| 4/4 [00:01<00:00,  3.25it/s]




  0%|          | 0/4 [00:00<?, ?it/s][A[A[A
100%|██████████| 4/4 [00:01<00:00,  3.26it/s]




  0%|          | 0/4 [00:00<?, ?it/s][A[A[A
100%|██████████| 4/4 [00:01<00:00,  3.25it/s]




  0%|          | 0/4 [00:00<?, ?it/s][A[A[A
100%|██████████| 4/4 [00:01<00:00,  3.26it/s]



Memory Creation loop:  66%|██████▌   | 2842/4293 [1:27:18<44:34,  1.84s/it][A[A



  0%|          | 0/4 [00:00<?, ?it/s][A[A[A
100%|██████████| 4/4 [00:01<00:00,  3.25it/s]




  0%|          | 0/4 [00:00<?, ?it/s][A[A[A
100%|██████████| 4/4 [00:01<00:00,  3.25it/s]




  0%|          | 0/4 [00:00<?, ?it/s][A[A[A
100%|██████████| 4/4 [00:01<00:00,  3.26it/s]




  0%|          | 0/4 [00:00<?, ?it/s][A[A[A
100%|██████████| 4/4 [00:01<00:00,  3.26it/s]




  0%|          | 0/4 [00:00<?, ?it/s][A[A[A
100%|██████████| 4/4 [00:01<00:00,  3.24it/s]




  0%|          | 0/4 [00:00<?, ?it/s][A[A[A
100%|██████████| 4/4 [00:01<00:00,  3.24it/s]



Memory Creation loop:  66%|██████▋   | 2848/4293 [1:27:29<44:24,  1.84s/it][A[A



  0%|          | 0/4 [00:00<?, ?it/s][A[A[A
100%|██████████| 4/4 [00:01<00:00,  3.26it/s]




  0%|          | 0/4 [00:00<?, ?it/s][A[A[A
100%|██████████| 4/4 [00:01<00:00,  3.26it/s]




  0%|          | 0/4 [00:00<?, ?it/s][A[A[A
100%|██████████| 4/4 [00:01<00:00,  3.24it/s]




  0%|          | 0/4 [00:00<?, ?it/s][A[A[A
100%|██████████| 4/4 [00:01<00:00,  3.24it/s]




  0%|          | 0/4 [00:00<?, ?it/s][A[A[A
100%|██████████| 4/4 [00:01<00:00,  3.27it/s]




  0%|          | 0/4 [00:00<?, ?it/s][A[A[A
100%|██████████| 4/4 [00:01<00:00,  3.27it/s]



Memory Creation loop:  66%|██████▋   | 2854/4293 [1:27:40<44:12,  1.84s/it][A[A



  0%|          | 0/4 [00:00<?, ?it/s][A[A[A
100%|██████████| 4/4 [00:01<00:00,  3.25it/s]




  0%|          | 0/4 [00:00<?, ?it/s][A[A[A
100%|██████████| 4/4 [00:01<00:00,  3.24it/s]




  0%|          | 0/4 [00:00<?, ?it/s][A[A[A
100%|██████████| 4/4 [00:01<00:00,  3.26it/s]




  0%|          | 0/4 [00:00<?, ?it/s][A[A[A
100%|██████████| 4/4 [00:01<00:00,  3.26it/s]




  0%|          | 0/4 [00:00<?, ?it/s][A[A[A
100%|██████████| 4/4 [00:01<00:00,  3.25it/s]




  0%|          | 0/4 [00:00<?, ?it/s][A[A[A
100%|██████████| 4/4 [00:01<00:00,  3.26it/s]



Memory Creation loop:  67%|██████▋   | 2860/4293 [1:27:51<44:01,  1.84s/it][A[A



  0%|          | 0/4 [00:00<?, ?it/s][A[A[A
100%|██████████| 4/4 [00:01<00:00,  3.26it/s]




  0%|          | 0/4 [00:00<?, ?it/s][A[A[A
100%|██████████| 4/4 [00:01<00:00,  3.26it/s]




  0%|          | 0/4 [00:00<?, ?it/s][A[A[A
100%|██████████| 4/4 [00:01<00:00,  3.26it/s]




  0%|          | 0/4 [00:00<?, ?it/s][A[A[A
100%|██████████| 4/4 [00:01<00:00,  3.26it/s]




  0%|          | 0/4 [00:00<?, ?it/s][A[A[A
100%|██████████| 4/4 [00:01<00:00,  3.26it/s]




  0%|          | 0/4 [00:00<?, ?it/s][A[A[A
100%|██████████| 4/4 [00:01<00:00,  3.26it/s]



Memory Creation loop:  67%|██████▋   | 2866/4293 [1:28:02<43:48,  1.84s/it][A[A



  0%|          | 0/4 [00:00<?, ?it/s][A[A[A
100%|██████████| 4/4 [00:01<00:00,  3.25it/s]




  0%|          | 0/4 [00:00<?, ?it/s][A[A[A
100%|██████████| 4/4 [00:01<00:00,  3.26it/s]




  0%|          | 0/4 [00:00<?, ?it/s][A[A[A
100%|██████████| 4/4 [00:01<00:00,  3.27it/s]




  0%|          | 0/4 [00:00<?, ?it/s][A[A[A
100%|██████████| 4/4 [00:01<00:00,  3.26it/s]




  0%|          | 0/4 [00:00<?, ?it/s][A[A[A
100%|██████████| 4/4 [00:01<00:00,  3.25it/s]




  0%|          | 0/4 [00:00<?, ?it/s][A[A[A


Memory Creation loop:  67%|██████▋   | 2866/4293 [1:28:12<43:48,  1.84s/it][A[A
100%|██████████| 4/4 [00:01<00:00,  3.25it/s]



Memory Creation loop:  67%|██████▋   | 2872/4293 [1:28:13<43:37,  1.84s/it][A[A



  0%|          | 0/4 [00:00<?, ?it/s][A[A[A
100%|██████████| 4/4 [00:01<00:00,  3.25it/s]




  0%|          | 0/4 [00:00<?, ?it/s][A[A[A
100%|██████████| 4/4 [00:01<00:00,  3.25it/s]




  0%|          | 0/4 [00:00<?, ?it/s][A[A[A
100%|██████████| 4/4 [00:01<00:00,  3.25it/s]




  0%|          | 0/4 [00:00<?, ?it/s][A[A[A
100%|██████████| 4/4 [00:01<00:00,  3.26it/s]




  0%|          | 0/4 [00:00<?, ?it/s][A[A[A
100%|██████████| 4/4 [00:01<00:00,  3.27it/s]




  0%|          | 0/4 [00:00<?, ?it/s][A[A[A
100%|██████████| 4/4 [00:01<00:00,  3.26it/s]



Memory Creation loop:  67%|██████▋   | 2878/4293 [1:28:24<43:27,  1.84s/it][A[A



  0%|          | 0/4 [00:00<?, ?it/s][A[A[A
100%|██████████| 4/4 [00:01<00:00,  3.26it/s]




  0%|          | 0/4 [00:00<?, ?it/s][A[A[A
100%|██████████| 4/4 [00:01<00:00,  3.26it/s]




  0%|          | 0/4 [00:00<?, ?it/s][A[A[A
100%|██████████| 4/4 [00:01<00:00,  3.26it/s]




  0%|          | 0/4 [00:00<?, ?it/s][A[A[A
100%|██████████| 4/4 [00:01<00:00,  3.26it/s]




  0%|          | 0/4 [00:00<?, ?it/s][A[A[A
100%|██████████| 4/4 [00:01<00:00,  3.26it/s]




  0%|          | 0/4 [00:00<?, ?it/s][A[A[A
100%|██████████| 4/4 [00:01<00:00,  3.26it/s]



Memory Creation loop:  67%|██████▋   | 2884/4293 [1:28:35<43:14,  1.84s/it][A[A



  0%|          | 0/4 [00:00<?, ?it/s][A[A[A
100%|██████████| 4/4 [00:01<00:00,  3.26it/s]




  0%|          | 0/4 [00:00<?, ?it/s][A[A[A
100%|██████████| 4/4 [00:01<00:00,  3.26it/s]




  0%|          | 0/4 [00:00<?, ?it/s][A[A[A
100%|██████████| 4/4 [00:01<00:00,  3.26it/s]




  0%|          | 0/4 [00:00<?, ?it/s][A[A[A
100%|██████████| 4/4 [00:01<00:00,  3.25it/s]




  0%|          | 0/4 [00:00<?, ?it/s][A[A[A
100%|██████████| 4/4 [00:01<00:00,  3.26it/s]




  0%|          | 0/4 [00:00<?, ?it/s][A[A[A
100%|██████████| 4/4 [00:01<00:00,  3.25it/s]



Memory Creation loop:  67%|██████▋   | 2890/4293 [1:28:46<43:03,  1.84s/it][A[A



  0%|          | 0/4 [00:00<?, ?it/s][A[A[A
100%|██████████| 4/4 [00:01<00:00,  3.26it/s]




  0%|          | 0/4 [00:00<?, ?it/s][A[A[A
100%|██████████| 4/4 [00:01<00:00,  3.24it/s]




  0%|          | 0/4 [00:00<?, ?it/s][A[A[A
100%|██████████| 4/4 [00:01<00:00,  3.26it/s]




  0%|          | 0/4 [00:00<?, ?it/s][A[A[A
100%|██████████| 4/4 [00:01<00:00,  3.27it/s]




  0%|          | 0/4 [00:00<?, ?it/s][A[A[A
100%|██████████| 4/4 [00:01<00:00,  3.25it/s]




  0%|          | 0/4 [00:00<?, ?it/s][A[A[A
100%|██████████| 4/4 [00:01<00:00,  3.24it/s]



Memory Creation loop:  67%|██████▋   | 2896/4293 [1:28:57<42:53,  1.84s/it][A[A



  0%|          | 0/4 [00:00<?, ?it/s][A[A[A
100%|██████████| 4/4 [00:01<00:00,  3.25it/s]




  0%|          | 0/4 [00:00<?, ?it/s][A[A[A
100%|██████████| 4/4 [00:01<00:00,  3.25it/s]




  0%|          | 0/4 [00:00<?, ?it/s][A[A[A
100%|██████████| 4/4 [00:01<00:00,  3.25it/s]




  0%|          | 0/4 [00:00<?, ?it/s][A[A[A
100%|██████████| 4/4 [00:01<00:00,  3.25it/s]




  0%|          | 0/4 [00:00<?, ?it/s][A[A[A
100%|██████████| 4/4 [00:01<00:00,  3.26it/s]




  0%|          | 0/4 [00:00<?, ?it/s][A[A[A
100%|██████████| 4/4 [00:01<00:00,  3.26it/s]



Memory Creation loop:  68%|██████▊   | 2902/4293 [1:29:08<42:42,  1.84s/it][A[A



  0%|          | 0/4 [00:00<?, ?it/s][A[A[A
100%|██████████| 4/4 [00:01<00:00,  3.25it/s]




  0%|          | 0/4 [00:00<?, ?it/s][A[A[A
100%|██████████| 4/4 [00:01<00:00,  3.25it/s]




  0%|          | 0/4 [00:00<?, ?it/s][A[A[A
100%|██████████| 4/4 [00:01<00:00,  3.25it/s]




  0%|          | 0/4 [00:00<?, ?it/s][A[A[A
100%|██████████| 4/4 [00:01<00:00,  3.22it/s]




  0%|          | 0/4 [00:00<?, ?it/s][A[A[A
100%|██████████| 4/4 [00:01<00:00,  3.25it/s]




  0%|          | 0/4 [00:00<?, ?it/s][A[A[A
100%|██████████| 4/4 [00:01<00:00,  3.25it/s]



Memory Creation loop:  68%|██████▊   | 2908/4293 [1:29:20<42:36,  1.85s/it][A[A



  0%|          | 0/4 [00:00<?, ?it/s][A[A[A
100%|██████████| 4/4 [00:01<00:00,  3.26it/s]




  0%|          | 0/4 [00:00<?, ?it/s][A[A[A
100%|██████████| 4/4 [00:01<00:00,  3.26it/s]




  0%|          | 0/4 [00:00<?, ?it/s][A[A[A
100%|██████████| 4/4 [00:01<00:00,  3.25it/s]




  0%|          | 0/4 [00:00<?, ?it/s][A[A[A
100%|██████████| 4/4 [00:01<00:00,  3.25it/s]




  0%|          | 0/4 [00:00<?, ?it/s][A[A[A
100%|██████████| 4/4 [00:01<00:00,  3.26it/s]




  0%|          | 0/4 [00:00<?, ?it/s][A[A[A
100%|██████████| 4/4 [00:01<00:00,  3.25it/s]



Memory Creation loop:  68%|██████▊   | 2914/4293 [1:29:31<42:24,  1.85s/it][A[A



  0%|          | 0/4 [00:00<?, ?it/s][A[A[A
100%|██████████| 4/4 [00:01<00:00,  3.23it/s]




  0%|          | 0/4 [00:00<?, ?it/s][A[A[A
100%|██████████| 4/4 [00:01<00:00,  3.25it/s]




  0%|          | 0/4 [00:00<?, ?it/s][A[A[A
100%|██████████| 4/4 [00:01<00:00,  3.27it/s]




  0%|          | 0/4 [00:00<?, ?it/s][A[A[A
100%|██████████| 4/4 [00:01<00:00,  3.27it/s]




  0%|          | 0/4 [00:00<?, ?it/s][A[A[A
100%|██████████| 4/4 [00:01<00:00,  3.25it/s]




  0%|          | 0/4 [00:00<?, ?it/s][A[A[A
100%|██████████| 4/4 [00:01<00:00,  3.25it/s]



Memory Creation loop:  68%|██████▊   | 2920/4293 [1:29:42<42:13,  1.85s/it][A[A



  0%|          | 0/4 [00:00<?, ?it/s][A[A[A
100%|██████████| 4/4 [00:01<00:00,  3.26it/s]




  0%|          | 0/4 [00:00<?, ?it/s][A[A[A
100%|██████████| 4/4 [00:01<00:00,  3.26it/s]




  0%|          | 0/4 [00:00<?, ?it/s][A[A[A
100%|██████████| 4/4 [00:01<00:00,  3.25it/s]




  0%|          | 0/4 [00:00<?, ?it/s][A[A[A
100%|██████████| 4/4 [00:01<00:00,  3.24it/s]




  0%|          | 0/4 [00:00<?, ?it/s][A[A[A
100%|██████████| 4/4 [00:01<00:00,  3.26it/s]




  0%|          | 0/4 [00:00<?, ?it/s][A[A[A


Memory Creation loop:  68%|██████▊   | 2920/4293 [1:29:52<42:13,  1.85s/it][A[A
100%|██████████| 4/4 [00:01<00:00,  3.27it/s]



Memory Creation loop:  68%|██████▊   | 2926/4293 [1:29:53<42:01,  1.84s/it][A[A



  0%|          | 0/4 [00:00<?, ?it/s][A[A[A
100%|██████████| 4/4 [00:01<00:00,  3.26it/s]




  0%|          | 0/4 [00:00<?, ?it/s][A[A[A
100%|██████████| 4/4 [00:01<00:00,  3.26it/s]




  0%|          | 0/4 [00:00<?, ?it/s][A[A[A
100%|██████████| 4/4 [00:01<00:00,  3.26it/s]




  0%|          | 0/4 [00:00<?, ?it/s][A[A[A
100%|██████████| 4/4 [00:01<00:00,  3.27it/s]




  0%|          | 0/4 [00:00<?, ?it/s][A[A[A
100%|██████████| 4/4 [00:01<00:00,  3.25it/s]




  0%|          | 0/4 [00:00<?, ?it/s][A[A[A
100%|██████████| 4/4 [00:01<00:00,  3.25it/s]



Memory Creation loop:  68%|██████▊   | 2932/4293 [1:30:04<41:48,  1.84s/it][A[A



  0%|          | 0/4 [00:00<?, ?it/s][A[A[A
100%|██████████| 4/4 [00:01<00:00,  3.24it/s]




  0%|          | 0/4 [00:00<?, ?it/s][A[A[A
100%|██████████| 4/4 [00:01<00:00,  3.25it/s]




  0%|          | 0/4 [00:00<?, ?it/s][A[A[A
100%|██████████| 4/4 [00:01<00:00,  3.24it/s]




  0%|          | 0/4 [00:00<?, ?it/s][A[A[A
100%|██████████| 4/4 [00:01<00:00,  3.24it/s]




  0%|          | 0/4 [00:00<?, ?it/s][A[A[A
100%|██████████| 4/4 [00:01<00:00,  3.25it/s]




  0%|          | 0/4 [00:00<?, ?it/s][A[A[A
100%|██████████| 4/4 [00:01<00:00,  3.25it/s]



Memory Creation loop:  68%|██████▊   | 2938/4293 [1:30:15<41:39,  1.85s/it][A[A



  0%|          | 0/4 [00:00<?, ?it/s][A[A[A
100%|██████████| 4/4 [00:01<00:00,  3.25it/s]




  0%|          | 0/4 [00:00<?, ?it/s][A[A[A
100%|██████████| 4/4 [00:01<00:00,  3.24it/s]




  0%|          | 0/4 [00:00<?, ?it/s][A[A[A
100%|██████████| 4/4 [00:01<00:00,  3.26it/s]




  0%|          | 0/4 [00:00<?, ?it/s][A[A[A
100%|██████████| 4/4 [00:01<00:00,  3.25it/s]




  0%|          | 0/4 [00:00<?, ?it/s][A[A[A
100%|██████████| 4/4 [00:01<00:00,  3.25it/s]




  0%|          | 0/4 [00:00<?, ?it/s][A[A[A
100%|██████████| 4/4 [00:01<00:00,  3.25it/s]



Memory Creation loop:  69%|██████▊   | 2944/4293 [1:30:26<41:29,  1.85s/it][A[A



  0%|          | 0/4 [00:00<?, ?it/s][A[A[A
100%|██████████| 4/4 [00:01<00:00,  3.26it/s]




  0%|          | 0/4 [00:00<?, ?it/s][A[A[A
100%|██████████| 4/4 [00:01<00:00,  3.25it/s]




  0%|          | 0/4 [00:00<?, ?it/s][A[A[A
100%|██████████| 4/4 [00:01<00:00,  3.24it/s]




  0%|          | 0/4 [00:00<?, ?it/s][A[A[A
100%|██████████| 4/4 [00:01<00:00,  3.23it/s]




  0%|          | 0/4 [00:00<?, ?it/s][A[A[A
100%|██████████| 4/4 [00:01<00:00,  3.27it/s]




  0%|          | 0/4 [00:00<?, ?it/s][A[A[A
100%|██████████| 4/4 [00:01<00:00,  3.27it/s]



Memory Creation loop:  69%|██████▊   | 2950/4293 [1:30:37<41:19,  1.85s/it][A[A



  0%|          | 0/4 [00:00<?, ?it/s][A[A[A
100%|██████████| 4/4 [00:01<00:00,  3.24it/s]




  0%|          | 0/4 [00:00<?, ?it/s][A[A[A
100%|██████████| 4/4 [00:01<00:00,  3.24it/s]




  0%|          | 0/4 [00:00<?, ?it/s][A[A[A
100%|██████████| 4/4 [00:01<00:00,  3.26it/s]




  0%|          | 0/4 [00:00<?, ?it/s][A[A[A
100%|██████████| 4/4 [00:01<00:00,  3.25it/s]




  0%|          | 0/4 [00:00<?, ?it/s][A[A[A
100%|██████████| 4/4 [00:01<00:00,  3.25it/s]




  0%|          | 0/4 [00:00<?, ?it/s][A[A[A
100%|██████████| 4/4 [00:01<00:00,  3.25it/s]



Memory Creation loop:  69%|██████▉   | 2956/4293 [1:30:48<41:08,  1.85s/it][A[A



  0%|          | 0/4 [00:00<?, ?it/s][A[A[A
100%|██████████| 4/4 [00:01<00:00,  3.26it/s]




  0%|          | 0/4 [00:00<?, ?it/s][A[A[A
100%|██████████| 4/4 [00:01<00:00,  3.25it/s]




  0%|          | 0/4 [00:00<?, ?it/s][A[A[A
100%|██████████| 4/4 [00:01<00:00,  3.24it/s]




  0%|          | 0/4 [00:00<?, ?it/s][A[A[A
100%|██████████| 4/4 [00:01<00:00,  3.25it/s]




  0%|          | 0/4 [00:00<?, ?it/s][A[A[A
100%|██████████| 4/4 [00:01<00:00,  3.25it/s]




  0%|          | 0/4 [00:00<?, ?it/s][A[A[A
100%|██████████| 4/4 [00:01<00:00,  3.25it/s]



Memory Creation loop:  69%|██████▉   | 2962/4293 [1:30:59<40:55,  1.84s/it][A[A



  0%|          | 0/4 [00:00<?, ?it/s][A[A[A
100%|██████████| 4/4 [00:01<00:00,  3.26it/s]




  0%|          | 0/4 [00:00<?, ?it/s][A[A[A
100%|██████████| 4/4 [00:01<00:00,  3.26it/s]




  0%|          | 0/4 [00:00<?, ?it/s][A[A[A
100%|██████████| 4/4 [00:01<00:00,  3.27it/s]




  0%|          | 0/4 [00:00<?, ?it/s][A[A[A
100%|██████████| 4/4 [00:01<00:00,  3.26it/s]




  0%|          | 0/4 [00:00<?, ?it/s][A[A[A
100%|██████████| 4/4 [00:01<00:00,  3.25it/s]




  0%|          | 0/4 [00:00<?, ?it/s][A[A[A
100%|██████████| 4/4 [00:01<00:00,  3.25it/s]



Memory Creation loop:  69%|██████▉   | 2968/4293 [1:31:10<40:42,  1.84s/it][A[A



  0%|          | 0/4 [00:00<?, ?it/s][A[A[A
100%|██████████| 4/4 [00:01<00:00,  3.25it/s]




  0%|          | 0/4 [00:00<?, ?it/s][A[A[A
100%|██████████| 4/4 [00:01<00:00,  3.26it/s]




  0%|          | 0/4 [00:00<?, ?it/s][A[A[A
100%|██████████| 4/4 [00:01<00:00,  3.26it/s]




  0%|          | 0/4 [00:00<?, ?it/s][A[A[A
100%|██████████| 4/4 [00:01<00:00,  3.25it/s]




  0%|          | 0/4 [00:00<?, ?it/s][A[A[A
100%|██████████| 4/4 [00:01<00:00,  3.26it/s]




  0%|          | 0/4 [00:00<?, ?it/s][A[A[A
100%|██████████| 4/4 [00:01<00:00,  3.26it/s]



Memory Creation loop:  69%|██████▉   | 2974/4293 [1:31:21<40:30,  1.84s/it][A[A



  0%|          | 0/4 [00:00<?, ?it/s][A[A[A
100%|██████████| 4/4 [00:01<00:00,  3.26it/s]




  0%|          | 0/4 [00:00<?, ?it/s][A[A[A
100%|██████████| 4/4 [00:01<00:00,  3.25it/s]




  0%|          | 0/4 [00:00<?, ?it/s][A[A[A
100%|██████████| 4/4 [00:01<00:00,  3.26it/s]




  0%|          | 0/4 [00:00<?, ?it/s][A[A[A
100%|██████████| 4/4 [00:01<00:00,  3.26it/s]




  0%|          | 0/4 [00:00<?, ?it/s][A[A[A
100%|██████████| 4/4 [00:01<00:00,  3.25it/s]




  0%|          | 0/4 [00:00<?, ?it/s][A[A[A


Memory Creation loop:  69%|██████▉   | 2974/4293 [1:31:32<40:30,  1.84s/it][A[A
100%|██████████| 4/4 [00:01<00:00,  3.26it/s]



Memory Creation loop:  69%|██████▉   | 2980/4293 [1:31:32<40:19,  1.84s/it][A[A



  0%|          | 0/4 [00:00<?, ?it/s][A[A[A
100%|██████████| 4/4 [00:01<00:00,  3.26it/s]




  0%|          | 0/4 [00:00<?, ?it/s][A[A[A
100%|██████████| 4/4 [00:01<00:00,  3.26it/s]




  0%|          | 0/4 [00:00<?, ?it/s][A[A[A
100%|██████████| 4/4 [00:01<00:00,  3.25it/s]




  0%|          | 0/4 [00:00<?, ?it/s][A[A[A
100%|██████████| 4/4 [00:01<00:00,  3.23it/s]




  0%|          | 0/4 [00:00<?, ?it/s][A[A[A
100%|██████████| 4/4 [00:01<00:00,  3.25it/s]




  0%|          | 0/4 [00:00<?, ?it/s][A[A[A
100%|██████████| 4/4 [00:01<00:00,  3.26it/s]



Memory Creation loop:  70%|██████▉   | 2986/4293 [1:31:43<40:10,  1.84s/it][A[A



  0%|          | 0/4 [00:00<?, ?it/s][A[A[A
100%|██████████| 4/4 [00:01<00:00,  3.25it/s]




  0%|          | 0/4 [00:00<?, ?it/s][A[A[A
100%|██████████| 4/4 [00:01<00:00,  3.24it/s]




  0%|          | 0/4 [00:00<?, ?it/s][A[A[A
100%|██████████| 4/4 [00:01<00:00,  3.25it/s]




  0%|          | 0/4 [00:00<?, ?it/s][A[A[A
100%|██████████| 4/4 [00:01<00:00,  3.25it/s]




  0%|          | 0/4 [00:00<?, ?it/s][A[A[A
100%|██████████| 4/4 [00:01<00:00,  3.24it/s]




  0%|          | 0/4 [00:00<?, ?it/s][A[A[A
100%|██████████| 4/4 [00:01<00:00,  3.24it/s]



Memory Creation loop:  70%|██████▉   | 2992/4293 [1:31:54<40:00,  1.85s/it][A[A



  0%|          | 0/4 [00:00<?, ?it/s][A[A[A
100%|██████████| 4/4 [00:01<00:00,  3.25it/s]




  0%|          | 0/4 [00:00<?, ?it/s][A[A[A
100%|██████████| 4/4 [00:01<00:00,  3.24it/s]




  0%|          | 0/4 [00:00<?, ?it/s][A[A[A
100%|██████████| 4/4 [00:01<00:00,  3.25it/s]




  0%|          | 0/4 [00:00<?, ?it/s][A[A[A
100%|██████████| 4/4 [00:01<00:00,  3.24it/s]




  0%|          | 0/4 [00:00<?, ?it/s][A[A[A
100%|██████████| 4/4 [00:01<00:00,  3.26it/s]




  0%|          | 0/4 [00:00<?, ?it/s][A[A[A
100%|██████████| 4/4 [00:01<00:00,  3.25it/s]



Memory Creation loop:  70%|██████▉   | 2998/4293 [1:32:06<39:48,  1.84s/it][A[A



  0%|          | 0/4 [00:00<?, ?it/s][A[A[A
100%|██████████| 4/4 [00:01<00:00,  3.24it/s]




  0%|          | 0/4 [00:00<?, ?it/s][A[A[A
100%|██████████| 4/4 [00:01<00:00,  3.24it/s]




  0%|          | 0/4 [00:00<?, ?it/s][A[A[A
100%|██████████| 4/4 [00:01<00:00,  3.26it/s]




  0%|          | 0/4 [00:00<?, ?it/s][A[A[A
100%|██████████| 4/4 [00:01<00:00,  3.26it/s]




  0%|          | 0/4 [00:00<?, ?it/s][A[A[A
100%|██████████| 4/4 [00:01<00:00,  3.25it/s]




  0%|          | 0/4 [00:00<?, ?it/s][A[A[A
100%|██████████| 4/4 [00:01<00:00,  3.25it/s]



Memory Creation loop:  70%|██████▉   | 3004/4293 [1:32:17<39:37,  1.84s/it][A[A



  0%|          | 0/4 [00:00<?, ?it/s][A[A[A
100%|██████████| 4/4 [00:01<00:00,  3.26it/s]




  0%|          | 0/4 [00:00<?, ?it/s][A[A[A
100%|██████████| 4/4 [00:01<00:00,  3.27it/s]




  0%|          | 0/4 [00:00<?, ?it/s][A[A[A
100%|██████████| 4/4 [00:01<00:00,  3.24it/s]




  0%|          | 0/4 [00:00<?, ?it/s][A[A[A
100%|██████████| 4/4 [00:01<00:00,  3.25it/s]




  0%|          | 0/4 [00:00<?, ?it/s][A[A[A
100%|██████████| 4/4 [00:01<00:00,  3.25it/s]




  0%|          | 0/4 [00:00<?, ?it/s][A[A[A
100%|██████████| 4/4 [00:01<00:00,  3.26it/s]



Memory Creation loop:  70%|███████   | 3010/4293 [1:32:28<39:25,  1.84s/it][A[A



  0%|          | 0/4 [00:00<?, ?it/s][A[A[A
100%|██████████| 4/4 [00:01<00:00,  3.25it/s]




  0%|          | 0/4 [00:00<?, ?it/s][A[A[A
100%|██████████| 4/4 [00:01<00:00,  3.26it/s]




  0%|          | 0/4 [00:00<?, ?it/s][A[A[A
100%|██████████| 4/4 [00:01<00:00,  3.26it/s]




  0%|          | 0/4 [00:00<?, ?it/s][A[A[A
100%|██████████| 4/4 [00:01<00:00,  3.26it/s]




  0%|          | 0/4 [00:00<?, ?it/s][A[A[A
100%|██████████| 4/4 [00:01<00:00,  3.25it/s]




  0%|          | 0/4 [00:00<?, ?it/s][A[A[A
100%|██████████| 4/4 [00:01<00:00,  3.24it/s]



Memory Creation loop:  70%|███████   | 3016/4293 [1:32:39<39:14,  1.84s/it][A[A



  0%|          | 0/4 [00:00<?, ?it/s][A[A[A
100%|██████████| 4/4 [00:01<00:00,  3.26it/s]




  0%|          | 0/4 [00:00<?, ?it/s][A[A[A
100%|██████████| 4/4 [00:01<00:00,  3.24it/s]




  0%|          | 0/4 [00:00<?, ?it/s][A[A[A
100%|██████████| 4/4 [00:01<00:00,  3.24it/s]




  0%|          | 0/4 [00:00<?, ?it/s][A[A[A
100%|██████████| 4/4 [00:01<00:00,  3.24it/s]




  0%|          | 0/4 [00:00<?, ?it/s][A[A[A
100%|██████████| 4/4 [00:01<00:00,  3.26it/s]




  0%|          | 0/4 [00:00<?, ?it/s][A[A[A
100%|██████████| 4/4 [00:01<00:00,  3.25it/s]



Memory Creation loop:  70%|███████   | 3022/4293 [1:32:50<39:04,  1.84s/it][A[A



  0%|          | 0/4 [00:00<?, ?it/s][A[A[A
100%|██████████| 4/4 [00:01<00:00,  3.25it/s]




  0%|          | 0/4 [00:00<?, ?it/s][A[A[A
100%|██████████| 4/4 [00:01<00:00,  3.25it/s]




  0%|          | 0/4 [00:00<?, ?it/s][A[A[A
100%|██████████| 4/4 [00:01<00:00,  3.25it/s]




  0%|          | 0/4 [00:00<?, ?it/s][A[A[A
100%|██████████| 4/4 [00:01<00:00,  3.25it/s]




  0%|          | 0/4 [00:00<?, ?it/s][A[A[A
100%|██████████| 4/4 [00:01<00:00,  3.26it/s]




  0%|          | 0/4 [00:00<?, ?it/s][A[A[A
100%|██████████| 4/4 [00:01<00:00,  3.25it/s]



Memory Creation loop:  71%|███████   | 3028/4293 [1:33:01<38:52,  1.84s/it][A[A



  0%|          | 0/4 [00:00<?, ?it/s][A[A[A
100%|██████████| 4/4 [00:01<00:00,  3.26it/s]




  0%|          | 0/4 [00:00<?, ?it/s][A[A[A
100%|██████████| 4/4 [00:01<00:00,  3.25it/s]




  0%|          | 0/4 [00:00<?, ?it/s][A[A[A
100%|██████████| 4/4 [00:01<00:00,  3.25it/s]




  0%|          | 0/4 [00:00<?, ?it/s][A[A[A
100%|██████████| 4/4 [00:01<00:00,  3.26it/s]




  0%|          | 0/4 [00:00<?, ?it/s][A[A[A
100%|██████████| 4/4 [00:01<00:00,  3.25it/s]




  0%|          | 0/4 [00:00<?, ?it/s][A[A[A
100%|██████████| 4/4 [00:01<00:00,  3.26it/s]



Memory Creation loop:  71%|███████   | 3034/4293 [1:33:12<38:42,  1.84s/it][A[A



  0%|          | 0/4 [00:00<?, ?it/s][A[A[A
100%|██████████| 4/4 [00:01<00:00,  3.26it/s]




  0%|          | 0/4 [00:00<?, ?it/s][A[A[A
100%|██████████| 4/4 [00:01<00:00,  3.23it/s]




  0%|          | 0/4 [00:00<?, ?it/s][A[A[A
100%|██████████| 4/4 [00:01<00:00,  3.26it/s]




  0%|          | 0/4 [00:00<?, ?it/s][A[A[A
100%|██████████| 4/4 [00:01<00:00,  3.26it/s]




  0%|          | 0/4 [00:00<?, ?it/s][A[A[A
100%|██████████| 4/4 [00:01<00:00,  3.25it/s]




  0%|          | 0/4 [00:00<?, ?it/s][A[A[A


Memory Creation loop:  71%|███████   | 3034/4293 [1:33:22<38:42,  1.84s/it][A[A
100%|██████████| 4/4 [00:01<00:00,  3.26it/s]



Memory Creation loop:  71%|███████   | 3040/4293 [1:33:23<38:30,  1.84s/it][A[A



  0%|          | 0/4 [00:00<?, ?it/s][A[A[A
100%|██████████| 4/4 [00:01<00:00,  3.24it/s]




  0%|          | 0/4 [00:00<?, ?it/s][A[A[A
100%|██████████| 4/4 [00:01<00:00,  3.25it/s]




  0%|          | 0/4 [00:00<?, ?it/s][A[A[A
100%|██████████| 4/4 [00:01<00:00,  3.25it/s]




  0%|          | 0/4 [00:00<?, ?it/s][A[A[A
100%|██████████| 4/4 [00:01<00:00,  3.26it/s]




  0%|          | 0/4 [00:00<?, ?it/s][A[A[A
100%|██████████| 4/4 [00:01<00:00,  3.27it/s]




  0%|          | 0/4 [00:00<?, ?it/s][A[A[A
100%|██████████| 4/4 [00:01<00:00,  3.27it/s]



Memory Creation loop:  71%|███████   | 3046/4293 [1:33:34<38:18,  1.84s/it][A[A



  0%|          | 0/4 [00:00<?, ?it/s][A[A[A
100%|██████████| 4/4 [00:01<00:00,  3.26it/s]




  0%|          | 0/4 [00:00<?, ?it/s][A[A[A
100%|██████████| 4/4 [00:01<00:00,  3.26it/s]




  0%|          | 0/4 [00:00<?, ?it/s][A[A[A
100%|██████████| 4/4 [00:01<00:00,  3.25it/s]




  0%|          | 0/4 [00:00<?, ?it/s][A[A[A
100%|██████████| 4/4 [00:01<00:00,  3.25it/s]




  0%|          | 0/4 [00:00<?, ?it/s][A[A[A
100%|██████████| 4/4 [00:01<00:00,  3.25it/s]




  0%|          | 0/4 [00:00<?, ?it/s][A[A[A
100%|██████████| 4/4 [00:01<00:00,  3.25it/s]



Memory Creation loop:  71%|███████   | 3052/4293 [1:33:45<38:07,  1.84s/it][A[A



  0%|          | 0/4 [00:00<?, ?it/s][A[A[A
100%|██████████| 4/4 [00:01<00:00,  3.26it/s]




  0%|          | 0/4 [00:00<?, ?it/s][A[A[A
100%|██████████| 4/4 [00:01<00:00,  3.26it/s]




  0%|          | 0/4 [00:00<?, ?it/s][A[A[A
100%|██████████| 4/4 [00:01<00:00,  3.25it/s]




  0%|          | 0/4 [00:00<?, ?it/s][A[A[A
100%|██████████| 4/4 [00:01<00:00,  3.25it/s]




  0%|          | 0/4 [00:00<?, ?it/s][A[A[A
100%|██████████| 4/4 [00:01<00:00,  3.26it/s]




  0%|          | 0/4 [00:00<?, ?it/s][A[A[A
100%|██████████| 4/4 [00:01<00:00,  3.25it/s]



Memory Creation loop:  71%|███████   | 3058/4293 [1:33:56<37:55,  1.84s/it][A[A



  0%|          | 0/4 [00:00<?, ?it/s][A[A[A
100%|██████████| 4/4 [00:01<00:00,  3.25it/s]




  0%|          | 0/4 [00:00<?, ?it/s][A[A[A
100%|██████████| 4/4 [00:01<00:00,  3.24it/s]




  0%|          | 0/4 [00:00<?, ?it/s][A[A[A
100%|██████████| 4/4 [00:01<00:00,  3.26it/s]




  0%|          | 0/4 [00:00<?, ?it/s][A[A[A
100%|██████████| 4/4 [00:01<00:00,  3.26it/s]




  0%|          | 0/4 [00:00<?, ?it/s][A[A[A
100%|██████████| 4/4 [00:01<00:00,  3.25it/s]




  0%|          | 0/4 [00:00<?, ?it/s][A[A[A
100%|██████████| 4/4 [00:01<00:00,  3.25it/s]



Memory Creation loop:  71%|███████▏  | 3064/4293 [1:34:07<37:45,  1.84s/it][A[A



  0%|          | 0/4 [00:00<?, ?it/s][A[A[A
100%|██████████| 4/4 [00:01<00:00,  3.25it/s]




  0%|          | 0/4 [00:00<?, ?it/s][A[A[A
100%|██████████| 4/4 [00:01<00:00,  3.24it/s]




  0%|          | 0/4 [00:00<?, ?it/s][A[A[A
100%|██████████| 4/4 [00:01<00:00,  3.25it/s]




  0%|          | 0/4 [00:00<?, ?it/s][A[A[A
100%|██████████| 4/4 [00:01<00:00,  3.25it/s]




  0%|          | 0/4 [00:00<?, ?it/s][A[A[A
100%|██████████| 4/4 [00:01<00:00,  3.26it/s]




  0%|          | 0/4 [00:00<?, ?it/s][A[A[A
100%|██████████| 4/4 [00:01<00:00,  3.26it/s]



Memory Creation loop:  72%|███████▏  | 3070/4293 [1:34:18<37:34,  1.84s/it][A[A



  0%|          | 0/4 [00:00<?, ?it/s][A[A[A
100%|██████████| 4/4 [00:01<00:00,  3.25it/s]




  0%|          | 0/4 [00:00<?, ?it/s][A[A[A
100%|██████████| 4/4 [00:01<00:00,  3.24it/s]




  0%|          | 0/4 [00:00<?, ?it/s][A[A[A
100%|██████████| 4/4 [00:01<00:00,  3.25it/s]




  0%|          | 0/4 [00:00<?, ?it/s][A[A[A
100%|██████████| 4/4 [00:01<00:00,  3.25it/s]




  0%|          | 0/4 [00:00<?, ?it/s][A[A[A
100%|██████████| 4/4 [00:01<00:00,  3.25it/s]




  0%|          | 0/4 [00:00<?, ?it/s][A[A[A
100%|██████████| 4/4 [00:01<00:00,  3.24it/s]



Memory Creation loop:  72%|███████▏  | 3076/4293 [1:34:29<37:25,  1.85s/it][A[A



  0%|          | 0/4 [00:00<?, ?it/s][A[A[A
100%|██████████| 4/4 [00:01<00:00,  3.27it/s]




  0%|          | 0/4 [00:00<?, ?it/s][A[A[A
100%|██████████| 4/4 [00:01<00:00,  3.26it/s]




  0%|          | 0/4 [00:00<?, ?it/s][A[A[A
100%|██████████| 4/4 [00:01<00:00,  3.24it/s]




  0%|          | 0/4 [00:00<?, ?it/s][A[A[A
100%|██████████| 4/4 [00:01<00:00,  3.25it/s]




  0%|          | 0/4 [00:00<?, ?it/s][A[A[A
100%|██████████| 4/4 [00:01<00:00,  3.25it/s]




  0%|          | 0/4 [00:00<?, ?it/s][A[A[A
100%|██████████| 4/4 [00:01<00:00,  3.23it/s]



Memory Creation loop:  72%|███████▏  | 3082/4293 [1:34:40<37:13,  1.84s/it][A[A



  0%|          | 0/4 [00:00<?, ?it/s][A[A[A
100%|██████████| 4/4 [00:01<00:00,  3.25it/s]




  0%|          | 0/4 [00:00<?, ?it/s][A[A[A
100%|██████████| 4/4 [00:01<00:00,  3.25it/s]




  0%|          | 0/4 [00:00<?, ?it/s][A[A[A
100%|██████████| 4/4 [00:01<00:00,  3.27it/s]




  0%|          | 0/4 [00:00<?, ?it/s][A[A[A
100%|██████████| 4/4 [00:01<00:00,  3.26it/s]




  0%|          | 0/4 [00:00<?, ?it/s][A[A[A
100%|██████████| 4/4 [00:01<00:00,  3.25it/s]




  0%|          | 0/4 [00:00<?, ?it/s][A[A[A
100%|██████████| 4/4 [00:01<00:00,  3.27it/s]



Memory Creation loop:  72%|███████▏  | 3088/4293 [1:34:51<37:01,  1.84s/it][A[A



  0%|          | 0/4 [00:00<?, ?it/s][A[A[A
100%|██████████| 4/4 [00:01<00:00,  3.25it/s]




  0%|          | 0/4 [00:00<?, ?it/s][A[A[A
100%|██████████| 4/4 [00:01<00:00,  3.25it/s]




  0%|          | 0/4 [00:00<?, ?it/s][A[A[A
100%|██████████| 4/4 [00:01<00:00,  3.25it/s]




  0%|          | 0/4 [00:00<?, ?it/s][A[A[A
100%|██████████| 4/4 [00:01<00:00,  3.25it/s]




  0%|          | 0/4 [00:00<?, ?it/s][A[A[A
100%|██████████| 4/4 [00:01<00:00,  3.25it/s]




  0%|          | 0/4 [00:00<?, ?it/s][A[A[A


Memory Creation loop:  72%|███████▏  | 3088/4293 [1:35:02<37:01,  1.84s/it][A[A
100%|██████████| 4/4 [00:01<00:00,  3.26it/s]



Memory Creation loop:  72%|███████▏  | 3094/4293 [1:35:03<36:50,  1.84s/it][A[A



  0%|          | 0/4 [00:00<?, ?it/s][A[A[A
100%|██████████| 4/4 [00:01<00:00,  3.25it/s]




  0%|          | 0/4 [00:00<?, ?it/s][A[A[A
100%|██████████| 4/4 [00:01<00:00,  3.25it/s]




  0%|          | 0/4 [00:00<?, ?it/s][A[A[A
100%|██████████| 4/4 [00:01<00:00,  3.26it/s]




  0%|          | 0/4 [00:00<?, ?it/s][A[A[A
100%|██████████| 4/4 [00:01<00:00,  3.25it/s]




  0%|          | 0/4 [00:00<?, ?it/s][A[A[A
100%|██████████| 4/4 [00:01<00:00,  3.27it/s]




  0%|          | 0/4 [00:00<?, ?it/s][A[A[A
100%|██████████| 4/4 [00:01<00:00,  3.25it/s]



Memory Creation loop:  72%|███████▏  | 3100/4293 [1:35:14<36:40,  1.84s/it][A[A



  0%|          | 0/4 [00:00<?, ?it/s][A[A[A
100%|██████████| 4/4 [00:01<00:00,  3.27it/s]




  0%|          | 0/4 [00:00<?, ?it/s][A[A[A
100%|██████████| 4/4 [00:01<00:00,  3.26it/s]




  0%|          | 0/4 [00:00<?, ?it/s][A[A[A
100%|██████████| 4/4 [00:01<00:00,  3.26it/s]




  0%|          | 0/4 [00:00<?, ?it/s][A[A[A
100%|██████████| 4/4 [00:01<00:00,  3.26it/s]




  0%|          | 0/4 [00:00<?, ?it/s][A[A[A
100%|██████████| 4/4 [00:01<00:00,  3.25it/s]




  0%|          | 0/4 [00:00<?, ?it/s][A[A[A
100%|██████████| 4/4 [00:01<00:00,  3.25it/s]



Memory Creation loop:  72%|███████▏  | 3106/4293 [1:35:25<36:28,  1.84s/it][A[A



  0%|          | 0/4 [00:00<?, ?it/s][A[A[A
100%|██████████| 4/4 [00:01<00:00,  3.25it/s]




  0%|          | 0/4 [00:00<?, ?it/s][A[A[A
100%|██████████| 4/4 [00:01<00:00,  3.25it/s]




  0%|          | 0/4 [00:00<?, ?it/s][A[A[A
100%|██████████| 4/4 [00:01<00:00,  3.26it/s]




  0%|          | 0/4 [00:00<?, ?it/s][A[A[A
100%|██████████| 4/4 [00:01<00:00,  3.26it/s]




  0%|          | 0/4 [00:00<?, ?it/s][A[A[A
100%|██████████| 4/4 [00:01<00:00,  3.25it/s]




  0%|          | 0/4 [00:00<?, ?it/s][A[A[A
100%|██████████| 4/4 [00:01<00:00,  3.24it/s]



Memory Creation loop:  72%|███████▏  | 3112/4293 [1:35:36<36:18,  1.84s/it][A[A



  0%|          | 0/4 [00:00<?, ?it/s][A[A[A
100%|██████████| 4/4 [00:01<00:00,  3.25it/s]




  0%|          | 0/4 [00:00<?, ?it/s][A[A[A
100%|██████████| 4/4 [00:01<00:00,  3.23it/s]




  0%|          | 0/4 [00:00<?, ?it/s][A[A[A
100%|██████████| 4/4 [00:01<00:00,  3.26it/s]




  0%|          | 0/4 [00:00<?, ?it/s][A[A[A
100%|██████████| 4/4 [00:01<00:00,  3.27it/s]




  0%|          | 0/4 [00:00<?, ?it/s][A[A[A
100%|██████████| 4/4 [00:01<00:00,  3.28it/s]




  0%|          | 0/4 [00:00<?, ?it/s][A[A[A
100%|██████████| 4/4 [00:01<00:00,  3.27it/s]



Memory Creation loop:  73%|███████▎  | 3118/4293 [1:35:47<36:05,  1.84s/it][A[A



  0%|          | 0/4 [00:00<?, ?it/s][A[A[A
100%|██████████| 4/4 [00:01<00:00,  3.25it/s]




  0%|          | 0/4 [00:00<?, ?it/s][A[A[A
100%|██████████| 4/4 [00:01<00:00,  3.25it/s]




  0%|          | 0/4 [00:00<?, ?it/s][A[A[A
100%|██████████| 4/4 [00:01<00:00,  3.26it/s]




  0%|          | 0/4 [00:00<?, ?it/s][A[A[A
100%|██████████| 4/4 [00:01<00:00,  3.24it/s]




  0%|          | 0/4 [00:00<?, ?it/s][A[A[A
100%|██████████| 4/4 [00:01<00:00,  3.24it/s]




  0%|          | 0/4 [00:00<?, ?it/s][A[A[A
100%|██████████| 4/4 [00:01<00:00,  3.25it/s]



Memory Creation loop:  73%|███████▎  | 3124/4293 [1:35:58<35:56,  1.84s/it][A[A



  0%|          | 0/4 [00:00<?, ?it/s][A[A[A
100%|██████████| 4/4 [00:01<00:00,  3.26it/s]




  0%|          | 0/4 [00:00<?, ?it/s][A[A[A
100%|██████████| 4/4 [00:01<00:00,  3.25it/s]




  0%|          | 0/4 [00:00<?, ?it/s][A[A[A
100%|██████████| 4/4 [00:01<00:00,  3.25it/s]




  0%|          | 0/4 [00:00<?, ?it/s][A[A[A
100%|██████████| 4/4 [00:01<00:00,  3.25it/s]




  0%|          | 0/4 [00:00<?, ?it/s][A[A[A
100%|██████████| 4/4 [00:01<00:00,  3.26it/s]




  0%|          | 0/4 [00:00<?, ?it/s][A[A[A
100%|██████████| 4/4 [00:01<00:00,  3.25it/s]



Memory Creation loop:  73%|███████▎  | 3130/4293 [1:36:09<35:44,  1.84s/it][A[A



  0%|          | 0/4 [00:00<?, ?it/s][A[A[A
100%|██████████| 4/4 [00:01<00:00,  3.24it/s]




  0%|          | 0/4 [00:00<?, ?it/s][A[A[A
100%|██████████| 4/4 [00:01<00:00,  3.25it/s]




  0%|          | 0/4 [00:00<?, ?it/s][A[A[A
100%|██████████| 4/4 [00:01<00:00,  3.27it/s]




  0%|          | 0/4 [00:00<?, ?it/s][A[A[A
100%|██████████| 4/4 [00:01<00:00,  3.27it/s]




  0%|          | 0/4 [00:00<?, ?it/s][A[A[A
100%|██████████| 4/4 [00:01<00:00,  3.25it/s]




  0%|          | 0/4 [00:00<?, ?it/s][A[A[A
100%|██████████| 4/4 [00:01<00:00,  3.25it/s]



Memory Creation loop:  73%|███████▎  | 3136/4293 [1:36:20<35:33,  1.84s/it][A[A



  0%|          | 0/4 [00:00<?, ?it/s][A[A[A
100%|██████████| 4/4 [00:01<00:00,  3.25it/s]




  0%|          | 0/4 [00:00<?, ?it/s][A[A[A
100%|██████████| 4/4 [00:01<00:00,  3.25it/s]




  0%|          | 0/4 [00:00<?, ?it/s][A[A[A
100%|██████████| 4/4 [00:01<00:00,  3.25it/s]




  0%|          | 0/4 [00:00<?, ?it/s][A[A[A
100%|██████████| 4/4 [00:01<00:00,  3.25it/s]




  0%|          | 0/4 [00:00<?, ?it/s][A[A[A
100%|██████████| 4/4 [00:01<00:00,  3.26it/s]




  0%|          | 0/4 [00:00<?, ?it/s][A[A[A
100%|██████████| 4/4 [00:01<00:00,  3.26it/s]



Memory Creation loop:  73%|███████▎  | 3142/4293 [1:36:31<35:21,  1.84s/it][A[A



  0%|          | 0/4 [00:00<?, ?it/s][A[A[A
100%|██████████| 4/4 [00:01<00:00,  3.25it/s]




  0%|          | 0/4 [00:00<?, ?it/s][A[A[A
100%|██████████| 4/4 [00:01<00:00,  3.24it/s]




  0%|          | 0/4 [00:00<?, ?it/s][A[A[A
100%|██████████| 4/4 [00:01<00:00,  3.25it/s]




  0%|          | 0/4 [00:00<?, ?it/s][A[A[A
100%|██████████| 4/4 [00:01<00:00,  3.25it/s]




  0%|          | 0/4 [00:00<?, ?it/s][A[A[A
100%|██████████| 4/4 [00:01<00:00,  3.25it/s]




  0%|          | 0/4 [00:00<?, ?it/s][A[A[A
100%|██████████| 4/4 [00:01<00:00,  3.18it/s]



Memory Creation loop:  73%|███████▎  | 3148/4293 [1:36:42<35:12,  1.84s/it][A[A



  0%|          | 0/4 [00:00<?, ?it/s][A[A[A
100%|██████████| 4/4 [00:01<00:00,  3.26it/s]




  0%|          | 0/4 [00:00<?, ?it/s][A[A[A
100%|██████████| 4/4 [00:01<00:00,  3.26it/s]




  0%|          | 0/4 [00:00<?, ?it/s][A[A[A
100%|██████████| 4/4 [00:01<00:00,  3.24it/s]




  0%|          | 0/4 [00:00<?, ?it/s][A[A[A
100%|██████████| 4/4 [00:01<00:00,  3.25it/s]




  0%|          | 0/4 [00:00<?, ?it/s][A[A[A
100%|██████████| 4/4 [00:01<00:00,  3.25it/s]




  0%|          | 0/4 [00:00<?, ?it/s][A[A[A


Memory Creation loop:  73%|███████▎  | 3148/4293 [1:36:52<35:12,  1.84s/it][A[A
100%|██████████| 4/4 [00:01<00:00,  3.23it/s]



Memory Creation loop:  73%|███████▎  | 3154/4293 [1:36:53<35:00,  1.84s/it][A[A



  0%|          | 0/4 [00:00<?, ?it/s][A[A[A
100%|██████████| 4/4 [00:01<00:00,  3.25it/s]




  0%|          | 0/4 [00:00<?, ?it/s][A[A[A
100%|██████████| 4/4 [00:01<00:00,  3.26it/s]




  0%|          | 0/4 [00:00<?, ?it/s][A[A[A
100%|██████████| 4/4 [00:01<00:00,  3.28it/s]




  0%|          | 0/4 [00:00<?, ?it/s][A[A[A
100%|██████████| 4/4 [00:01<00:00,  3.28it/s]




  0%|          | 0/4 [00:00<?, ?it/s][A[A[A
100%|██████████| 4/4 [00:01<00:00,  3.25it/s]




  0%|          | 0/4 [00:00<?, ?it/s][A[A[A
100%|██████████| 4/4 [00:01<00:00,  3.26it/s]



Memory Creation loop:  74%|███████▎  | 3160/4293 [1:37:04<34:47,  1.84s/it][A[A



  0%|          | 0/4 [00:00<?, ?it/s][A[A[A
100%|██████████| 4/4 [00:01<00:00,  3.26it/s]




  0%|          | 0/4 [00:00<?, ?it/s][A[A[A
100%|██████████| 4/4 [00:01<00:00,  3.25it/s]




  0%|          | 0/4 [00:00<?, ?it/s][A[A[A
100%|██████████| 4/4 [00:01<00:00,  3.25it/s]




  0%|          | 0/4 [00:00<?, ?it/s][A[A[A
100%|██████████| 4/4 [00:01<00:00,  3.23it/s]




  0%|          | 0/4 [00:00<?, ?it/s][A[A[A
100%|██████████| 4/4 [00:01<00:00,  3.26it/s]




  0%|          | 0/4 [00:00<?, ?it/s][A[A[A
100%|██████████| 4/4 [00:01<00:00,  3.26it/s]



Memory Creation loop:  74%|███████▎  | 3166/4293 [1:37:15<34:37,  1.84s/it][A[A



  0%|          | 0/4 [00:00<?, ?it/s][A[A[A
100%|██████████| 4/4 [00:01<00:00,  3.25it/s]




  0%|          | 0/4 [00:00<?, ?it/s][A[A[A
100%|██████████| 4/4 [00:01<00:00,  3.25it/s]




  0%|          | 0/4 [00:00<?, ?it/s][A[A[A
100%|██████████| 4/4 [00:01<00:00,  3.25it/s]




  0%|          | 0/4 [00:00<?, ?it/s][A[A[A
100%|██████████| 4/4 [00:01<00:00,  3.27it/s]




  0%|          | 0/4 [00:00<?, ?it/s][A[A[A
100%|██████████| 4/4 [00:01<00:00,  3.26it/s]




  0%|          | 0/4 [00:00<?, ?it/s][A[A[A
100%|██████████| 4/4 [00:01<00:00,  3.26it/s]



Memory Creation loop:  74%|███████▍  | 3172/4293 [1:37:26<34:25,  1.84s/it][A[A



  0%|          | 0/4 [00:00<?, ?it/s][A[A[A
100%|██████████| 4/4 [00:01<00:00,  3.26it/s]




  0%|          | 0/4 [00:00<?, ?it/s][A[A[A
100%|██████████| 4/4 [00:01<00:00,  3.26it/s]




  0%|          | 0/4 [00:00<?, ?it/s][A[A[A
100%|██████████| 4/4 [00:01<00:00,  3.26it/s]




  0%|          | 0/4 [00:00<?, ?it/s][A[A[A
100%|██████████| 4/4 [00:01<00:00,  3.24it/s]




  0%|          | 0/4 [00:00<?, ?it/s][A[A[A
100%|██████████| 4/4 [00:01<00:00,  3.26it/s]




  0%|          | 0/4 [00:00<?, ?it/s][A[A[A
100%|██████████| 4/4 [00:01<00:00,  3.25it/s]



Memory Creation loop:  74%|███████▍  | 3178/4293 [1:37:37<34:15,  1.84s/it][A[A



  0%|          | 0/4 [00:00<?, ?it/s][A[A[A
100%|██████████| 4/4 [00:01<00:00,  3.25it/s]




  0%|          | 0/4 [00:00<?, ?it/s][A[A[A
100%|██████████| 4/4 [00:01<00:00,  3.25it/s]




  0%|          | 0/4 [00:00<?, ?it/s][A[A[A
100%|██████████| 4/4 [00:01<00:00,  3.27it/s]




  0%|          | 0/4 [00:00<?, ?it/s][A[A[A
100%|██████████| 4/4 [00:01<00:00,  3.26it/s]




  0%|          | 0/4 [00:00<?, ?it/s][A[A[A
100%|██████████| 4/4 [00:01<00:00,  3.25it/s]




  0%|          | 0/4 [00:00<?, ?it/s][A[A[A
100%|██████████| 4/4 [00:01<00:00,  3.25it/s]



Memory Creation loop:  74%|███████▍  | 3184/4293 [1:37:48<34:03,  1.84s/it][A[A



  0%|          | 0/4 [00:00<?, ?it/s][A[A[A
100%|██████████| 4/4 [00:01<00:00,  3.25it/s]




  0%|          | 0/4 [00:00<?, ?it/s][A[A[A
100%|██████████| 4/4 [00:01<00:00,  3.26it/s]




  0%|          | 0/4 [00:00<?, ?it/s][A[A[A
100%|██████████| 4/4 [00:01<00:00,  3.26it/s]




  0%|          | 0/4 [00:00<?, ?it/s][A[A[A
100%|██████████| 4/4 [00:01<00:00,  3.26it/s]




  0%|          | 0/4 [00:00<?, ?it/s][A[A[A
100%|██████████| 4/4 [00:01<00:00,  3.26it/s]




  0%|          | 0/4 [00:00<?, ?it/s][A[A[A
100%|██████████| 4/4 [00:01<00:00,  3.25it/s]



Memory Creation loop:  74%|███████▍  | 3190/4293 [1:37:59<33:51,  1.84s/it][A[A



  0%|          | 0/4 [00:00<?, ?it/s][A[A[A
100%|██████████| 4/4 [00:01<00:00,  3.25it/s]




  0%|          | 0/4 [00:00<?, ?it/s][A[A[A
100%|██████████| 4/4 [00:01<00:00,  3.25it/s]




  0%|          | 0/4 [00:00<?, ?it/s][A[A[A
100%|██████████| 4/4 [00:01<00:00,  3.26it/s]




  0%|          | 0/4 [00:00<?, ?it/s][A[A[A
100%|██████████| 4/4 [00:01<00:00,  3.26it/s]




  0%|          | 0/4 [00:00<?, ?it/s][A[A[A
100%|██████████| 4/4 [00:01<00:00,  3.25it/s]




  0%|          | 0/4 [00:00<?, ?it/s][A[A[A
100%|██████████| 4/4 [00:01<00:00,  3.24it/s]



Memory Creation loop:  74%|███████▍  | 3196/4293 [1:38:11<33:40,  1.84s/it][A[A



  0%|          | 0/4 [00:00<?, ?it/s][A[A[A
100%|██████████| 4/4 [00:01<00:00,  3.26it/s]




  0%|          | 0/4 [00:00<?, ?it/s][A[A[A
100%|██████████| 4/4 [00:01<00:00,  3.25it/s]




  0%|          | 0/4 [00:00<?, ?it/s][A[A[A
100%|██████████| 4/4 [00:01<00:00,  3.25it/s]




  0%|          | 0/4 [00:00<?, ?it/s][A[A[A
100%|██████████| 4/4 [00:01<00:00,  3.25it/s]




  0%|          | 0/4 [00:00<?, ?it/s][A[A[A
100%|██████████| 4/4 [00:01<00:00,  3.25it/s]




  0%|          | 0/4 [00:00<?, ?it/s][A[A[A
100%|██████████| 4/4 [00:01<00:00,  3.26it/s]



Memory Creation loop:  75%|███████▍  | 3202/4293 [1:38:22<33:29,  1.84s/it][A[A



  0%|          | 0/4 [00:00<?, ?it/s][A[A[A
100%|██████████| 4/4 [00:01<00:00,  3.26it/s]




  0%|          | 0/4 [00:00<?, ?it/s][A[A[A
100%|██████████| 4/4 [00:01<00:00,  3.26it/s]




  0%|          | 0/4 [00:00<?, ?it/s][A[A[A
100%|██████████| 4/4 [00:01<00:00,  3.26it/s]




  0%|          | 0/4 [00:00<?, ?it/s][A[A[A
100%|██████████| 4/4 [00:01<00:00,  3.26it/s]




  0%|          | 0/4 [00:00<?, ?it/s][A[A[A
100%|██████████| 4/4 [00:01<00:00,  3.26it/s]




  0%|          | 0/4 [00:00<?, ?it/s][A[A[A


Memory Creation loop:  75%|███████▍  | 3202/4293 [1:38:32<33:29,  1.84s/it][A[A
100%|██████████| 4/4 [00:01<00:00,  3.25it/s]



Memory Creation loop:  75%|███████▍  | 3208/4293 [1:38:33<33:17,  1.84s/it][A[A



  0%|          | 0/4 [00:00<?, ?it/s][A[A[A
100%|██████████| 4/4 [00:01<00:00,  3.26it/s]




  0%|          | 0/4 [00:00<?, ?it/s][A[A[A
100%|██████████| 4/4 [00:01<00:00,  3.25it/s]




  0%|          | 0/4 [00:00<?, ?it/s][A[A[A
100%|██████████| 4/4 [00:01<00:00,  3.26it/s]




  0%|          | 0/4 [00:00<?, ?it/s][A[A[A
100%|██████████| 4/4 [00:01<00:00,  3.25it/s]




  0%|          | 0/4 [00:00<?, ?it/s][A[A[A
100%|██████████| 4/4 [00:01<00:00,  3.26it/s]




  0%|          | 0/4 [00:00<?, ?it/s][A[A[A
100%|██████████| 4/4 [00:01<00:00,  3.26it/s]



Memory Creation loop:  75%|███████▍  | 3214/4293 [1:38:44<33:05,  1.84s/it][A[A



  0%|          | 0/4 [00:00<?, ?it/s][A[A[A
100%|██████████| 4/4 [00:01<00:00,  3.25it/s]




  0%|          | 0/4 [00:00<?, ?it/s][A[A[A
100%|██████████| 4/4 [00:01<00:00,  3.25it/s]




  0%|          | 0/4 [00:00<?, ?it/s][A[A[A
100%|██████████| 4/4 [00:01<00:00,  3.26it/s]




  0%|          | 0/4 [00:00<?, ?it/s][A[A[A
100%|██████████| 4/4 [00:01<00:00,  3.25it/s]




  0%|          | 0/4 [00:00<?, ?it/s][A[A[A
100%|██████████| 4/4 [00:01<00:00,  3.24it/s]




  0%|          | 0/4 [00:00<?, ?it/s][A[A[A
100%|██████████| 4/4 [00:01<00:00,  3.25it/s]



Memory Creation loop:  75%|███████▌  | 3220/4293 [1:38:55<32:56,  1.84s/it][A[A



  0%|          | 0/4 [00:00<?, ?it/s][A[A[A
100%|██████████| 4/4 [00:01<00:00,  3.26it/s]




  0%|          | 0/4 [00:00<?, ?it/s][A[A[A
100%|██████████| 4/4 [00:01<00:00,  3.26it/s]




  0%|          | 0/4 [00:00<?, ?it/s][A[A[A
100%|██████████| 4/4 [00:01<00:00,  3.25it/s]




  0%|          | 0/4 [00:00<?, ?it/s][A[A[A
100%|██████████| 4/4 [00:01<00:00,  3.26it/s]




  0%|          | 0/4 [00:00<?, ?it/s][A[A[A
100%|██████████| 4/4 [00:01<00:00,  3.25it/s]




  0%|          | 0/4 [00:00<?, ?it/s][A[A[A
100%|██████████| 4/4 [00:01<00:00,  3.26it/s]



Memory Creation loop:  75%|███████▌  | 3226/4293 [1:39:06<32:44,  1.84s/it][A[A



  0%|          | 0/4 [00:00<?, ?it/s][A[A[A
100%|██████████| 4/4 [00:01<00:00,  3.26it/s]




  0%|          | 0/4 [00:00<?, ?it/s][A[A[A
100%|██████████| 4/4 [00:01<00:00,  3.25it/s]




  0%|          | 0/4 [00:00<?, ?it/s][A[A[A
100%|██████████| 4/4 [00:01<00:00,  3.26it/s]




  0%|          | 0/4 [00:00<?, ?it/s][A[A[A
100%|██████████| 4/4 [00:01<00:00,  3.27it/s]




  0%|          | 0/4 [00:00<?, ?it/s][A[A[A
100%|██████████| 4/4 [00:01<00:00,  3.25it/s]




  0%|          | 0/4 [00:00<?, ?it/s][A[A[A
100%|██████████| 4/4 [00:01<00:00,  3.25it/s]



Memory Creation loop:  75%|███████▌  | 3232/4293 [1:39:17<32:34,  1.84s/it][A[A



  0%|          | 0/4 [00:00<?, ?it/s][A[A[A
100%|██████████| 4/4 [00:01<00:00,  3.26it/s]




  0%|          | 0/4 [00:00<?, ?it/s][A[A[A
100%|██████████| 4/4 [00:01<00:00,  3.25it/s]




  0%|          | 0/4 [00:00<?, ?it/s][A[A[A
100%|██████████| 4/4 [00:01<00:00,  3.26it/s]




  0%|          | 0/4 [00:00<?, ?it/s][A[A[A
100%|██████████| 4/4 [00:01<00:00,  3.26it/s]




  0%|          | 0/4 [00:00<?, ?it/s][A[A[A
100%|██████████| 4/4 [00:01<00:00,  3.27it/s]




  0%|          | 0/4 [00:00<?, ?it/s][A[A[A
100%|██████████| 4/4 [00:01<00:00,  3.26it/s]



Memory Creation loop:  75%|███████▌  | 3238/4293 [1:39:28<32:21,  1.84s/it][A[A



  0%|          | 0/4 [00:00<?, ?it/s][A[A[A
100%|██████████| 4/4 [00:01<00:00,  3.25it/s]




  0%|          | 0/4 [00:00<?, ?it/s][A[A[A
100%|██████████| 4/4 [00:01<00:00,  3.25it/s]




  0%|          | 0/4 [00:00<?, ?it/s][A[A[A
100%|██████████| 4/4 [00:01<00:00,  3.26it/s]




  0%|          | 0/4 [00:00<?, ?it/s][A[A[A
100%|██████████| 4/4 [00:01<00:00,  3.25it/s]




  0%|          | 0/4 [00:00<?, ?it/s][A[A[A
100%|██████████| 4/4 [00:01<00:00,  3.25it/s]




  0%|          | 0/4 [00:00<?, ?it/s][A[A[A
100%|██████████| 4/4 [00:01<00:00,  3.26it/s]



Memory Creation loop:  76%|███████▌  | 3244/4293 [1:39:39<32:11,  1.84s/it][A[A



  0%|          | 0/4 [00:00<?, ?it/s][A[A[A
100%|██████████| 4/4 [00:01<00:00,  3.27it/s]




  0%|          | 0/4 [00:00<?, ?it/s][A[A[A
100%|██████████| 4/4 [00:01<00:00,  3.27it/s]




  0%|          | 0/4 [00:00<?, ?it/s][A[A[A
100%|██████████| 4/4 [00:01<00:00,  3.25it/s]




  0%|          | 0/4 [00:00<?, ?it/s][A[A[A
100%|██████████| 4/4 [00:01<00:00,  3.25it/s]




  0%|          | 0/4 [00:00<?, ?it/s][A[A[A
100%|██████████| 4/4 [00:01<00:00,  3.26it/s]




  0%|          | 0/4 [00:00<?, ?it/s][A[A[A
100%|██████████| 4/4 [00:01<00:00,  3.25it/s]



Memory Creation loop:  76%|███████▌  | 3250/4293 [1:39:50<31:59,  1.84s/it][A[A



  0%|          | 0/4 [00:00<?, ?it/s][A[A[A
100%|██████████| 4/4 [00:01<00:00,  3.26it/s]




  0%|          | 0/4 [00:00<?, ?it/s][A[A[A
100%|██████████| 4/4 [00:01<00:00,  3.25it/s]




  0%|          | 0/4 [00:00<?, ?it/s][A[A[A
100%|██████████| 4/4 [00:01<00:00,  3.25it/s]




  0%|          | 0/4 [00:00<?, ?it/s][A[A[A
100%|██████████| 4/4 [00:01<00:00,  3.26it/s]




  0%|          | 0/4 [00:00<?, ?it/s][A[A[A
100%|██████████| 4/4 [00:01<00:00,  3.25it/s]




  0%|          | 0/4 [00:00<?, ?it/s][A[A[A
100%|██████████| 4/4 [00:01<00:00,  3.25it/s]



Memory Creation loop:  76%|███████▌  | 3256/4293 [1:40:01<31:48,  1.84s/it][A[A



  0%|          | 0/4 [00:00<?, ?it/s][A[A[A
100%|██████████| 4/4 [00:01<00:00,  3.26it/s]




  0%|          | 0/4 [00:00<?, ?it/s][A[A[A
100%|██████████| 4/4 [00:01<00:00,  3.26it/s]




  0%|          | 0/4 [00:00<?, ?it/s][A[A[A
100%|██████████| 4/4 [00:01<00:00,  3.25it/s]




  0%|          | 0/4 [00:00<?, ?it/s][A[A[A
100%|██████████| 4/4 [00:01<00:00,  3.24it/s]




  0%|          | 0/4 [00:00<?, ?it/s][A[A[A
100%|██████████| 4/4 [00:01<00:00,  3.26it/s]




  0%|          | 0/4 [00:00<?, ?it/s][A[A[A
100%|██████████| 4/4 [00:01<00:00,  3.26it/s]



Memory Creation loop:  76%|███████▌  | 3262/4293 [1:40:12<31:37,  1.84s/it][A[A



  0%|          | 0/4 [00:00<?, ?it/s][A[A[A
100%|██████████| 4/4 [00:01<00:00,  3.26it/s]




  0%|          | 0/4 [00:00<?, ?it/s][A[A[A
100%|██████████| 4/4 [00:01<00:00,  3.25it/s]




  0%|          | 0/4 [00:00<?, ?it/s][A[A[A
100%|██████████| 4/4 [00:01<00:00,  3.26it/s]




  0%|          | 0/4 [00:00<?, ?it/s][A[A[A
100%|██████████| 4/4 [00:01<00:00,  3.26it/s]




  0%|          | 0/4 [00:00<?, ?it/s][A[A[A
100%|██████████| 4/4 [00:01<00:00,  3.25it/s]




  0%|          | 0/4 [00:00<?, ?it/s][A[A[A


Memory Creation loop:  76%|███████▌  | 3262/4293 [1:40:22<31:37,  1.84s/it][A[A
100%|██████████| 4/4 [00:01<00:00,  3.25it/s]



Memory Creation loop:  76%|███████▌  | 3268/4293 [1:40:23<31:27,  1.84s/it][A[A



  0%|          | 0/4 [00:00<?, ?it/s][A[A[A
100%|██████████| 4/4 [00:01<00:00,  3.26it/s]




  0%|          | 0/4 [00:00<?, ?it/s][A[A[A
100%|██████████| 4/4 [00:01<00:00,  3.26it/s]




  0%|          | 0/4 [00:00<?, ?it/s][A[A[A
100%|██████████| 4/4 [00:01<00:00,  3.25it/s]




  0%|          | 0/4 [00:00<?, ?it/s][A[A[A
100%|██████████| 4/4 [00:01<00:00,  3.25it/s]




  0%|          | 0/4 [00:00<?, ?it/s][A[A[A
100%|██████████| 4/4 [00:01<00:00,  3.26it/s]




  0%|          | 0/4 [00:00<?, ?it/s][A[A[A
100%|██████████| 4/4 [00:01<00:00,  3.26it/s]



Memory Creation loop:  76%|███████▋  | 3274/4293 [1:40:34<31:16,  1.84s/it][A[A



  0%|          | 0/4 [00:00<?, ?it/s][A[A[A
100%|██████████| 4/4 [00:01<00:00,  3.26it/s]




  0%|          | 0/4 [00:00<?, ?it/s][A[A[A
100%|██████████| 4/4 [00:01<00:00,  3.26it/s]




  0%|          | 0/4 [00:00<?, ?it/s][A[A[A
100%|██████████| 4/4 [00:01<00:00,  3.27it/s]




  0%|          | 0/4 [00:00<?, ?it/s][A[A[A
100%|██████████| 4/4 [00:01<00:00,  3.26it/s]




  0%|          | 0/4 [00:00<?, ?it/s][A[A[A
100%|██████████| 4/4 [00:01<00:00,  3.25it/s]




  0%|          | 0/4 [00:00<?, ?it/s][A[A[A
100%|██████████| 4/4 [00:01<00:00,  3.25it/s]



Memory Creation loop:  76%|███████▋  | 3280/4293 [1:40:45<31:05,  1.84s/it][A[A



  0%|          | 0/4 [00:00<?, ?it/s][A[A[A
100%|██████████| 4/4 [00:01<00:00,  3.24it/s]




  0%|          | 0/4 [00:00<?, ?it/s][A[A[A
100%|██████████| 4/4 [00:01<00:00,  3.26it/s]




  0%|          | 0/4 [00:00<?, ?it/s][A[A[A
100%|██████████| 4/4 [00:01<00:00,  3.26it/s]




  0%|          | 0/4 [00:00<?, ?it/s][A[A[A
100%|██████████| 4/4 [00:01<00:00,  3.23it/s]




  0%|          | 0/4 [00:00<?, ?it/s][A[A[A
100%|██████████| 4/4 [00:01<00:00,  3.26it/s]




  0%|          | 0/4 [00:00<?, ?it/s][A[A[A
100%|██████████| 4/4 [00:01<00:00,  3.26it/s]



Memory Creation loop:  77%|███████▋  | 3286/4293 [1:40:56<30:54,  1.84s/it][A[A



  0%|          | 0/4 [00:00<?, ?it/s][A[A[A
100%|██████████| 4/4 [00:01<00:00,  3.25it/s]




  0%|          | 0/4 [00:00<?, ?it/s][A[A[A
100%|██████████| 4/4 [00:01<00:00,  3.26it/s]




  0%|          | 0/4 [00:00<?, ?it/s][A[A[A
100%|██████████| 4/4 [00:01<00:00,  3.25it/s]




  0%|          | 0/4 [00:00<?, ?it/s][A[A[A
100%|██████████| 4/4 [00:01<00:00,  3.26it/s]




  0%|          | 0/4 [00:00<?, ?it/s][A[A[A
100%|██████████| 4/4 [00:01<00:00,  3.26it/s]




  0%|          | 0/4 [00:00<?, ?it/s][A[A[A
100%|██████████| 4/4 [00:01<00:00,  3.25it/s]



Memory Creation loop:  77%|███████▋  | 3292/4293 [1:41:07<30:42,  1.84s/it][A[A



  0%|          | 0/4 [00:00<?, ?it/s][A[A[A
100%|██████████| 4/4 [00:01<00:00,  3.27it/s]




  0%|          | 0/4 [00:00<?, ?it/s][A[A[A
100%|██████████| 4/4 [00:01<00:00,  3.25it/s]




  0%|          | 0/4 [00:00<?, ?it/s][A[A[A
100%|██████████| 4/4 [00:01<00:00,  3.24it/s]




  0%|          | 0/4 [00:00<?, ?it/s][A[A[A
100%|██████████| 4/4 [00:01<00:00,  3.25it/s]




  0%|          | 0/4 [00:00<?, ?it/s][A[A[A
100%|██████████| 4/4 [00:01<00:00,  3.26it/s]




  0%|          | 0/4 [00:00<?, ?it/s][A[A[A
100%|██████████| 4/4 [00:01<00:00,  3.26it/s]



Memory Creation loop:  77%|███████▋  | 3298/4293 [1:41:18<30:31,  1.84s/it][A[A



  0%|          | 0/4 [00:00<?, ?it/s][A[A[A
100%|██████████| 4/4 [00:01<00:00,  3.26it/s]




  0%|          | 0/4 [00:00<?, ?it/s][A[A[A
100%|██████████| 4/4 [00:01<00:00,  3.25it/s]




  0%|          | 0/4 [00:00<?, ?it/s][A[A[A
100%|██████████| 4/4 [00:01<00:00,  3.26it/s]




  0%|          | 0/4 [00:00<?, ?it/s][A[A[A
100%|██████████| 4/4 [00:01<00:00,  3.26it/s]




  0%|          | 0/4 [00:00<?, ?it/s][A[A[A
100%|██████████| 4/4 [00:01<00:00,  3.25it/s]




  0%|          | 0/4 [00:00<?, ?it/s][A[A[A
100%|██████████| 4/4 [00:01<00:00,  3.26it/s]



Memory Creation loop:  77%|███████▋  | 3304/4293 [1:41:29<30:20,  1.84s/it][A[A



  0%|          | 0/4 [00:00<?, ?it/s][A[A[A
100%|██████████| 4/4 [00:01<00:00,  3.25it/s]




  0%|          | 0/4 [00:00<?, ?it/s][A[A[A
100%|██████████| 4/4 [00:01<00:00,  3.25it/s]




  0%|          | 0/4 [00:00<?, ?it/s][A[A[A
100%|██████████| 4/4 [00:01<00:00,  3.25it/s]




  0%|          | 0/4 [00:00<?, ?it/s][A[A[A
100%|██████████| 4/4 [00:01<00:00,  3.24it/s]




  0%|          | 0/4 [00:00<?, ?it/s][A[A[A
100%|██████████| 4/4 [00:01<00:00,  3.26it/s]




  0%|          | 0/4 [00:00<?, ?it/s][A[A[A
100%|██████████| 4/4 [00:01<00:00,  3.26it/s]



Memory Creation loop:  77%|███████▋  | 3310/4293 [1:41:40<30:09,  1.84s/it][A[A



  0%|          | 0/4 [00:00<?, ?it/s][A[A[A
100%|██████████| 4/4 [00:01<00:00,  3.24it/s]




  0%|          | 0/4 [00:00<?, ?it/s][A[A[A
100%|██████████| 4/4 [00:01<00:00,  3.25it/s]




  0%|          | 0/4 [00:00<?, ?it/s][A[A[A
100%|██████████| 4/4 [00:01<00:00,  3.26it/s]




  0%|          | 0/4 [00:00<?, ?it/s][A[A[A
100%|██████████| 4/4 [00:01<00:00,  3.26it/s]




  0%|          | 0/4 [00:00<?, ?it/s][A[A[A
100%|██████████| 4/4 [00:01<00:00,  3.26it/s]




  0%|          | 0/4 [00:00<?, ?it/s][A[A[A
100%|██████████| 4/4 [00:01<00:00,  3.26it/s]



Memory Creation loop:  77%|███████▋  | 3316/4293 [1:41:51<29:58,  1.84s/it][A[A



  0%|          | 0/4 [00:00<?, ?it/s][A[A[A
100%|██████████| 4/4 [00:01<00:00,  3.27it/s]




  0%|          | 0/4 [00:00<?, ?it/s][A[A[A
100%|██████████| 4/4 [00:01<00:00,  3.25it/s]




  0%|          | 0/4 [00:00<?, ?it/s][A[A[A
100%|██████████| 4/4 [00:01<00:00,  3.25it/s]




  0%|          | 0/4 [00:00<?, ?it/s][A[A[A
100%|██████████| 4/4 [00:01<00:00,  3.25it/s]




  0%|          | 0/4 [00:00<?, ?it/s][A[A[A
100%|██████████| 4/4 [00:01<00:00,  3.26it/s]




  0%|          | 0/4 [00:00<?, ?it/s][A[A[A


Memory Creation loop:  77%|███████▋  | 3316/4293 [1:42:02<29:58,  1.84s/it][A[A
100%|██████████| 4/4 [00:01<00:00,  3.26it/s]



Memory Creation loop:  77%|███████▋  | 3322/4293 [1:42:02<29:48,  1.84s/it][A[A



  0%|          | 0/4 [00:00<?, ?it/s][A[A[A
100%|██████████| 4/4 [00:01<00:00,  3.25it/s]




  0%|          | 0/4 [00:00<?, ?it/s][A[A[A
100%|██████████| 4/4 [00:01<00:00,  3.25it/s]




  0%|          | 0/4 [00:00<?, ?it/s][A[A[A
100%|██████████| 4/4 [00:01<00:00,  3.26it/s]




  0%|          | 0/4 [00:00<?, ?it/s][A[A[A
100%|██████████| 4/4 [00:01<00:00,  3.26it/s]




  0%|          | 0/4 [00:00<?, ?it/s][A[A[A
100%|██████████| 4/4 [00:01<00:00,  3.26it/s]




  0%|          | 0/4 [00:00<?, ?it/s][A[A[A
100%|██████████| 4/4 [00:01<00:00,  3.25it/s]



Memory Creation loop:  78%|███████▊  | 3328/4293 [1:42:14<29:37,  1.84s/it][A[A



  0%|          | 0/4 [00:00<?, ?it/s][A[A[A
100%|██████████| 4/4 [00:01<00:00,  3.25it/s]




  0%|          | 0/4 [00:00<?, ?it/s][A[A[A
100%|██████████| 4/4 [00:01<00:00,  3.26it/s]




  0%|          | 0/4 [00:00<?, ?it/s][A[A[A
100%|██████████| 4/4 [00:01<00:00,  3.25it/s]




  0%|          | 0/4 [00:00<?, ?it/s][A[A[A
100%|██████████| 4/4 [00:01<00:00,  3.24it/s]




  0%|          | 0/4 [00:00<?, ?it/s][A[A[A
100%|██████████| 4/4 [00:01<00:00,  3.26it/s]




  0%|          | 0/4 [00:00<?, ?it/s][A[A[A
100%|██████████| 4/4 [00:01<00:00,  3.26it/s]



Memory Creation loop:  78%|███████▊  | 3334/4293 [1:42:25<29:26,  1.84s/it][A[A



  0%|          | 0/4 [00:00<?, ?it/s][A[A[A
100%|██████████| 4/4 [00:01<00:00,  3.25it/s]




  0%|          | 0/4 [00:00<?, ?it/s][A[A[A
100%|██████████| 4/4 [00:01<00:00,  3.26it/s]




  0%|          | 0/4 [00:00<?, ?it/s][A[A[A
100%|██████████| 4/4 [00:01<00:00,  3.25it/s]




  0%|          | 0/4 [00:00<?, ?it/s][A[A[A
100%|██████████| 4/4 [00:01<00:00,  3.26it/s]




  0%|          | 0/4 [00:00<?, ?it/s][A[A[A
100%|██████████| 4/4 [00:01<00:00,  3.26it/s]




  0%|          | 0/4 [00:00<?, ?it/s][A[A[A
100%|██████████| 4/4 [00:01<00:00,  3.26it/s]



Memory Creation loop:  78%|███████▊  | 3340/4293 [1:42:36<29:15,  1.84s/it][A[A



  0%|          | 0/4 [00:00<?, ?it/s][A[A[A
100%|██████████| 4/4 [00:01<00:00,  3.27it/s]




  0%|          | 0/4 [00:00<?, ?it/s][A[A[A
100%|██████████| 4/4 [00:01<00:00,  3.26it/s]




  0%|          | 0/4 [00:00<?, ?it/s][A[A[A
100%|██████████| 4/4 [00:01<00:00,  3.25it/s]




  0%|          | 0/4 [00:00<?, ?it/s][A[A[A
100%|██████████| 4/4 [00:01<00:00,  3.26it/s]




  0%|          | 0/4 [00:00<?, ?it/s][A[A[A
100%|██████████| 4/4 [00:01<00:00,  3.25it/s]




  0%|          | 0/4 [00:00<?, ?it/s][A[A[A
100%|██████████| 4/4 [00:01<00:00,  3.25it/s]



Memory Creation loop:  78%|███████▊  | 3346/4293 [1:42:47<29:04,  1.84s/it][A[A



  0%|          | 0/4 [00:00<?, ?it/s][A[A[A
100%|██████████| 4/4 [00:01<00:00,  3.26it/s]




  0%|          | 0/4 [00:00<?, ?it/s][A[A[A
100%|██████████| 4/4 [00:01<00:00,  3.26it/s]




  0%|          | 0/4 [00:00<?, ?it/s][A[A[A
100%|██████████| 4/4 [00:01<00:00,  3.26it/s]




  0%|          | 0/4 [00:00<?, ?it/s][A[A[A
100%|██████████| 4/4 [00:01<00:00,  3.26it/s]




  0%|          | 0/4 [00:00<?, ?it/s][A[A[A
100%|██████████| 4/4 [00:01<00:00,  3.25it/s]




  0%|          | 0/4 [00:00<?, ?it/s][A[A[A
100%|██████████| 4/4 [00:01<00:00,  3.25it/s]



Memory Creation loop:  78%|███████▊  | 3352/4293 [1:42:58<28:53,  1.84s/it][A[A



  0%|          | 0/4 [00:00<?, ?it/s][A[A[A
100%|██████████| 4/4 [00:01<00:00,  3.26it/s]




  0%|          | 0/4 [00:00<?, ?it/s][A[A[A
100%|██████████| 4/4 [00:01<00:00,  3.26it/s]




  0%|          | 0/4 [00:00<?, ?it/s][A[A[A
100%|██████████| 4/4 [00:01<00:00,  3.25it/s]




  0%|          | 0/4 [00:00<?, ?it/s][A[A[A
100%|██████████| 4/4 [00:01<00:00,  3.23it/s]




  0%|          | 0/4 [00:00<?, ?it/s][A[A[A
100%|██████████| 4/4 [00:01<00:00,  3.24it/s]




  0%|          | 0/4 [00:00<?, ?it/s][A[A[A
100%|██████████| 4/4 [00:01<00:00,  3.26it/s]



Memory Creation loop:  78%|███████▊  | 3358/4293 [1:43:09<28:43,  1.84s/it][A[A



  0%|          | 0/4 [00:00<?, ?it/s][A[A[A
100%|██████████| 4/4 [00:01<00:00,  3.25it/s]




  0%|          | 0/4 [00:00<?, ?it/s][A[A[A
100%|██████████| 4/4 [00:01<00:00,  3.25it/s]




  0%|          | 0/4 [00:00<?, ?it/s][A[A[A
100%|██████████| 4/4 [00:01<00:00,  3.26it/s]




  0%|          | 0/4 [00:00<?, ?it/s][A[A[A
100%|██████████| 4/4 [00:01<00:00,  3.26it/s]




  0%|          | 0/4 [00:00<?, ?it/s][A[A[A
100%|██████████| 4/4 [00:01<00:00,  3.25it/s]




  0%|          | 0/4 [00:00<?, ?it/s][A[A[A
100%|██████████| 4/4 [00:01<00:00,  3.25it/s]



Memory Creation loop:  78%|███████▊  | 3364/4293 [1:43:20<28:32,  1.84s/it][A[A



  0%|          | 0/4 [00:00<?, ?it/s][A[A[A
100%|██████████| 4/4 [00:01<00:00,  3.26it/s]




  0%|          | 0/4 [00:00<?, ?it/s][A[A[A
100%|██████████| 4/4 [00:01<00:00,  3.26it/s]




  0%|          | 0/4 [00:00<?, ?it/s][A[A[A
100%|██████████| 4/4 [00:01<00:00,  3.25it/s]




  0%|          | 0/4 [00:00<?, ?it/s][A[A[A
100%|██████████| 4/4 [00:01<00:00,  3.23it/s]




  0%|          | 0/4 [00:00<?, ?it/s][A[A[A
100%|██████████| 4/4 [00:01<00:00,  3.25it/s]




  0%|          | 0/4 [00:00<?, ?it/s][A[A[A
100%|██████████| 4/4 [00:01<00:00,  3.27it/s]



Memory Creation loop:  78%|███████▊  | 3370/4293 [1:43:31<28:21,  1.84s/it][A[A



  0%|          | 0/4 [00:00<?, ?it/s][A[A[A
100%|██████████| 4/4 [00:01<00:00,  3.24it/s]




  0%|          | 0/4 [00:00<?, ?it/s][A[A[A
100%|██████████| 4/4 [00:01<00:00,  3.25it/s]




  0%|          | 0/4 [00:00<?, ?it/s][A[A[A
100%|██████████| 4/4 [00:01<00:00,  3.27it/s]




  0%|          | 0/4 [00:00<?, ?it/s][A[A[A
100%|██████████| 4/4 [00:01<00:00,  3.27it/s]




  0%|          | 0/4 [00:00<?, ?it/s][A[A[A
100%|██████████| 4/4 [00:01<00:00,  3.25it/s]




  0%|          | 0/4 [00:00<?, ?it/s][A[A[A
100%|██████████| 4/4 [00:01<00:00,  3.24it/s]



Memory Creation loop:  79%|███████▊  | 3376/4293 [1:43:42<28:10,  1.84s/it][A[A



  0%|          | 0/4 [00:00<?, ?it/s][A[A[A
100%|██████████| 4/4 [00:01<00:00,  3.25it/s]




  0%|          | 0/4 [00:00<?, ?it/s][A[A[A
100%|██████████| 4/4 [00:01<00:00,  3.25it/s]




  0%|          | 0/4 [00:00<?, ?it/s][A[A[A
100%|██████████| 4/4 [00:01<00:00,  3.26it/s]




  0%|          | 0/4 [00:00<?, ?it/s][A[A[A
100%|██████████| 4/4 [00:01<00:00,  3.26it/s]




  0%|          | 0/4 [00:00<?, ?it/s][A[A[A
100%|██████████| 4/4 [00:01<00:00,  3.26it/s]




  0%|          | 0/4 [00:00<?, ?it/s][A[A[A


Memory Creation loop:  79%|███████▊  | 3376/4293 [1:43:52<28:10,  1.84s/it][A[A
100%|██████████| 4/4 [00:01<00:00,  3.25it/s]



Memory Creation loop:  79%|███████▉  | 3382/4293 [1:43:53<28:00,  1.84s/it][A[A



  0%|          | 0/4 [00:00<?, ?it/s][A[A[A
100%|██████████| 4/4 [00:01<00:00,  3.25it/s]




  0%|          | 0/4 [00:00<?, ?it/s][A[A[A
100%|██████████| 4/4 [00:01<00:00,  3.26it/s]




  0%|          | 0/4 [00:00<?, ?it/s][A[A[A
100%|██████████| 4/4 [00:01<00:00,  3.26it/s]




  0%|          | 0/4 [00:00<?, ?it/s][A[A[A
100%|██████████| 4/4 [00:01<00:00,  3.26it/s]




  0%|          | 0/4 [00:00<?, ?it/s][A[A[A
100%|██████████| 4/4 [00:01<00:00,  3.25it/s]




  0%|          | 0/4 [00:00<?, ?it/s][A[A[A
100%|██████████| 4/4 [00:01<00:00,  3.25it/s]



Memory Creation loop:  79%|███████▉  | 3388/4293 [1:44:04<27:49,  1.84s/it][A[A



  0%|          | 0/4 [00:00<?, ?it/s][A[A[A
100%|██████████| 4/4 [00:01<00:00,  3.26it/s]




  0%|          | 0/4 [00:00<?, ?it/s][A[A[A
100%|██████████| 4/4 [00:01<00:00,  3.26it/s]




  0%|          | 0/4 [00:00<?, ?it/s][A[A[A
100%|██████████| 4/4 [00:01<00:00,  3.24it/s]




  0%|          | 0/4 [00:00<?, ?it/s][A[A[A
100%|██████████| 4/4 [00:01<00:00,  3.25it/s]




  0%|          | 0/4 [00:00<?, ?it/s][A[A[A
100%|██████████| 4/4 [00:01<00:00,  3.26it/s]




  0%|          | 0/4 [00:00<?, ?it/s][A[A[A
100%|██████████| 4/4 [00:01<00:00,  3.25it/s]



Memory Creation loop:  79%|███████▉  | 3394/4293 [1:44:15<27:38,  1.84s/it][A[A



  0%|          | 0/4 [00:00<?, ?it/s][A[A[A
100%|██████████| 4/4 [00:01<00:00,  3.26it/s]




  0%|          | 0/4 [00:00<?, ?it/s][A[A[A
100%|██████████| 4/4 [00:01<00:00,  3.26it/s]




  0%|          | 0/4 [00:00<?, ?it/s][A[A[A
100%|██████████| 4/4 [00:01<00:00,  3.27it/s]




  0%|          | 0/4 [00:00<?, ?it/s][A[A[A
100%|██████████| 4/4 [00:01<00:00,  3.27it/s]




  0%|          | 0/4 [00:00<?, ?it/s][A[A[A
100%|██████████| 4/4 [00:01<00:00,  3.22it/s]




  0%|          | 0/4 [00:00<?, ?it/s][A[A[A
100%|██████████| 4/4 [00:01<00:00,  3.24it/s]



Memory Creation loop:  79%|███████▉  | 3400/4293 [1:44:26<27:26,  1.84s/it][A[A



  0%|          | 0/4 [00:00<?, ?it/s][A[A[A
100%|██████████| 4/4 [00:01<00:00,  3.25it/s]




  0%|          | 0/4 [00:00<?, ?it/s][A[A[A
100%|██████████| 4/4 [00:01<00:00,  3.24it/s]




  0%|          | 0/4 [00:00<?, ?it/s][A[A[A
100%|██████████| 4/4 [00:01<00:00,  3.25it/s]




  0%|          | 0/4 [00:00<?, ?it/s][A[A[A
100%|██████████| 4/4 [00:01<00:00,  3.25it/s]




  0%|          | 0/4 [00:00<?, ?it/s][A[A[A
100%|██████████| 4/4 [00:01<00:00,  3.26it/s]




  0%|          | 0/4 [00:00<?, ?it/s][A[A[A
100%|██████████| 4/4 [00:01<00:00,  3.26it/s]



Memory Creation loop:  79%|███████▉  | 3406/4293 [1:44:37<27:15,  1.84s/it][A[A



  0%|          | 0/4 [00:00<?, ?it/s][A[A[A
100%|██████████| 4/4 [00:01<00:00,  3.25it/s]




  0%|          | 0/4 [00:00<?, ?it/s][A[A[A
100%|██████████| 4/4 [00:01<00:00,  3.24it/s]




  0%|          | 0/4 [00:00<?, ?it/s][A[A[A
100%|██████████| 4/4 [00:01<00:00,  3.18it/s]




  0%|          | 0/4 [00:00<?, ?it/s][A[A[A
100%|██████████| 4/4 [00:01<00:00,  3.26it/s]




  0%|          | 0/4 [00:00<?, ?it/s][A[A[A
100%|██████████| 4/4 [00:01<00:00,  3.26it/s]




  0%|          | 0/4 [00:00<?, ?it/s][A[A[A
100%|██████████| 4/4 [00:01<00:00,  3.25it/s]



Memory Creation loop:  79%|███████▉  | 3412/4293 [1:44:48<27:05,  1.85s/it][A[A



  0%|          | 0/4 [00:00<?, ?it/s][A[A[A
100%|██████████| 4/4 [00:01<00:00,  3.26it/s]




  0%|          | 0/4 [00:00<?, ?it/s][A[A[A
100%|██████████| 4/4 [00:01<00:00,  3.26it/s]




  0%|          | 0/4 [00:00<?, ?it/s][A[A[A
100%|██████████| 4/4 [00:01<00:00,  3.26it/s]




  0%|          | 0/4 [00:00<?, ?it/s][A[A[A
100%|██████████| 4/4 [00:01<00:00,  3.26it/s]




  0%|          | 0/4 [00:00<?, ?it/s][A[A[A
100%|██████████| 4/4 [00:01<00:00,  3.26it/s]




  0%|          | 0/4 [00:00<?, ?it/s][A[A[A
100%|██████████| 4/4 [00:01<00:00,  3.26it/s]



Memory Creation loop:  80%|███████▉  | 3418/4293 [1:44:59<26:53,  1.84s/it][A[A



  0%|          | 0/4 [00:00<?, ?it/s][A[A[A
100%|██████████| 4/4 [00:01<00:00,  3.25it/s]




  0%|          | 0/4 [00:00<?, ?it/s][A[A[A
100%|██████████| 4/4 [00:01<00:00,  3.25it/s]




  0%|          | 0/4 [00:00<?, ?it/s][A[A[A
100%|██████████| 4/4 [00:01<00:00,  3.26it/s]




  0%|          | 0/4 [00:00<?, ?it/s][A[A[A
100%|██████████| 4/4 [00:01<00:00,  3.25it/s]




  0%|          | 0/4 [00:00<?, ?it/s][A[A[A
100%|██████████| 4/4 [00:01<00:00,  3.25it/s]




  0%|          | 0/4 [00:00<?, ?it/s][A[A[A
100%|██████████| 4/4 [00:01<00:00,  3.25it/s]



Memory Creation loop:  80%|███████▉  | 3424/4293 [1:45:11<26:42,  1.84s/it][A[A



  0%|          | 0/4 [00:00<?, ?it/s][A[A[A
100%|██████████| 4/4 [00:01<00:00,  3.25it/s]




  0%|          | 0/4 [00:00<?, ?it/s][A[A[A
100%|██████████| 4/4 [00:01<00:00,  3.25it/s]




  0%|          | 0/4 [00:00<?, ?it/s][A[A[A
100%|██████████| 4/4 [00:01<00:00,  3.25it/s]




  0%|          | 0/4 [00:00<?, ?it/s][A[A[A
100%|██████████| 4/4 [00:01<00:00,  3.24it/s]




  0%|          | 0/4 [00:00<?, ?it/s][A[A[A
100%|██████████| 4/4 [00:01<00:00,  3.26it/s]




  0%|          | 0/4 [00:00<?, ?it/s][A[A[A
100%|██████████| 4/4 [00:01<00:00,  3.26it/s]



Memory Creation loop:  80%|███████▉  | 3430/4293 [1:45:22<26:31,  1.84s/it][A[A



  0%|          | 0/4 [00:00<?, ?it/s][A[A[A
100%|██████████| 4/4 [00:01<00:00,  3.25it/s]




  0%|          | 0/4 [00:00<?, ?it/s][A[A[A
100%|██████████| 4/4 [00:01<00:00,  3.25it/s]




  0%|          | 0/4 [00:00<?, ?it/s][A[A[A
100%|██████████| 4/4 [00:01<00:00,  3.25it/s]




  0%|          | 0/4 [00:00<?, ?it/s][A[A[A
100%|██████████| 4/4 [00:01<00:00,  3.26it/s]




  0%|          | 0/4 [00:00<?, ?it/s][A[A[A
100%|██████████| 4/4 [00:01<00:00,  3.26it/s]




  0%|          | 0/4 [00:00<?, ?it/s][A[A[A


Memory Creation loop:  80%|███████▉  | 3430/4293 [1:45:32<26:31,  1.84s/it][A[A
100%|██████████| 4/4 [00:01<00:00,  3.25it/s]



Memory Creation loop:  80%|████████  | 3436/4293 [1:45:33<26:20,  1.84s/it][A[A



  0%|          | 0/4 [00:00<?, ?it/s][A[A[A
100%|██████████| 4/4 [00:01<00:00,  3.26it/s]




  0%|          | 0/4 [00:00<?, ?it/s][A[A[A
100%|██████████| 4/4 [00:01<00:00,  3.26it/s]




  0%|          | 0/4 [00:00<?, ?it/s][A[A[A
100%|██████████| 4/4 [00:01<00:00,  3.25it/s]




  0%|          | 0/4 [00:00<?, ?it/s][A[A[A
100%|██████████| 4/4 [00:01<00:00,  3.26it/s]




  0%|          | 0/4 [00:00<?, ?it/s][A[A[A
100%|██████████| 4/4 [00:01<00:00,  3.25it/s]




  0%|          | 0/4 [00:00<?, ?it/s][A[A[A
100%|██████████| 4/4 [00:01<00:00,  3.25it/s]



Memory Creation loop:  80%|████████  | 3442/4293 [1:45:44<26:09,  1.84s/it][A[A



  0%|          | 0/4 [00:00<?, ?it/s][A[A[A
100%|██████████| 4/4 [00:01<00:00,  3.26it/s]




  0%|          | 0/4 [00:00<?, ?it/s][A[A[A
100%|██████████| 4/4 [00:01<00:00,  3.25it/s]




  0%|          | 0/4 [00:00<?, ?it/s][A[A[A
100%|██████████| 4/4 [00:01<00:00,  3.27it/s]




  0%|          | 0/4 [00:00<?, ?it/s][A[A[A
100%|██████████| 4/4 [00:01<00:00,  3.27it/s]




  0%|          | 0/4 [00:00<?, ?it/s][A[A[A
100%|██████████| 4/4 [00:01<00:00,  3.26it/s]




  0%|          | 0/4 [00:00<?, ?it/s][A[A[A
100%|██████████| 4/4 [00:01<00:00,  3.25it/s]



Memory Creation loop:  80%|████████  | 3448/4293 [1:45:55<25:58,  1.84s/it][A[A



  0%|          | 0/4 [00:00<?, ?it/s][A[A[A
100%|██████████| 4/4 [00:01<00:00,  3.24it/s]




  0%|          | 0/4 [00:00<?, ?it/s][A[A[A
100%|██████████| 4/4 [00:01<00:00,  3.24it/s]




  0%|          | 0/4 [00:00<?, ?it/s][A[A[A
100%|██████████| 4/4 [00:01<00:00,  3.25it/s]




  0%|          | 0/4 [00:00<?, ?it/s][A[A[A
100%|██████████| 4/4 [00:01<00:00,  3.24it/s]




  0%|          | 0/4 [00:00<?, ?it/s][A[A[A
100%|██████████| 4/4 [00:01<00:00,  3.27it/s]




  0%|          | 0/4 [00:00<?, ?it/s][A[A[A
100%|██████████| 4/4 [00:01<00:00,  3.26it/s]



Memory Creation loop:  80%|████████  | 3454/4293 [1:46:06<25:47,  1.84s/it][A[A



  0%|          | 0/4 [00:00<?, ?it/s][A[A[A
100%|██████████| 4/4 [00:01<00:00,  3.26it/s]




  0%|          | 0/4 [00:00<?, ?it/s][A[A[A
100%|██████████| 4/4 [00:01<00:00,  3.25it/s]




  0%|          | 0/4 [00:00<?, ?it/s][A[A[A
100%|██████████| 4/4 [00:01<00:00,  3.26it/s]




  0%|          | 0/4 [00:00<?, ?it/s][A[A[A
100%|██████████| 4/4 [00:01<00:00,  3.25it/s]




  0%|          | 0/4 [00:00<?, ?it/s][A[A[A
100%|██████████| 4/4 [00:01<00:00,  3.25it/s]




  0%|          | 0/4 [00:00<?, ?it/s][A[A[A
100%|██████████| 4/4 [00:01<00:00,  3.25it/s]



Memory Creation loop:  81%|████████  | 3460/4293 [1:46:17<25:35,  1.84s/it][A[A



  0%|          | 0/4 [00:00<?, ?it/s][A[A[A
100%|██████████| 4/4 [00:01<00:00,  3.27it/s]




  0%|          | 0/4 [00:00<?, ?it/s][A[A[A
100%|██████████| 4/4 [00:01<00:00,  3.27it/s]




  0%|          | 0/4 [00:00<?, ?it/s][A[A[A
100%|██████████| 4/4 [00:01<00:00,  3.25it/s]




  0%|          | 0/4 [00:00<?, ?it/s][A[A[A
100%|██████████| 4/4 [00:01<00:00,  3.25it/s]




  0%|          | 0/4 [00:00<?, ?it/s][A[A[A
100%|██████████| 4/4 [00:01<00:00,  3.26it/s]




  0%|          | 0/4 [00:00<?, ?it/s][A[A[A
100%|██████████| 4/4 [00:01<00:00,  3.25it/s]



Memory Creation loop:  81%|████████  | 3466/4293 [1:46:28<25:24,  1.84s/it][A[A



  0%|          | 0/4 [00:00<?, ?it/s][A[A[A
100%|██████████| 4/4 [00:01<00:00,  3.25it/s]




  0%|          | 0/4 [00:00<?, ?it/s][A[A[A
100%|██████████| 4/4 [00:01<00:00,  3.25it/s]




  0%|          | 0/4 [00:00<?, ?it/s][A[A[A
100%|██████████| 4/4 [00:01<00:00,  3.26it/s]




  0%|          | 0/4 [00:00<?, ?it/s][A[A[A
100%|██████████| 4/4 [00:01<00:00,  3.26it/s]




  0%|          | 0/4 [00:00<?, ?it/s][A[A[A
100%|██████████| 4/4 [00:01<00:00,  3.25it/s]




  0%|          | 0/4 [00:00<?, ?it/s][A[A[A
100%|██████████| 4/4 [00:01<00:00,  3.17it/s]



Memory Creation loop:  81%|████████  | 3472/4293 [1:46:39<25:14,  1.84s/it][A[A



  0%|          | 0/4 [00:00<?, ?it/s][A[A[A
100%|██████████| 4/4 [00:01<00:00,  3.24it/s]




  0%|          | 0/4 [00:00<?, ?it/s][A[A[A
100%|██████████| 4/4 [00:01<00:00,  3.25it/s]




  0%|          | 0/4 [00:00<?, ?it/s][A[A[A
100%|██████████| 4/4 [00:01<00:00,  3.25it/s]




  0%|          | 0/4 [00:00<?, ?it/s][A[A[A
100%|██████████| 4/4 [00:01<00:00,  3.22it/s]




  0%|          | 0/4 [00:00<?, ?it/s][A[A[A
100%|██████████| 4/4 [00:01<00:00,  3.26it/s]




  0%|          | 0/4 [00:00<?, ?it/s][A[A[A
100%|██████████| 4/4 [00:01<00:00,  3.26it/s]



Memory Creation loop:  81%|████████  | 3478/4293 [1:46:50<25:03,  1.84s/it][A[A



  0%|          | 0/4 [00:00<?, ?it/s][A[A[A
100%|██████████| 4/4 [00:01<00:00,  3.25it/s]




  0%|          | 0/4 [00:00<?, ?it/s][A[A[A
100%|██████████| 4/4 [00:01<00:00,  3.25it/s]




  0%|          | 0/4 [00:00<?, ?it/s][A[A[A
100%|██████████| 4/4 [00:01<00:00,  3.26it/s]




  0%|          | 0/4 [00:00<?, ?it/s][A[A[A
100%|██████████| 4/4 [00:01<00:00,  3.25it/s]




  0%|          | 0/4 [00:00<?, ?it/s][A[A[A
100%|██████████| 4/4 [00:01<00:00,  3.25it/s]




  0%|          | 0/4 [00:00<?, ?it/s][A[A[A
100%|██████████| 4/4 [00:01<00:00,  3.26it/s]



Memory Creation loop:  81%|████████  | 3484/4293 [1:47:01<24:51,  1.84s/it][A[A



  0%|          | 0/4 [00:00<?, ?it/s][A[A[A
100%|██████████| 4/4 [00:01<00:00,  3.26it/s]




  0%|          | 0/4 [00:00<?, ?it/s][A[A[A
100%|██████████| 4/4 [00:01<00:00,  3.25it/s]




  0%|          | 0/4 [00:00<?, ?it/s][A[A[A
100%|██████████| 4/4 [00:01<00:00,  3.24it/s]




  0%|          | 0/4 [00:00<?, ?it/s][A[A[A
100%|██████████| 4/4 [00:01<00:00,  3.25it/s]




  0%|          | 0/4 [00:00<?, ?it/s][A[A[A
100%|██████████| 4/4 [00:01<00:00,  3.25it/s]




  0%|          | 0/4 [00:00<?, ?it/s][A[A[A
100%|██████████| 4/4 [00:01<00:00,  3.26it/s]



Memory Creation loop:  81%|████████▏ | 3490/4293 [1:47:12<24:41,  1.84s/it][A[A



  0%|          | 0/4 [00:00<?, ?it/s][A[A[A
100%|██████████| 4/4 [00:01<00:00,  3.24it/s]




  0%|          | 0/4 [00:00<?, ?it/s][A[A[A
100%|██████████| 4/4 [00:01<00:00,  3.25it/s]




  0%|          | 0/4 [00:00<?, ?it/s][A[A[A
100%|██████████| 4/4 [00:01<00:00,  3.26it/s]




  0%|          | 0/4 [00:00<?, ?it/s][A[A[A
100%|██████████| 4/4 [00:01<00:00,  3.26it/s]




  0%|          | 0/4 [00:00<?, ?it/s][A[A[A
100%|██████████| 4/4 [00:01<00:00,  3.25it/s]




  0%|          | 0/4 [00:00<?, ?it/s][A[A[A


Memory Creation loop:  81%|████████▏ | 3490/4293 [1:47:22<24:41,  1.84s/it][A[A
100%|██████████| 4/4 [00:01<00:00,  3.25it/s]



Memory Creation loop:  81%|████████▏ | 3496/4293 [1:47:23<24:29,  1.84s/it][A[A



  0%|          | 0/4 [00:00<?, ?it/s][A[A[A
100%|██████████| 4/4 [00:01<00:00,  3.25it/s]




  0%|          | 0/4 [00:00<?, ?it/s][A[A[A
100%|██████████| 4/4 [00:01<00:00,  3.27it/s]




  0%|          | 0/4 [00:00<?, ?it/s][A[A[A
100%|██████████| 4/4 [00:01<00:00,  3.26it/s]




  0%|          | 0/4 [00:00<?, ?it/s][A[A[A
100%|██████████| 4/4 [00:01<00:00,  3.25it/s]




  0%|          | 0/4 [00:00<?, ?it/s][A[A[A
100%|██████████| 4/4 [00:01<00:00,  3.28it/s]




  0%|          | 0/4 [00:00<?, ?it/s][A[A[A
100%|██████████| 4/4 [00:01<00:00,  3.26it/s]



Memory Creation loop:  82%|████████▏ | 3502/4293 [1:47:34<24:17,  1.84s/it][A[A



  0%|          | 0/4 [00:00<?, ?it/s][A[A[A
100%|██████████| 4/4 [00:01<00:00,  3.23it/s]




  0%|          | 0/4 [00:00<?, ?it/s][A[A[A
100%|██████████| 4/4 [00:01<00:00,  3.25it/s]




  0%|          | 0/4 [00:00<?, ?it/s][A[A[A
100%|██████████| 4/4 [00:01<00:00,  3.25it/s]




  0%|          | 0/4 [00:00<?, ?it/s][A[A[A
100%|██████████| 4/4 [00:01<00:00,  3.24it/s]




  0%|          | 0/4 [00:00<?, ?it/s][A[A[A
100%|██████████| 4/4 [00:01<00:00,  3.25it/s]




  0%|          | 0/4 [00:00<?, ?it/s][A[A[A
100%|██████████| 4/4 [00:01<00:00,  3.25it/s]



Memory Creation loop:  82%|████████▏ | 3508/4293 [1:47:45<24:07,  1.84s/it][A[A



  0%|          | 0/4 [00:00<?, ?it/s][A[A[A
100%|██████████| 4/4 [00:01<00:00,  3.26it/s]




  0%|          | 0/4 [00:00<?, ?it/s][A[A[A
100%|██████████| 4/4 [00:01<00:00,  3.26it/s]




  0%|          | 0/4 [00:00<?, ?it/s][A[A[A
100%|██████████| 4/4 [00:01<00:00,  3.24it/s]




  0%|          | 0/4 [00:00<?, ?it/s][A[A[A
100%|██████████| 4/4 [00:01<00:00,  3.18it/s]




  0%|          | 0/4 [00:00<?, ?it/s][A[A[A
100%|██████████| 4/4 [00:01<00:00,  3.20it/s]




  0%|          | 0/4 [00:00<?, ?it/s][A[A[A
100%|██████████| 4/4 [00:01<00:00,  3.25it/s]



Memory Creation loop:  82%|████████▏ | 3514/4293 [1:47:57<23:58,  1.85s/it][A[A



  0%|          | 0/4 [00:00<?, ?it/s][A[A[A
100%|██████████| 4/4 [00:01<00:00,  3.26it/s]




  0%|          | 0/4 [00:00<?, ?it/s][A[A[A
100%|██████████| 4/4 [00:01<00:00,  3.25it/s]




  0%|          | 0/4 [00:00<?, ?it/s][A[A[A
100%|██████████| 4/4 [00:01<00:00,  3.29it/s]




  0%|          | 0/4 [00:00<?, ?it/s][A[A[A
100%|██████████| 4/4 [00:01<00:00,  3.26it/s]




  0%|          | 0/4 [00:00<?, ?it/s][A[A[A
100%|██████████| 4/4 [00:01<00:00,  3.24it/s]




  0%|          | 0/4 [00:00<?, ?it/s][A[A[A
100%|██████████| 4/4 [00:01<00:00,  3.25it/s]



Memory Creation loop:  82%|████████▏ | 3520/4293 [1:48:08<23:46,  1.85s/it][A[A



  0%|          | 0/4 [00:00<?, ?it/s][A[A[A
100%|██████████| 4/4 [00:01<00:00,  3.26it/s]




  0%|          | 0/4 [00:00<?, ?it/s][A[A[A
100%|██████████| 4/4 [00:01<00:00,  3.27it/s]




  0%|          | 0/4 [00:00<?, ?it/s][A[A[A
100%|██████████| 4/4 [00:01<00:00,  3.27it/s]




  0%|          | 0/4 [00:00<?, ?it/s][A[A[A
100%|██████████| 4/4 [00:01<00:00,  3.27it/s]




  0%|          | 0/4 [00:00<?, ?it/s][A[A[A
100%|██████████| 4/4 [00:01<00:00,  3.26it/s]




  0%|          | 0/4 [00:00<?, ?it/s][A[A[A
100%|██████████| 4/4 [00:01<00:00,  3.26it/s]



Memory Creation loop:  82%|████████▏ | 3526/4293 [1:48:19<23:33,  1.84s/it][A[A



  0%|          | 0/4 [00:00<?, ?it/s][A[A[A
100%|██████████| 4/4 [00:01<00:00,  3.25it/s]




  0%|          | 0/4 [00:00<?, ?it/s][A[A[A
100%|██████████| 4/4 [00:01<00:00,  3.24it/s]




  0%|          | 0/4 [00:00<?, ?it/s][A[A[A
100%|██████████| 4/4 [00:01<00:00,  3.16it/s]




  0%|          | 0/4 [00:00<?, ?it/s][A[A[A
100%|██████████| 4/4 [00:01<00:00,  3.18it/s]




  0%|          | 0/4 [00:00<?, ?it/s][A[A[A
100%|██████████| 4/4 [00:01<00:00,  3.25it/s]




  0%|          | 0/4 [00:00<?, ?it/s][A[A[A
100%|██████████| 4/4 [00:01<00:00,  3.23it/s]



Memory Creation loop:  82%|████████▏ | 3532/4293 [1:48:30<23:25,  1.85s/it][A[A



  0%|          | 0/4 [00:00<?, ?it/s][A[A[A
100%|██████████| 4/4 [00:01<00:00,  3.28it/s]




  0%|          | 0/4 [00:00<?, ?it/s][A[A[A
100%|██████████| 4/4 [00:01<00:00,  3.27it/s]




  0%|          | 0/4 [00:00<?, ?it/s][A[A[A
100%|██████████| 4/4 [00:01<00:00,  3.26it/s]




  0%|          | 0/4 [00:00<?, ?it/s][A[A[A
100%|██████████| 4/4 [00:01<00:00,  3.27it/s]




  0%|          | 0/4 [00:00<?, ?it/s][A[A[A
100%|██████████| 4/4 [00:01<00:00,  3.26it/s]




  0%|          | 0/4 [00:00<?, ?it/s][A[A[A
100%|██████████| 4/4 [00:01<00:00,  3.25it/s]



Memory Creation loop:  82%|████████▏ | 3538/4293 [1:48:41<23:13,  1.85s/it][A[A



  0%|          | 0/4 [00:00<?, ?it/s][A[A[A
100%|██████████| 4/4 [00:01<00:00,  3.26it/s]




  0%|          | 0/4 [00:00<?, ?it/s][A[A[A
100%|██████████| 4/4 [00:01<00:00,  3.24it/s]




  0%|          | 0/4 [00:00<?, ?it/s][A[A[A
100%|██████████| 4/4 [00:01<00:00,  3.26it/s]




  0%|          | 0/4 [00:00<?, ?it/s][A[A[A
100%|██████████| 4/4 [00:01<00:00,  3.27it/s]




  0%|          | 0/4 [00:00<?, ?it/s][A[A[A
100%|██████████| 4/4 [00:01<00:00,  3.26it/s]




  0%|          | 0/4 [00:00<?, ?it/s][A[A[A
100%|██████████| 4/4 [00:01<00:00,  3.26it/s]



Memory Creation loop:  83%|████████▎ | 3544/4293 [1:48:52<23:01,  1.84s/it][A[A



  0%|          | 0/4 [00:00<?, ?it/s][A[A[A
100%|██████████| 4/4 [00:01<00:00,  3.26it/s]




  0%|          | 0/4 [00:00<?, ?it/s][A[A[A
100%|██████████| 4/4 [00:01<00:00,  3.26it/s]




  0%|          | 0/4 [00:00<?, ?it/s][A[A[A
100%|██████████| 4/4 [00:01<00:00,  3.26it/s]




  0%|          | 0/4 [00:00<?, ?it/s][A[A[A
100%|██████████| 4/4 [00:01<00:00,  3.25it/s]




  0%|          | 0/4 [00:00<?, ?it/s][A[A[A
100%|██████████| 4/4 [00:01<00:00,  3.25it/s]




  0%|          | 0/4 [00:00<?, ?it/s][A[A[A


Memory Creation loop:  83%|████████▎ | 3544/4293 [1:49:02<23:01,  1.84s/it][A[A
100%|██████████| 4/4 [00:01<00:00,  3.25it/s]



Memory Creation loop:  83%|████████▎ | 3550/4293 [1:49:03<22:49,  1.84s/it][A[A



  0%|          | 0/4 [00:00<?, ?it/s][A[A[A
100%|██████████| 4/4 [00:01<00:00,  3.25it/s]




  0%|          | 0/4 [00:00<?, ?it/s][A[A[A
100%|██████████| 4/4 [00:01<00:00,  3.25it/s]




  0%|          | 0/4 [00:00<?, ?it/s][A[A[A
100%|██████████| 4/4 [00:01<00:00,  3.26it/s]




  0%|          | 0/4 [00:00<?, ?it/s][A[A[A
100%|██████████| 4/4 [00:01<00:00,  3.25it/s]




  0%|          | 0/4 [00:00<?, ?it/s][A[A[A
100%|██████████| 4/4 [00:01<00:00,  3.26it/s]




  0%|          | 0/4 [00:00<?, ?it/s][A[A[A
100%|██████████| 4/4 [00:01<00:00,  3.25it/s]



Memory Creation loop:  83%|████████▎ | 3556/4293 [1:49:14<22:38,  1.84s/it][A[A



  0%|          | 0/4 [00:00<?, ?it/s][A[A[A
100%|██████████| 4/4 [00:01<00:00,  3.27it/s]




  0%|          | 0/4 [00:00<?, ?it/s][A[A[A
100%|██████████| 4/4 [00:01<00:00,  3.26it/s]




  0%|          | 0/4 [00:00<?, ?it/s][A[A[A
100%|██████████| 4/4 [00:01<00:00,  3.26it/s]




  0%|          | 0/4 [00:00<?, ?it/s][A[A[A
100%|██████████| 4/4 [00:01<00:00,  3.26it/s]




  0%|          | 0/4 [00:00<?, ?it/s][A[A[A
100%|██████████| 4/4 [00:01<00:00,  3.26it/s]




  0%|          | 0/4 [00:00<?, ?it/s][A[A[A
100%|██████████| 4/4 [00:01<00:00,  3.26it/s]



Memory Creation loop:  83%|████████▎ | 3562/4293 [1:49:25<22:25,  1.84s/it][A[A



  0%|          | 0/4 [00:00<?, ?it/s][A[A[A
100%|██████████| 4/4 [00:01<00:00,  3.26it/s]




  0%|          | 0/4 [00:00<?, ?it/s][A[A[A
100%|██████████| 4/4 [00:01<00:00,  3.25it/s]




  0%|          | 0/4 [00:00<?, ?it/s][A[A[A
100%|██████████| 4/4 [00:01<00:00,  3.24it/s]




  0%|          | 0/4 [00:00<?, ?it/s][A[A[A
100%|██████████| 4/4 [00:01<00:00,  3.26it/s]




  0%|          | 0/4 [00:00<?, ?it/s][A[A[A
100%|██████████| 4/4 [00:01<00:00,  3.26it/s]




  0%|          | 0/4 [00:00<?, ?it/s][A[A[A
100%|██████████| 4/4 [00:01<00:00,  3.25it/s]



Memory Creation loop:  83%|████████▎ | 3568/4293 [1:49:36<22:14,  1.84s/it][A[A



  0%|          | 0/4 [00:00<?, ?it/s][A[A[A
100%|██████████| 4/4 [00:01<00:00,  3.27it/s]




  0%|          | 0/4 [00:00<?, ?it/s][A[A[A
100%|██████████| 4/4 [00:01<00:00,  3.27it/s]




  0%|          | 0/4 [00:00<?, ?it/s][A[A[A
100%|██████████| 4/4 [00:01<00:00,  3.27it/s]




  0%|          | 0/4 [00:00<?, ?it/s][A[A[A
100%|██████████| 4/4 [00:01<00:00,  3.26it/s]




  0%|          | 0/4 [00:00<?, ?it/s][A[A[A
100%|██████████| 4/4 [00:01<00:00,  3.27it/s]




  0%|          | 0/4 [00:00<?, ?it/s][A[A[A
100%|██████████| 4/4 [00:01<00:00,  3.27it/s]



Memory Creation loop:  83%|████████▎ | 3574/4293 [1:49:47<22:02,  1.84s/it][A[A



  0%|          | 0/4 [00:00<?, ?it/s][A[A[A
100%|██████████| 4/4 [00:01<00:00,  3.26it/s]




  0%|          | 0/4 [00:00<?, ?it/s][A[A[A
100%|██████████| 4/4 [00:01<00:00,  3.26it/s]




  0%|          | 0/4 [00:00<?, ?it/s][A[A[A
100%|██████████| 4/4 [00:01<00:00,  3.26it/s]




  0%|          | 0/4 [00:00<?, ?it/s][A[A[A
100%|██████████| 4/4 [00:01<00:00,  3.25it/s]




  0%|          | 0/4 [00:00<?, ?it/s][A[A[A
100%|██████████| 4/4 [00:01<00:00,  3.26it/s]




  0%|          | 0/4 [00:00<?, ?it/s][A[A[A
100%|██████████| 4/4 [00:01<00:00,  3.25it/s]



Memory Creation loop:  83%|████████▎ | 3580/4293 [1:49:58<21:51,  1.84s/it][A[A



  0%|          | 0/4 [00:00<?, ?it/s][A[A[A
100%|██████████| 4/4 [00:01<00:00,  3.26it/s]




  0%|          | 0/4 [00:00<?, ?it/s][A[A[A
100%|██████████| 4/4 [00:01<00:00,  3.26it/s]




  0%|          | 0/4 [00:00<?, ?it/s][A[A[A
100%|██████████| 4/4 [00:01<00:00,  3.25it/s]




  0%|          | 0/4 [00:00<?, ?it/s][A[A[A
100%|██████████| 4/4 [00:01<00:00,  3.25it/s]




  0%|          | 0/4 [00:00<?, ?it/s][A[A[A
100%|██████████| 4/4 [00:01<00:00,  3.26it/s]




  0%|          | 0/4 [00:00<?, ?it/s][A[A[A
100%|██████████| 4/4 [00:01<00:00,  3.24it/s]



Memory Creation loop:  84%|████████▎ | 3586/4293 [1:50:09<21:40,  1.84s/it][A[A



  0%|          | 0/4 [00:00<?, ?it/s][A[A[A
100%|██████████| 4/4 [00:01<00:00,  3.25it/s]




  0%|          | 0/4 [00:00<?, ?it/s][A[A[A
100%|██████████| 4/4 [00:01<00:00,  3.25it/s]




  0%|          | 0/4 [00:00<?, ?it/s][A[A[A
100%|██████████| 4/4 [00:01<00:00,  3.27it/s]




  0%|          | 0/4 [00:00<?, ?it/s][A[A[A
100%|██████████| 4/4 [00:01<00:00,  3.26it/s]




  0%|          | 0/4 [00:00<?, ?it/s][A[A[A
100%|██████████| 4/4 [00:01<00:00,  3.25it/s]




  0%|          | 0/4 [00:00<?, ?it/s][A[A[A
100%|██████████| 4/4 [00:01<00:00,  3.25it/s]



Memory Creation loop:  84%|████████▎ | 3592/4293 [1:50:20<21:29,  1.84s/it][A[A



  0%|          | 0/4 [00:00<?, ?it/s][A[A[A
100%|██████████| 4/4 [00:01<00:00,  3.26it/s]




  0%|          | 0/4 [00:00<?, ?it/s][A[A[A
100%|██████████| 4/4 [00:01<00:00,  3.25it/s]




  0%|          | 0/4 [00:00<?, ?it/s][A[A[A
100%|██████████| 4/4 [00:01<00:00,  3.27it/s]




  0%|          | 0/4 [00:00<?, ?it/s][A[A[A
100%|██████████| 4/4 [00:01<00:00,  3.26it/s]




  0%|          | 0/4 [00:00<?, ?it/s][A[A[A
100%|██████████| 4/4 [00:01<00:00,  3.27it/s]




  0%|          | 0/4 [00:00<?, ?it/s][A[A[A
100%|██████████| 4/4 [00:01<00:00,  3.27it/s]



Memory Creation loop:  84%|████████▍ | 3598/4293 [1:50:31<21:17,  1.84s/it][A[A



  0%|          | 0/4 [00:00<?, ?it/s][A[A[A
100%|██████████| 4/4 [00:01<00:00,  3.26it/s]




  0%|          | 0/4 [00:00<?, ?it/s][A[A[A
100%|██████████| 4/4 [00:01<00:00,  3.26it/s]




  0%|          | 0/4 [00:00<?, ?it/s][A[A[A
100%|██████████| 4/4 [00:01<00:00,  3.26it/s]




  0%|          | 0/4 [00:00<?, ?it/s][A[A[A
100%|██████████| 4/4 [00:01<00:00,  3.26it/s]




  0%|          | 0/4 [00:00<?, ?it/s][A[A[A
100%|██████████| 4/4 [00:01<00:00,  3.26it/s]




  0%|          | 0/4 [00:00<?, ?it/s][A[A[A
100%|██████████| 4/4 [00:01<00:00,  3.25it/s]



Memory Creation loop:  84%|████████▍ | 3604/4293 [1:50:42<21:06,  1.84s/it][A[A



  0%|          | 0/4 [00:00<?, ?it/s][A[A[A
100%|██████████| 4/4 [00:01<00:00,  3.26it/s]




  0%|          | 0/4 [00:00<?, ?it/s][A[A[A
100%|██████████| 4/4 [00:01<00:00,  3.25it/s]




  0%|          | 0/4 [00:00<?, ?it/s][A[A[A
100%|██████████| 4/4 [00:01<00:00,  3.25it/s]




  0%|          | 0/4 [00:00<?, ?it/s][A[A[A
100%|██████████| 4/4 [00:01<00:00,  3.25it/s]




  0%|          | 0/4 [00:00<?, ?it/s][A[A[A
100%|██████████| 4/4 [00:01<00:00,  3.26it/s]




  0%|          | 0/4 [00:00<?, ?it/s][A[A[A


Memory Creation loop:  84%|████████▍ | 3604/4293 [1:50:52<21:06,  1.84s/it][A[A
100%|██████████| 4/4 [00:01<00:00,  3.26it/s]



Memory Creation loop:  84%|████████▍ | 3610/4293 [1:50:53<20:56,  1.84s/it][A[A



  0%|          | 0/4 [00:00<?, ?it/s][A[A[A
100%|██████████| 4/4 [00:01<00:00,  3.25it/s]




  0%|          | 0/4 [00:00<?, ?it/s][A[A[A
100%|██████████| 4/4 [00:01<00:00,  3.25it/s]




  0%|          | 0/4 [00:00<?, ?it/s][A[A[A
100%|██████████| 4/4 [00:01<00:00,  3.26it/s]




  0%|          | 0/4 [00:00<?, ?it/s][A[A[A
100%|██████████| 4/4 [00:01<00:00,  3.26it/s]




  0%|          | 0/4 [00:00<?, ?it/s][A[A[A
100%|██████████| 4/4 [00:01<00:00,  3.25it/s]




  0%|          | 0/4 [00:00<?, ?it/s][A[A[A
100%|██████████| 4/4 [00:01<00:00,  3.25it/s]



Memory Creation loop:  84%|████████▍ | 3616/4293 [1:51:04<20:45,  1.84s/it][A[A



  0%|          | 0/4 [00:00<?, ?it/s][A[A[A
100%|██████████| 4/4 [00:01<00:00,  3.26it/s]




  0%|          | 0/4 [00:00<?, ?it/s][A[A[A
100%|██████████| 4/4 [00:01<00:00,  3.25it/s]




  0%|          | 0/4 [00:00<?, ?it/s][A[A[A
100%|██████████| 4/4 [00:01<00:00,  3.26it/s]




  0%|          | 0/4 [00:00<?, ?it/s][A[A[A
100%|██████████| 4/4 [00:01<00:00,  3.26it/s]




  0%|          | 0/4 [00:00<?, ?it/s][A[A[A
100%|██████████| 4/4 [00:01<00:00,  3.26it/s]




  0%|          | 0/4 [00:00<?, ?it/s][A[A[A
100%|██████████| 4/4 [00:01<00:00,  3.26it/s]



Memory Creation loop:  84%|████████▍ | 3622/4293 [1:51:15<20:34,  1.84s/it][A[A



  0%|          | 0/4 [00:00<?, ?it/s][A[A[A
100%|██████████| 4/4 [00:01<00:00,  3.25it/s]




  0%|          | 0/4 [00:00<?, ?it/s][A[A[A
100%|██████████| 4/4 [00:01<00:00,  3.24it/s]




  0%|          | 0/4 [00:00<?, ?it/s][A[A[A
100%|██████████| 4/4 [00:01<00:00,  3.24it/s]




  0%|          | 0/4 [00:00<?, ?it/s][A[A[A
100%|██████████| 4/4 [00:01<00:00,  3.26it/s]




  0%|          | 0/4 [00:00<?, ?it/s][A[A[A
100%|██████████| 4/4 [00:01<00:00,  3.25it/s]




  0%|          | 0/4 [00:00<?, ?it/s][A[A[A
100%|██████████| 4/4 [00:01<00:00,  3.25it/s]



Memory Creation loop:  85%|████████▍ | 3628/4293 [1:51:26<20:23,  1.84s/it][A[A



  0%|          | 0/4 [00:00<?, ?it/s][A[A[A
100%|██████████| 4/4 [00:01<00:00,  3.26it/s]




  0%|          | 0/4 [00:00<?, ?it/s][A[A[A
100%|██████████| 4/4 [00:01<00:00,  3.26it/s]




  0%|          | 0/4 [00:00<?, ?it/s][A[A[A
100%|██████████| 4/4 [00:01<00:00,  3.26it/s]




  0%|          | 0/4 [00:00<?, ?it/s][A[A[A
100%|██████████| 4/4 [00:01<00:00,  3.26it/s]




  0%|          | 0/4 [00:00<?, ?it/s][A[A[A
100%|██████████| 4/4 [00:01<00:00,  3.26it/s]




  0%|          | 0/4 [00:00<?, ?it/s][A[A[A
100%|██████████| 4/4 [00:01<00:00,  3.26it/s]



Memory Creation loop:  85%|████████▍ | 3634/4293 [1:51:37<20:12,  1.84s/it][A[A



  0%|          | 0/4 [00:00<?, ?it/s][A[A[A
100%|██████████| 4/4 [00:01<00:00,  3.26it/s]




  0%|          | 0/4 [00:00<?, ?it/s][A[A[A
100%|██████████| 4/4 [00:01<00:00,  3.25it/s]




  0%|          | 0/4 [00:00<?, ?it/s][A[A[A
100%|██████████| 4/4 [00:01<00:00,  3.26it/s]




  0%|          | 0/4 [00:00<?, ?it/s][A[A[A
100%|██████████| 4/4 [00:01<00:00,  3.26it/s]




  0%|          | 0/4 [00:00<?, ?it/s][A[A[A
100%|██████████| 4/4 [00:01<00:00,  3.25it/s]




  0%|          | 0/4 [00:00<?, ?it/s][A[A[A
100%|██████████| 4/4 [00:01<00:00,  3.25it/s]



Memory Creation loop:  85%|████████▍ | 3640/4293 [1:51:48<20:01,  1.84s/it][A[A



  0%|          | 0/4 [00:00<?, ?it/s][A[A[A
100%|██████████| 4/4 [00:01<00:00,  3.25it/s]




  0%|          | 0/4 [00:00<?, ?it/s][A[A[A
100%|██████████| 4/4 [00:01<00:00,  3.26it/s]




  0%|          | 0/4 [00:00<?, ?it/s][A[A[A
100%|██████████| 4/4 [00:01<00:00,  3.26it/s]




  0%|          | 0/4 [00:00<?, ?it/s][A[A[A
100%|██████████| 4/4 [00:01<00:00,  3.25it/s]




  0%|          | 0/4 [00:00<?, ?it/s][A[A[A
100%|██████████| 4/4 [00:01<00:00,  3.27it/s]




  0%|          | 0/4 [00:00<?, ?it/s][A[A[A
100%|██████████| 4/4 [00:01<00:00,  3.26it/s]



Memory Creation loop:  85%|████████▍ | 3646/4293 [1:52:00<19:50,  1.84s/it][A[A



  0%|          | 0/4 [00:00<?, ?it/s][A[A[A
100%|██████████| 4/4 [00:01<00:00,  3.26it/s]




  0%|          | 0/4 [00:00<?, ?it/s][A[A[A
100%|██████████| 4/4 [00:01<00:00,  3.25it/s]




  0%|          | 0/4 [00:00<?, ?it/s][A[A[A
100%|██████████| 4/4 [00:01<00:00,  3.26it/s]




  0%|          | 0/4 [00:00<?, ?it/s][A[A[A
100%|██████████| 4/4 [00:01<00:00,  3.25it/s]




  0%|          | 0/4 [00:00<?, ?it/s][A[A[A
100%|██████████| 4/4 [00:01<00:00,  3.26it/s]




  0%|          | 0/4 [00:00<?, ?it/s][A[A[A
100%|██████████| 4/4 [00:01<00:00,  3.26it/s]



Memory Creation loop:  85%|████████▌ | 3652/4293 [1:52:11<19:39,  1.84s/it][A[A



  0%|          | 0/4 [00:00<?, ?it/s][A[A[A
100%|██████████| 4/4 [00:01<00:00,  3.26it/s]




  0%|          | 0/4 [00:00<?, ?it/s][A[A[A
100%|██████████| 4/4 [00:01<00:00,  3.26it/s]




  0%|          | 0/4 [00:00<?, ?it/s][A[A[A
100%|██████████| 4/4 [00:01<00:00,  3.25it/s]




  0%|          | 0/4 [00:00<?, ?it/s][A[A[A
100%|██████████| 4/4 [00:01<00:00,  3.25it/s]




  0%|          | 0/4 [00:00<?, ?it/s][A[A[A
100%|██████████| 4/4 [00:01<00:00,  3.26it/s]




  0%|          | 0/4 [00:00<?, ?it/s][A[A[A
100%|██████████| 4/4 [00:01<00:00,  3.25it/s]



Memory Creation loop:  85%|████████▌ | 3658/4293 [1:52:22<19:28,  1.84s/it][A[A



  0%|          | 0/4 [00:00<?, ?it/s][A[A[A
100%|██████████| 4/4 [00:01<00:00,  3.26it/s]




  0%|          | 0/4 [00:00<?, ?it/s][A[A[A
100%|██████████| 4/4 [00:01<00:00,  3.25it/s]




  0%|          | 0/4 [00:00<?, ?it/s][A[A[A
100%|██████████| 4/4 [00:01<00:00,  3.25it/s]




  0%|          | 0/4 [00:00<?, ?it/s][A[A[A
100%|██████████| 4/4 [00:01<00:00,  3.26it/s]




  0%|          | 0/4 [00:00<?, ?it/s][A[A[A
100%|██████████| 4/4 [00:01<00:00,  3.26it/s]




  0%|          | 0/4 [00:00<?, ?it/s][A[A[A


Memory Creation loop:  85%|████████▌ | 3658/4293 [1:52:32<19:28,  1.84s/it][A[A
100%|██████████| 4/4 [00:01<00:00,  3.25it/s]



Memory Creation loop:  85%|████████▌ | 3664/4293 [1:52:33<19:17,  1.84s/it][A[A



  0%|          | 0/4 [00:00<?, ?it/s][A[A[A
100%|██████████| 4/4 [00:01<00:00,  3.26it/s]




  0%|          | 0/4 [00:00<?, ?it/s][A[A[A
100%|██████████| 4/4 [00:01<00:00,  3.21it/s]




  0%|          | 0/4 [00:00<?, ?it/s][A[A[A
100%|██████████| 4/4 [00:01<00:00,  3.26it/s]




  0%|          | 0/4 [00:00<?, ?it/s][A[A[A
100%|██████████| 4/4 [00:01<00:00,  3.25it/s]




  0%|          | 0/4 [00:00<?, ?it/s][A[A[A
100%|██████████| 4/4 [00:01<00:00,  3.27it/s]




  0%|          | 0/4 [00:00<?, ?it/s][A[A[A
100%|██████████| 4/4 [00:01<00:00,  3.26it/s]



Memory Creation loop:  85%|████████▌ | 3670/4293 [1:52:44<19:06,  1.84s/it][A[A



  0%|          | 0/4 [00:00<?, ?it/s][A[A[A
100%|██████████| 4/4 [00:01<00:00,  3.25it/s]




  0%|          | 0/4 [00:00<?, ?it/s][A[A[A
100%|██████████| 4/4 [00:01<00:00,  3.25it/s]




  0%|          | 0/4 [00:00<?, ?it/s][A[A[A
100%|██████████| 4/4 [00:01<00:00,  3.24it/s]




  0%|          | 0/4 [00:00<?, ?it/s][A[A[A
100%|██████████| 4/4 [00:01<00:00,  3.25it/s]




  0%|          | 0/4 [00:00<?, ?it/s][A[A[A
100%|██████████| 4/4 [00:01<00:00,  3.26it/s]




  0%|          | 0/4 [00:00<?, ?it/s][A[A[A
100%|██████████| 4/4 [00:01<00:00,  3.26it/s]



Memory Creation loop:  86%|████████▌ | 3676/4293 [1:52:55<18:55,  1.84s/it][A[A



  0%|          | 0/4 [00:00<?, ?it/s][A[A[A
100%|██████████| 4/4 [00:01<00:00,  3.26it/s]




  0%|          | 0/4 [00:00<?, ?it/s][A[A[A
100%|██████████| 4/4 [00:01<00:00,  3.27it/s]




  0%|          | 0/4 [00:00<?, ?it/s][A[A[A
100%|██████████| 4/4 [00:01<00:00,  3.25it/s]




  0%|          | 0/4 [00:00<?, ?it/s][A[A[A
100%|██████████| 4/4 [00:01<00:00,  3.26it/s]




  0%|          | 0/4 [00:00<?, ?it/s][A[A[A
100%|██████████| 4/4 [00:01<00:00,  3.26it/s]




  0%|          | 0/4 [00:00<?, ?it/s][A[A[A
100%|██████████| 4/4 [00:01<00:00,  3.25it/s]



Memory Creation loop:  86%|████████▌ | 3682/4293 [1:53:06<18:44,  1.84s/it][A[A



  0%|          | 0/4 [00:00<?, ?it/s][A[A[A
100%|██████████| 4/4 [00:01<00:00,  3.25it/s]




  0%|          | 0/4 [00:00<?, ?it/s][A[A[A
100%|██████████| 4/4 [00:01<00:00,  3.26it/s]




  0%|          | 0/4 [00:00<?, ?it/s][A[A[A
100%|██████████| 4/4 [00:01<00:00,  3.28it/s]




  0%|          | 0/4 [00:00<?, ?it/s][A[A[A
100%|██████████| 4/4 [00:01<00:00,  3.27it/s]




  0%|          | 0/4 [00:00<?, ?it/s][A[A[A
100%|██████████| 4/4 [00:01<00:00,  3.27it/s]




  0%|          | 0/4 [00:00<?, ?it/s][A[A[A
100%|██████████| 4/4 [00:01<00:00,  3.27it/s]



Memory Creation loop:  86%|████████▌ | 3688/4293 [1:53:17<18:32,  1.84s/it][A[A



  0%|          | 0/4 [00:00<?, ?it/s][A[A[A
100%|██████████| 4/4 [00:01<00:00,  3.27it/s]




  0%|          | 0/4 [00:00<?, ?it/s][A[A[A
100%|██████████| 4/4 [00:01<00:00,  3.26it/s]




  0%|          | 0/4 [00:00<?, ?it/s][A[A[A
100%|██████████| 4/4 [00:01<00:00,  3.26it/s]




  0%|          | 0/4 [00:00<?, ?it/s][A[A[A
100%|██████████| 4/4 [00:01<00:00,  3.26it/s]




  0%|          | 0/4 [00:00<?, ?it/s][A[A[A
100%|██████████| 4/4 [00:01<00:00,  3.27it/s]




  0%|          | 0/4 [00:00<?, ?it/s][A[A[A
100%|██████████| 4/4 [00:01<00:00,  3.27it/s]



Memory Creation loop:  86%|████████▌ | 3694/4293 [1:53:28<18:20,  1.84s/it][A[A



  0%|          | 0/4 [00:00<?, ?it/s][A[A[A
100%|██████████| 4/4 [00:01<00:00,  3.26it/s]




  0%|          | 0/4 [00:00<?, ?it/s][A[A[A
100%|██████████| 4/4 [00:01<00:00,  3.25it/s]




  0%|          | 0/4 [00:00<?, ?it/s][A[A[A
100%|██████████| 4/4 [00:01<00:00,  3.26it/s]




  0%|          | 0/4 [00:00<?, ?it/s][A[A[A
100%|██████████| 4/4 [00:01<00:00,  3.25it/s]




  0%|          | 0/4 [00:00<?, ?it/s][A[A[A
100%|██████████| 4/4 [00:01<00:00,  3.27it/s]




  0%|          | 0/4 [00:00<?, ?it/s][A[A[A
100%|██████████| 4/4 [00:01<00:00,  3.25it/s]



Memory Creation loop:  86%|████████▌ | 3700/4293 [1:53:39<18:10,  1.84s/it][A[A



  0%|          | 0/4 [00:00<?, ?it/s][A[A[A
100%|██████████| 4/4 [00:01<00:00,  3.26it/s]




  0%|          | 0/4 [00:00<?, ?it/s][A[A[A
100%|██████████| 4/4 [00:01<00:00,  3.26it/s]




  0%|          | 0/4 [00:00<?, ?it/s][A[A[A
100%|██████████| 4/4 [00:01<00:00,  3.26it/s]




  0%|          | 0/4 [00:00<?, ?it/s][A[A[A
100%|██████████| 4/4 [00:01<00:00,  3.25it/s]




  0%|          | 0/4 [00:00<?, ?it/s][A[A[A
100%|██████████| 4/4 [00:01<00:00,  3.26it/s]




  0%|          | 0/4 [00:00<?, ?it/s][A[A[A
100%|██████████| 4/4 [00:01<00:00,  3.26it/s]



Memory Creation loop:  86%|████████▋ | 3706/4293 [1:53:50<17:58,  1.84s/it][A[A



  0%|          | 0/4 [00:00<?, ?it/s][A[A[A
100%|██████████| 4/4 [00:01<00:00,  3.26it/s]




  0%|          | 0/4 [00:00<?, ?it/s][A[A[A
100%|██████████| 4/4 [00:01<00:00,  3.26it/s]




  0%|          | 0/4 [00:00<?, ?it/s][A[A[A
100%|██████████| 4/4 [00:01<00:00,  3.27it/s]




  0%|          | 0/4 [00:00<?, ?it/s][A[A[A
100%|██████████| 4/4 [00:01<00:00,  3.26it/s]




  0%|          | 0/4 [00:00<?, ?it/s][A[A[A
100%|██████████| 4/4 [00:01<00:00,  3.25it/s]




  0%|          | 0/4 [00:00<?, ?it/s][A[A[A
100%|██████████| 4/4 [00:01<00:00,  3.25it/s]



Memory Creation loop:  86%|████████▋ | 3712/4293 [1:54:01<17:48,  1.84s/it][A[A



  0%|          | 0/4 [00:00<?, ?it/s][A[A[A
100%|██████████| 4/4 [00:01<00:00,  3.26it/s]




  0%|          | 0/4 [00:00<?, ?it/s][A[A[A
100%|██████████| 4/4 [00:01<00:00,  3.23it/s]




  0%|          | 0/4 [00:00<?, ?it/s][A[A[A
100%|██████████| 4/4 [00:01<00:00,  3.23it/s]




  0%|          | 0/4 [00:00<?, ?it/s][A[A[A
100%|██████████| 4/4 [00:01<00:00,  3.25it/s]




  0%|          | 0/4 [00:00<?, ?it/s][A[A[A
100%|██████████| 4/4 [00:01<00:00,  3.26it/s]




  0%|          | 0/4 [00:00<?, ?it/s][A[A[A
100%|██████████| 4/4 [00:01<00:00,  3.25it/s]



Memory Creation loop:  87%|████████▋ | 3718/4293 [1:54:12<17:38,  1.84s/it][A[A



  0%|          | 0/4 [00:00<?, ?it/s][A[A[A
100%|██████████| 4/4 [00:01<00:00,  3.25it/s]




  0%|          | 0/4 [00:00<?, ?it/s][A[A[A
100%|██████████| 4/4 [00:01<00:00,  3.25it/s]




  0%|          | 0/4 [00:00<?, ?it/s][A[A[A
100%|██████████| 4/4 [00:01<00:00,  3.24it/s]




  0%|          | 0/4 [00:00<?, ?it/s][A[A[A
100%|██████████| 4/4 [00:01<00:00,  3.25it/s]




  0%|          | 0/4 [00:00<?, ?it/s][A[A[A
100%|██████████| 4/4 [00:01<00:00,  3.26it/s]




  0%|          | 0/4 [00:00<?, ?it/s][A[A[A


Memory Creation loop:  87%|████████▋ | 3718/4293 [1:54:22<17:38,  1.84s/it][A[A
100%|██████████| 4/4 [00:01<00:00,  3.25it/s]



Memory Creation loop:  87%|████████▋ | 3724/4293 [1:54:23<17:28,  1.84s/it][A[A



  0%|          | 0/4 [00:00<?, ?it/s][A[A[A
100%|██████████| 4/4 [00:01<00:00,  3.26it/s]




  0%|          | 0/4 [00:00<?, ?it/s][A[A[A
100%|██████████| 4/4 [00:01<00:00,  3.27it/s]




  0%|          | 0/4 [00:00<?, ?it/s][A[A[A
100%|██████████| 4/4 [00:01<00:00,  3.26it/s]




  0%|          | 0/4 [00:00<?, ?it/s][A[A[A
100%|██████████| 4/4 [00:01<00:00,  3.25it/s]




  0%|          | 0/4 [00:00<?, ?it/s][A[A[A
100%|██████████| 4/4 [00:01<00:00,  3.25it/s]




  0%|          | 0/4 [00:00<?, ?it/s][A[A[A
100%|██████████| 4/4 [00:01<00:00,  3.25it/s]



Memory Creation loop:  87%|████████▋ | 3730/4293 [1:54:34<17:16,  1.84s/it][A[A



  0%|          | 0/4 [00:00<?, ?it/s][A[A[A
100%|██████████| 4/4 [00:01<00:00,  3.24it/s]




  0%|          | 0/4 [00:00<?, ?it/s][A[A[A
100%|██████████| 4/4 [00:01<00:00,  3.25it/s]




  0%|          | 0/4 [00:00<?, ?it/s][A[A[A
100%|██████████| 4/4 [00:01<00:00,  3.26it/s]




  0%|          | 0/4 [00:00<?, ?it/s][A[A[A
100%|██████████| 4/4 [00:01<00:00,  3.26it/s]




  0%|          | 0/4 [00:00<?, ?it/s][A[A[A
100%|██████████| 4/4 [00:01<00:00,  3.26it/s]




  0%|          | 0/4 [00:00<?, ?it/s][A[A[A
100%|██████████| 4/4 [00:01<00:00,  3.25it/s]



Memory Creation loop:  87%|████████▋ | 3736/4293 [1:54:45<17:05,  1.84s/it][A[A



  0%|          | 0/4 [00:00<?, ?it/s][A[A[A
100%|██████████| 4/4 [00:01<00:00,  3.25it/s]




  0%|          | 0/4 [00:00<?, ?it/s][A[A[A
100%|██████████| 4/4 [00:01<00:00,  3.25it/s]




  0%|          | 0/4 [00:00<?, ?it/s][A[A[A
100%|██████████| 4/4 [00:01<00:00,  3.26it/s]




  0%|          | 0/4 [00:00<?, ?it/s][A[A[A
100%|██████████| 4/4 [00:01<00:00,  3.26it/s]




  0%|          | 0/4 [00:00<?, ?it/s][A[A[A
100%|██████████| 4/4 [00:01<00:00,  3.27it/s]




  0%|          | 0/4 [00:00<?, ?it/s][A[A[A
100%|██████████| 4/4 [00:01<00:00,  3.26it/s]



Memory Creation loop:  87%|████████▋ | 3742/4293 [1:54:56<16:54,  1.84s/it][A[A



  0%|          | 0/4 [00:00<?, ?it/s][A[A[A
100%|██████████| 4/4 [00:01<00:00,  3.25it/s]




  0%|          | 0/4 [00:00<?, ?it/s][A[A[A
100%|██████████| 4/4 [00:01<00:00,  3.26it/s]




  0%|          | 0/4 [00:00<?, ?it/s][A[A[A
100%|██████████| 4/4 [00:01<00:00,  3.26it/s]




  0%|          | 0/4 [00:00<?, ?it/s][A[A[A
100%|██████████| 4/4 [00:01<00:00,  3.25it/s]




  0%|          | 0/4 [00:00<?, ?it/s][A[A[A
100%|██████████| 4/4 [00:01<00:00,  3.27it/s]




  0%|          | 0/4 [00:00<?, ?it/s][A[A[A
100%|██████████| 4/4 [00:01<00:00,  3.27it/s]



Memory Creation loop:  87%|████████▋ | 3748/4293 [1:55:07<16:42,  1.84s/it][A[A



  0%|          | 0/4 [00:00<?, ?it/s][A[A[A
100%|██████████| 4/4 [00:01<00:00,  3.27it/s]




  0%|          | 0/4 [00:00<?, ?it/s][A[A[A
100%|██████████| 4/4 [00:01<00:00,  3.27it/s]




  0%|          | 0/4 [00:00<?, ?it/s][A[A[A
100%|██████████| 4/4 [00:01<00:00,  3.26it/s]




  0%|          | 0/4 [00:00<?, ?it/s][A[A[A
100%|██████████| 4/4 [00:01<00:00,  3.26it/s]




  0%|          | 0/4 [00:00<?, ?it/s][A[A[A
100%|██████████| 4/4 [00:01<00:00,  3.26it/s]




  0%|          | 0/4 [00:00<?, ?it/s][A[A[A
100%|██████████| 4/4 [00:01<00:00,  3.25it/s]



Memory Creation loop:  87%|████████▋ | 3754/4293 [1:55:18<16:31,  1.84s/it][A[A



  0%|          | 0/4 [00:00<?, ?it/s][A[A[A
100%|██████████| 4/4 [00:01<00:00,  3.26it/s]




  0%|          | 0/4 [00:00<?, ?it/s][A[A[A
100%|██████████| 4/4 [00:01<00:00,  3.26it/s]




  0%|          | 0/4 [00:00<?, ?it/s][A[A[A
100%|██████████| 4/4 [00:01<00:00,  3.27it/s]




  0%|          | 0/4 [00:00<?, ?it/s][A[A[A
100%|██████████| 4/4 [00:01<00:00,  3.26it/s]




  0%|          | 0/4 [00:00<?, ?it/s][A[A[A
100%|██████████| 4/4 [00:01<00:00,  3.26it/s]




  0%|          | 0/4 [00:00<?, ?it/s][A[A[A
100%|██████████| 4/4 [00:01<00:00,  3.25it/s]



Memory Creation loop:  88%|████████▊ | 3760/4293 [1:55:29<16:20,  1.84s/it][A[A



  0%|          | 0/4 [00:00<?, ?it/s][A[A[A
100%|██████████| 4/4 [00:01<00:00,  3.26it/s]




  0%|          | 0/4 [00:00<?, ?it/s][A[A[A
100%|██████████| 4/4 [00:01<00:00,  3.25it/s]




  0%|          | 0/4 [00:00<?, ?it/s][A[A[A
100%|██████████| 4/4 [00:01<00:00,  3.26it/s]




  0%|          | 0/4 [00:00<?, ?it/s][A[A[A
100%|██████████| 4/4 [00:01<00:00,  3.25it/s]




  0%|          | 0/4 [00:00<?, ?it/s][A[A[A
100%|██████████| 4/4 [00:01<00:00,  3.26it/s]




  0%|          | 0/4 [00:00<?, ?it/s][A[A[A
100%|██████████| 4/4 [00:01<00:00,  3.26it/s]



Memory Creation loop:  88%|████████▊ | 3766/4293 [1:55:40<16:09,  1.84s/it][A[A



  0%|          | 0/4 [00:00<?, ?it/s][A[A[A
100%|██████████| 4/4 [00:01<00:00,  3.25it/s]




  0%|          | 0/4 [00:00<?, ?it/s][A[A[A
100%|██████████| 4/4 [00:01<00:00,  3.26it/s]




  0%|          | 0/4 [00:00<?, ?it/s][A[A[A
100%|██████████| 4/4 [00:01<00:00,  3.26it/s]




  0%|          | 0/4 [00:00<?, ?it/s][A[A[A
100%|██████████| 4/4 [00:01<00:00,  3.26it/s]




  0%|          | 0/4 [00:00<?, ?it/s][A[A[A
100%|██████████| 4/4 [00:01<00:00,  3.25it/s]




  0%|          | 0/4 [00:00<?, ?it/s][A[A[A
100%|██████████| 4/4 [00:01<00:00,  3.25it/s]



Memory Creation loop:  88%|████████▊ | 3772/4293 [1:55:51<15:58,  1.84s/it][A[A



  0%|          | 0/4 [00:00<?, ?it/s][A[A[A
100%|██████████| 4/4 [00:01<00:00,  3.26it/s]




  0%|          | 0/4 [00:00<?, ?it/s][A[A[A
100%|██████████| 4/4 [00:01<00:00,  3.26it/s]




  0%|          | 0/4 [00:00<?, ?it/s][A[A[A
100%|██████████| 4/4 [00:01<00:00,  3.25it/s]




  0%|          | 0/4 [00:00<?, ?it/s][A[A[A
100%|██████████| 4/4 [00:01<00:00,  3.25it/s]




  0%|          | 0/4 [00:00<?, ?it/s][A[A[A
100%|██████████| 4/4 [00:01<00:00,  3.25it/s]




  0%|          | 0/4 [00:00<?, ?it/s][A[A[A


Memory Creation loop:  88%|████████▊ | 3772/4293 [1:56:02<15:58,  1.84s/it][A[A
100%|██████████| 4/4 [00:01<00:00,  3.25it/s]



Memory Creation loop:  88%|████████▊ | 3778/4293 [1:56:02<15:47,  1.84s/it][A[A



  0%|          | 0/4 [00:00<?, ?it/s][A[A[A
100%|██████████| 4/4 [00:01<00:00,  3.17it/s]




  0%|          | 0/4 [00:00<?, ?it/s][A[A[A
100%|██████████| 4/4 [00:01<00:00,  3.24it/s]




  0%|          | 0/4 [00:00<?, ?it/s][A[A[A
100%|██████████| 4/4 [00:01<00:00,  3.28it/s]




  0%|          | 0/4 [00:00<?, ?it/s][A[A[A
100%|██████████| 4/4 [00:01<00:00,  3.28it/s]




  0%|          | 0/4 [00:00<?, ?it/s][A[A[A
100%|██████████| 4/4 [00:01<00:00,  3.25it/s]




  0%|          | 0/4 [00:00<?, ?it/s][A[A[A
100%|██████████| 4/4 [00:01<00:00,  3.24it/s]



Memory Creation loop:  88%|████████▊ | 3784/4293 [1:56:13<15:37,  1.84s/it][A[A



  0%|          | 0/4 [00:00<?, ?it/s][A[A[A
100%|██████████| 4/4 [00:01<00:00,  3.25it/s]




  0%|          | 0/4 [00:00<?, ?it/s][A[A[A
100%|██████████| 4/4 [00:01<00:00,  3.26it/s]




  0%|          | 0/4 [00:00<?, ?it/s][A[A[A
100%|██████████| 4/4 [00:01<00:00,  3.26it/s]




  0%|          | 0/4 [00:00<?, ?it/s][A[A[A
100%|██████████| 4/4 [00:01<00:00,  3.26it/s]




  0%|          | 0/4 [00:00<?, ?it/s][A[A[A
100%|██████████| 4/4 [00:01<00:00,  3.26it/s]




  0%|          | 0/4 [00:00<?, ?it/s][A[A[A
100%|██████████| 4/4 [00:01<00:00,  3.27it/s]



Memory Creation loop:  88%|████████▊ | 3790/4293 [1:56:24<15:26,  1.84s/it][A[A



  0%|          | 0/4 [00:00<?, ?it/s][A[A[A
100%|██████████| 4/4 [00:01<00:00,  3.26it/s]




  0%|          | 0/4 [00:00<?, ?it/s][A[A[A
100%|██████████| 4/4 [00:01<00:00,  3.24it/s]




  0%|          | 0/4 [00:00<?, ?it/s][A[A[A
100%|██████████| 4/4 [00:01<00:00,  3.25it/s]




  0%|          | 0/4 [00:00<?, ?it/s][A[A[A
100%|██████████| 4/4 [00:01<00:00,  3.27it/s]




  0%|          | 0/4 [00:00<?, ?it/s][A[A[A
100%|██████████| 4/4 [00:01<00:00,  3.27it/s]




  0%|          | 0/4 [00:00<?, ?it/s][A[A[A
100%|██████████| 4/4 [00:01<00:00,  3.27it/s]



Memory Creation loop:  88%|████████▊ | 3796/4293 [1:56:36<15:14,  1.84s/it][A[A



  0%|          | 0/4 [00:00<?, ?it/s][A[A[A
100%|██████████| 4/4 [00:01<00:00,  3.28it/s]




  0%|          | 0/4 [00:00<?, ?it/s][A[A[A
100%|██████████| 4/4 [00:01<00:00,  3.27it/s]




  0%|          | 0/4 [00:00<?, ?it/s][A[A[A
100%|██████████| 4/4 [00:01<00:00,  3.26it/s]




  0%|          | 0/4 [00:00<?, ?it/s][A[A[A
100%|██████████| 4/4 [00:01<00:00,  3.26it/s]




  0%|          | 0/4 [00:00<?, ?it/s][A[A[A
100%|██████████| 4/4 [00:01<00:00,  3.27it/s]




  0%|          | 0/4 [00:00<?, ?it/s][A[A[A
100%|██████████| 4/4 [00:01<00:00,  3.26it/s]



Memory Creation loop:  89%|████████▊ | 3802/4293 [1:56:47<15:02,  1.84s/it][A[A



  0%|          | 0/4 [00:00<?, ?it/s][A[A[A
100%|██████████| 4/4 [00:01<00:00,  3.26it/s]




  0%|          | 0/4 [00:00<?, ?it/s][A[A[A
100%|██████████| 4/4 [00:01<00:00,  3.26it/s]




  0%|          | 0/4 [00:00<?, ?it/s][A[A[A
100%|██████████| 4/4 [00:01<00:00,  3.27it/s]




  0%|          | 0/4 [00:00<?, ?it/s][A[A[A
100%|██████████| 4/4 [00:01<00:00,  3.26it/s]




  0%|          | 0/4 [00:00<?, ?it/s][A[A[A
100%|██████████| 4/4 [00:01<00:00,  3.25it/s]




  0%|          | 0/4 [00:00<?, ?it/s][A[A[A
100%|██████████| 4/4 [00:01<00:00,  3.25it/s]



Memory Creation loop:  89%|████████▊ | 3808/4293 [1:56:58<14:52,  1.84s/it][A[A



  0%|          | 0/4 [00:00<?, ?it/s][A[A[A
100%|██████████| 4/4 [00:01<00:00,  3.25it/s]




  0%|          | 0/4 [00:00<?, ?it/s][A[A[A
100%|██████████| 4/4 [00:01<00:00,  3.25it/s]




  0%|          | 0/4 [00:00<?, ?it/s][A[A[A
100%|██████████| 4/4 [00:01<00:00,  3.26it/s]




  0%|          | 0/4 [00:00<?, ?it/s][A[A[A
100%|██████████| 4/4 [00:01<00:00,  3.25it/s]




  0%|          | 0/4 [00:00<?, ?it/s][A[A[A
100%|██████████| 4/4 [00:01<00:00,  3.08it/s]




  0%|          | 0/4 [00:00<?, ?it/s][A[A[A
100%|██████████| 4/4 [00:01<00:00,  3.26it/s]



Memory Creation loop:  89%|████████▉ | 3814/4293 [1:57:09<14:42,  1.84s/it][A[A



  0%|          | 0/4 [00:00<?, ?it/s][A[A[A
100%|██████████| 4/4 [00:01<00:00,  3.26it/s]




  0%|          | 0/4 [00:00<?, ?it/s][A[A[A
100%|██████████| 4/4 [00:01<00:00,  3.25it/s]




  0%|          | 0/4 [00:00<?, ?it/s][A[A[A
100%|██████████| 4/4 [00:01<00:00,  3.26it/s]




  0%|          | 0/4 [00:00<?, ?it/s][A[A[A
100%|██████████| 4/4 [00:01<00:00,  3.25it/s]




  0%|          | 0/4 [00:00<?, ?it/s][A[A[A
100%|██████████| 4/4 [00:01<00:00,  3.26it/s]




  0%|          | 0/4 [00:00<?, ?it/s][A[A[A
100%|██████████| 4/4 [00:01<00:00,  3.24it/s]



Memory Creation loop:  89%|████████▉ | 3820/4293 [1:57:20<14:31,  1.84s/it][A[A



  0%|          | 0/4 [00:00<?, ?it/s][A[A[A
100%|██████████| 4/4 [00:01<00:00,  3.26it/s]




  0%|          | 0/4 [00:00<?, ?it/s][A[A[A
100%|██████████| 4/4 [00:01<00:00,  3.26it/s]




  0%|          | 0/4 [00:00<?, ?it/s][A[A[A
100%|██████████| 4/4 [00:01<00:00,  3.25it/s]




  0%|          | 0/4 [00:00<?, ?it/s][A[A[A
100%|██████████| 4/4 [00:01<00:00,  3.25it/s]




  0%|          | 0/4 [00:00<?, ?it/s][A[A[A
100%|██████████| 4/4 [00:01<00:00,  3.26it/s]




  0%|          | 0/4 [00:00<?, ?it/s][A[A[A
100%|██████████| 4/4 [00:01<00:00,  3.25it/s]



Memory Creation loop:  89%|████████▉ | 3826/4293 [1:57:31<14:20,  1.84s/it][A[A



  0%|          | 0/4 [00:00<?, ?it/s][A[A[A
100%|██████████| 4/4 [00:01<00:00,  3.25it/s]




  0%|          | 0/4 [00:00<?, ?it/s][A[A[A
100%|██████████| 4/4 [00:01<00:00,  3.25it/s]




  0%|          | 0/4 [00:00<?, ?it/s][A[A[A
100%|██████████| 4/4 [00:01<00:00,  3.26it/s]




  0%|          | 0/4 [00:00<?, ?it/s][A[A[A
100%|██████████| 4/4 [00:01<00:00,  3.26it/s]




  0%|          | 0/4 [00:00<?, ?it/s][A[A[A
100%|██████████| 4/4 [00:01<00:00,  3.26it/s]




  0%|          | 0/4 [00:00<?, ?it/s][A[A[A
100%|██████████| 4/4 [00:01<00:00,  3.26it/s]



Memory Creation loop:  89%|████████▉ | 3832/4293 [1:57:42<14:08,  1.84s/it][A[A



  0%|          | 0/4 [00:00<?, ?it/s][A[A[A
100%|██████████| 4/4 [00:01<00:00,  3.26it/s]




  0%|          | 0/4 [00:00<?, ?it/s][A[A[A
100%|██████████| 4/4 [00:01<00:00,  3.26it/s]




  0%|          | 0/4 [00:00<?, ?it/s][A[A[A
100%|██████████| 4/4 [00:01<00:00,  3.26it/s]




  0%|          | 0/4 [00:00<?, ?it/s][A[A[A
100%|██████████| 4/4 [00:01<00:00,  3.26it/s]




  0%|          | 0/4 [00:00<?, ?it/s][A[A[A
100%|██████████| 4/4 [00:01<00:00,  3.27it/s]




  0%|          | 0/4 [00:00<?, ?it/s][A[A[A


Memory Creation loop:  89%|████████▉ | 3832/4293 [1:57:52<14:08,  1.84s/it][A[A
100%|██████████| 4/4 [00:01<00:00,  3.26it/s]



Memory Creation loop:  89%|████████▉ | 3838/4293 [1:57:53<13:57,  1.84s/it][A[A



  0%|          | 0/4 [00:00<?, ?it/s][A[A[A
100%|██████████| 4/4 [00:01<00:00,  3.26it/s]




  0%|          | 0/4 [00:00<?, ?it/s][A[A[A
100%|██████████| 4/4 [00:01<00:00,  3.25it/s]




  0%|          | 0/4 [00:00<?, ?it/s][A[A[A
100%|██████████| 4/4 [00:01<00:00,  3.25it/s]




  0%|          | 0/4 [00:00<?, ?it/s][A[A[A
100%|██████████| 4/4 [00:01<00:00,  3.24it/s]




  0%|          | 0/4 [00:00<?, ?it/s][A[A[A
100%|██████████| 4/4 [00:01<00:00,  3.24it/s]




  0%|          | 0/4 [00:00<?, ?it/s][A[A[A
100%|██████████| 4/4 [00:01<00:00,  3.24it/s]



Memory Creation loop:  90%|████████▉ | 3844/4293 [1:58:04<13:46,  1.84s/it][A[A



  0%|          | 0/4 [00:00<?, ?it/s][A[A[A
100%|██████████| 4/4 [00:01<00:00,  3.25it/s]




  0%|          | 0/4 [00:00<?, ?it/s][A[A[A
100%|██████████| 4/4 [00:01<00:00,  3.26it/s]




  0%|          | 0/4 [00:00<?, ?it/s][A[A[A
100%|██████████| 4/4 [00:01<00:00,  3.26it/s]




  0%|          | 0/4 [00:00<?, ?it/s][A[A[A
100%|██████████| 4/4 [00:01<00:00,  3.25it/s]




  0%|          | 0/4 [00:00<?, ?it/s][A[A[A
100%|██████████| 4/4 [00:01<00:00,  3.24it/s]




  0%|          | 0/4 [00:00<?, ?it/s][A[A[A
100%|██████████| 4/4 [00:01<00:00,  3.25it/s]



Memory Creation loop:  90%|████████▉ | 3850/4293 [1:58:15<13:36,  1.84s/it][A[A



  0%|          | 0/4 [00:00<?, ?it/s][A[A[A
100%|██████████| 4/4 [00:01<00:00,  3.25it/s]




  0%|          | 0/4 [00:00<?, ?it/s][A[A[A
100%|██████████| 4/4 [00:01<00:00,  3.25it/s]




  0%|          | 0/4 [00:00<?, ?it/s][A[A[A
100%|██████████| 4/4 [00:01<00:00,  3.26it/s]




  0%|          | 0/4 [00:00<?, ?it/s][A[A[A
100%|██████████| 4/4 [00:01<00:00,  3.26it/s]




  0%|          | 0/4 [00:00<?, ?it/s][A[A[A
100%|██████████| 4/4 [00:01<00:00,  3.24it/s]




  0%|          | 0/4 [00:00<?, ?it/s][A[A[A
100%|██████████| 4/4 [00:01<00:00,  3.24it/s]



Memory Creation loop:  90%|████████▉ | 3856/4293 [1:58:26<13:25,  1.84s/it][A[A



  0%|          | 0/4 [00:00<?, ?it/s][A[A[A
100%|██████████| 4/4 [00:01<00:00,  3.25it/s]




  0%|          | 0/4 [00:00<?, ?it/s][A[A[A
100%|██████████| 4/4 [00:01<00:00,  3.24it/s]




  0%|          | 0/4 [00:00<?, ?it/s][A[A[A
100%|██████████| 4/4 [00:01<00:00,  3.24it/s]




  0%|          | 0/4 [00:00<?, ?it/s][A[A[A
100%|██████████| 4/4 [00:01<00:00,  3.26it/s]




  0%|          | 0/4 [00:00<?, ?it/s][A[A[A
100%|██████████| 4/4 [00:01<00:00,  3.26it/s]




  0%|          | 0/4 [00:00<?, ?it/s][A[A[A
100%|██████████| 4/4 [00:01<00:00,  3.26it/s]



Memory Creation loop:  90%|████████▉ | 3862/4293 [1:58:37<13:14,  1.84s/it][A[A



  0%|          | 0/4 [00:00<?, ?it/s][A[A[A
100%|██████████| 4/4 [00:01<00:00,  3.25it/s]




  0%|          | 0/4 [00:00<?, ?it/s][A[A[A
100%|██████████| 4/4 [00:01<00:00,  3.25it/s]




  0%|          | 0/4 [00:00<?, ?it/s][A[A[A
100%|██████████| 4/4 [00:01<00:00,  3.26it/s]




  0%|          | 0/4 [00:00<?, ?it/s][A[A[A
100%|██████████| 4/4 [00:01<00:00,  3.26it/s]




  0%|          | 0/4 [00:00<?, ?it/s][A[A[A
100%|██████████| 4/4 [00:01<00:00,  3.26it/s]




  0%|          | 0/4 [00:00<?, ?it/s][A[A[A
100%|██████████| 4/4 [00:01<00:00,  3.25it/s]



Memory Creation loop:  90%|█████████ | 3868/4293 [1:58:48<13:02,  1.84s/it][A[A



  0%|          | 0/4 [00:00<?, ?it/s][A[A[A
100%|██████████| 4/4 [00:01<00:00,  3.26it/s]




  0%|          | 0/4 [00:00<?, ?it/s][A[A[A
100%|██████████| 4/4 [00:01<00:00,  3.26it/s]




  0%|          | 0/4 [00:00<?, ?it/s][A[A[A
100%|██████████| 4/4 [00:01<00:00,  3.25it/s]




  0%|          | 0/4 [00:00<?, ?it/s][A[A[A
100%|██████████| 4/4 [00:01<00:00,  3.25it/s]




  0%|          | 0/4 [00:00<?, ?it/s][A[A[A
100%|██████████| 4/4 [00:01<00:00,  3.25it/s]




  0%|          | 0/4 [00:00<?, ?it/s][A[A[A
100%|██████████| 4/4 [00:01<00:00,  3.25it/s]



Memory Creation loop:  90%|█████████ | 3874/4293 [1:58:59<12:51,  1.84s/it][A[A



  0%|          | 0/4 [00:00<?, ?it/s][A[A[A
100%|██████████| 4/4 [00:01<00:00,  3.25it/s]




  0%|          | 0/4 [00:00<?, ?it/s][A[A[A
100%|██████████| 4/4 [00:01<00:00,  3.24it/s]




  0%|          | 0/4 [00:00<?, ?it/s][A[A[A
100%|██████████| 4/4 [00:01<00:00,  3.27it/s]




  0%|          | 0/4 [00:00<?, ?it/s][A[A[A
100%|██████████| 4/4 [00:01<00:00,  3.19it/s]




  0%|          | 0/4 [00:00<?, ?it/s][A[A[A
100%|██████████| 4/4 [00:01<00:00,  3.25it/s]




  0%|          | 0/4 [00:00<?, ?it/s][A[A[A
100%|██████████| 4/4 [00:01<00:00,  3.25it/s]



Memory Creation loop:  90%|█████████ | 3880/4293 [1:59:10<12:41,  1.84s/it][A[A



  0%|          | 0/4 [00:00<?, ?it/s][A[A[A
100%|██████████| 4/4 [00:01<00:00,  3.26it/s]




  0%|          | 0/4 [00:00<?, ?it/s][A[A[A
100%|██████████| 4/4 [00:01<00:00,  3.25it/s]




  0%|          | 0/4 [00:00<?, ?it/s][A[A[A
100%|██████████| 4/4 [00:01<00:00,  3.25it/s]




  0%|          | 0/4 [00:00<?, ?it/s][A[A[A
100%|██████████| 4/4 [00:01<00:00,  3.24it/s]




  0%|          | 0/4 [00:00<?, ?it/s][A[A[A
100%|██████████| 4/4 [00:01<00:00,  3.27it/s]




  0%|          | 0/4 [00:00<?, ?it/s][A[A[A
100%|██████████| 4/4 [00:01<00:00,  3.26it/s]



Memory Creation loop:  91%|█████████ | 3886/4293 [1:59:21<12:29,  1.84s/it][A[A



  0%|          | 0/4 [00:00<?, ?it/s][A[A[A
100%|██████████| 4/4 [00:01<00:00,  3.25it/s]




  0%|          | 0/4 [00:00<?, ?it/s][A[A[A
100%|██████████| 4/4 [00:01<00:00,  3.25it/s]




  0%|          | 0/4 [00:00<?, ?it/s][A[A[A
100%|██████████| 4/4 [00:01<00:00,  3.25it/s]




  0%|          | 0/4 [00:00<?, ?it/s][A[A[A
100%|██████████| 4/4 [00:01<00:00,  3.26it/s]




  0%|          | 0/4 [00:00<?, ?it/s][A[A[A
100%|██████████| 4/4 [00:01<00:00,  3.25it/s]




  0%|          | 0/4 [00:00<?, ?it/s][A[A[A


Memory Creation loop:  91%|█████████ | 3886/4293 [1:59:32<12:29,  1.84s/it][A[A
100%|██████████| 4/4 [00:01<00:00,  3.24it/s]



Memory Creation loop:  91%|█████████ | 3892/4293 [1:59:32<12:18,  1.84s/it][A[A



  0%|          | 0/4 [00:00<?, ?it/s][A[A[A
100%|██████████| 4/4 [00:01<00:00,  3.26it/s]




  0%|          | 0/4 [00:00<?, ?it/s][A[A[A
100%|██████████| 4/4 [00:01<00:00,  3.25it/s]




  0%|          | 0/4 [00:00<?, ?it/s][A[A[A
100%|██████████| 4/4 [00:01<00:00,  3.23it/s]




  0%|          | 0/4 [00:00<?, ?it/s][A[A[A
100%|██████████| 4/4 [00:01<00:00,  3.23it/s]




  0%|          | 0/4 [00:00<?, ?it/s][A[A[A
100%|██████████| 4/4 [00:01<00:00,  3.24it/s]




  0%|          | 0/4 [00:00<?, ?it/s][A[A[A
100%|██████████| 4/4 [00:01<00:00,  3.24it/s]



Memory Creation loop:  91%|█████████ | 3898/4293 [1:59:43<12:08,  1.84s/it][A[A



  0%|          | 0/4 [00:00<?, ?it/s][A[A[A
100%|██████████| 4/4 [00:01<00:00,  3.25it/s]




  0%|          | 0/4 [00:00<?, ?it/s][A[A[A
100%|██████████| 4/4 [00:01<00:00,  3.24it/s]




  0%|          | 0/4 [00:00<?, ?it/s][A[A[A
100%|██████████| 4/4 [00:01<00:00,  3.25it/s]




  0%|          | 0/4 [00:00<?, ?it/s][A[A[A
100%|██████████| 4/4 [00:01<00:00,  3.25it/s]




  0%|          | 0/4 [00:00<?, ?it/s][A[A[A
100%|██████████| 4/4 [00:01<00:00,  3.24it/s]




  0%|          | 0/4 [00:00<?, ?it/s][A[A[A
100%|██████████| 4/4 [00:01<00:00,  3.24it/s]



Memory Creation loop:  91%|█████████ | 3904/4293 [1:59:54<11:57,  1.84s/it][A[A



  0%|          | 0/4 [00:00<?, ?it/s][A[A[A
100%|██████████| 4/4 [00:01<00:00,  3.24it/s]




  0%|          | 0/4 [00:00<?, ?it/s][A[A[A
100%|██████████| 4/4 [00:01<00:00,  3.24it/s]




  0%|          | 0/4 [00:00<?, ?it/s][A[A[A
100%|██████████| 4/4 [00:01<00:00,  3.27it/s]




  0%|          | 0/4 [00:00<?, ?it/s][A[A[A
100%|██████████| 4/4 [00:01<00:00,  3.26it/s]




  0%|          | 0/4 [00:00<?, ?it/s][A[A[A
100%|██████████| 4/4 [00:01<00:00,  3.26it/s]




  0%|          | 0/4 [00:00<?, ?it/s][A[A[A
100%|██████████| 4/4 [00:01<00:00,  3.27it/s]



Memory Creation loop:  91%|█████████ | 3910/4293 [2:00:06<11:45,  1.84s/it][A[A



  0%|          | 0/4 [00:00<?, ?it/s][A[A[A
100%|██████████| 4/4 [00:01<00:00,  3.25it/s]




  0%|          | 0/4 [00:00<?, ?it/s][A[A[A
100%|██████████| 4/4 [00:01<00:00,  3.24it/s]




  0%|          | 0/4 [00:00<?, ?it/s][A[A[A
100%|██████████| 4/4 [00:01<00:00,  3.24it/s]




  0%|          | 0/4 [00:00<?, ?it/s][A[A[A
100%|██████████| 4/4 [00:01<00:00,  3.24it/s]




  0%|          | 0/4 [00:00<?, ?it/s][A[A[A
100%|██████████| 4/4 [00:01<00:00,  3.25it/s]




  0%|          | 0/4 [00:00<?, ?it/s][A[A[A
100%|██████████| 4/4 [00:01<00:00,  3.25it/s]



Memory Creation loop:  91%|█████████ | 3916/4293 [2:00:17<11:34,  1.84s/it][A[A



  0%|          | 0/4 [00:00<?, ?it/s][A[A[A
100%|██████████| 4/4 [00:01<00:00,  3.26it/s]




  0%|          | 0/4 [00:00<?, ?it/s][A[A[A
100%|██████████| 4/4 [00:01<00:00,  3.26it/s]




  0%|          | 0/4 [00:00<?, ?it/s][A[A[A
100%|██████████| 4/4 [00:01<00:00,  3.25it/s]




  0%|          | 0/4 [00:00<?, ?it/s][A[A[A
100%|██████████| 4/4 [00:01<00:00,  3.24it/s]




  0%|          | 0/4 [00:00<?, ?it/s][A[A[A
100%|██████████| 4/4 [00:01<00:00,  3.25it/s]




  0%|          | 0/4 [00:00<?, ?it/s][A[A[A
100%|██████████| 4/4 [00:01<00:00,  3.24it/s]



Memory Creation loop:  91%|█████████▏| 3922/4293 [2:00:28<11:23,  1.84s/it][A[A



  0%|          | 0/4 [00:00<?, ?it/s][A[A[A
100%|██████████| 4/4 [00:01<00:00,  3.25it/s]




  0%|          | 0/4 [00:00<?, ?it/s][A[A[A
100%|██████████| 4/4 [00:01<00:00,  3.25it/s]




  0%|          | 0/4 [00:00<?, ?it/s][A[A[A
100%|██████████| 4/4 [00:01<00:00,  3.26it/s]




  0%|          | 0/4 [00:00<?, ?it/s][A[A[A
100%|██████████| 4/4 [00:01<00:00,  3.26it/s]




  0%|          | 0/4 [00:00<?, ?it/s][A[A[A
100%|██████████| 4/4 [00:01<00:00,  3.24it/s]




  0%|          | 0/4 [00:00<?, ?it/s][A[A[A
100%|██████████| 4/4 [00:01<00:00,  3.24it/s]



Memory Creation loop:  91%|█████████▏| 3928/4293 [2:00:39<11:12,  1.84s/it][A[A



  0%|          | 0/4 [00:00<?, ?it/s][A[A[A
100%|██████████| 4/4 [00:01<00:00,  3.25it/s]




  0%|          | 0/4 [00:00<?, ?it/s][A[A[A
100%|██████████| 4/4 [00:01<00:00,  3.25it/s]




  0%|          | 0/4 [00:00<?, ?it/s][A[A[A
100%|██████████| 4/4 [00:01<00:00,  3.25it/s]




  0%|          | 0/4 [00:00<?, ?it/s][A[A[A
100%|██████████| 4/4 [00:01<00:00,  3.24it/s]




  0%|          | 0/4 [00:00<?, ?it/s][A[A[A
100%|██████████| 4/4 [00:01<00:00,  3.26it/s]




  0%|          | 0/4 [00:00<?, ?it/s][A[A[A
100%|██████████| 4/4 [00:01<00:00,  3.26it/s]



Memory Creation loop:  92%|█████████▏| 3934/4293 [2:00:50<11:01,  1.84s/it][A[A



  0%|          | 0/4 [00:00<?, ?it/s][A[A[A
100%|██████████| 4/4 [00:01<00:00,  3.25it/s]




  0%|          | 0/4 [00:00<?, ?it/s][A[A[A
100%|██████████| 4/4 [00:01<00:00,  3.25it/s]




  0%|          | 0/4 [00:00<?, ?it/s][A[A[A
100%|██████████| 4/4 [00:01<00:00,  3.26it/s]




  0%|          | 0/4 [00:00<?, ?it/s][A[A[A
100%|██████████| 4/4 [00:01<00:00,  3.25it/s]




  0%|          | 0/4 [00:00<?, ?it/s][A[A[A
100%|██████████| 4/4 [00:01<00:00,  3.26it/s]




  0%|          | 0/4 [00:00<?, ?it/s][A[A[A
100%|██████████| 4/4 [00:01<00:00,  3.25it/s]



Memory Creation loop:  92%|█████████▏| 3940/4293 [2:01:01<10:50,  1.84s/it][A[A



  0%|          | 0/4 [00:00<?, ?it/s][A[A[A
100%|██████████| 4/4 [00:01<00:00,  3.26it/s]




  0%|          | 0/4 [00:00<?, ?it/s][A[A[A
100%|██████████| 4/4 [00:01<00:00,  3.26it/s]




  0%|          | 0/4 [00:00<?, ?it/s][A[A[A
100%|██████████| 4/4 [00:01<00:00,  3.23it/s]




  0%|          | 0/4 [00:00<?, ?it/s][A[A[A
100%|██████████| 4/4 [00:01<00:00,  3.25it/s]




  0%|          | 0/4 [00:00<?, ?it/s][A[A[A
100%|██████████| 4/4 [00:01<00:00,  3.25it/s]




  0%|          | 0/4 [00:00<?, ?it/s][A[A[A
100%|██████████| 4/4 [00:01<00:00,  3.25it/s]



Memory Creation loop:  92%|█████████▏| 3946/4293 [2:01:12<10:39,  1.84s/it][A[A



  0%|          | 0/4 [00:00<?, ?it/s][A[A[A
100%|██████████| 4/4 [00:01<00:00,  3.26it/s]




  0%|          | 0/4 [00:00<?, ?it/s][A[A[A
100%|██████████| 4/4 [00:01<00:00,  3.25it/s]




  0%|          | 0/4 [00:00<?, ?it/s][A[A[A
100%|██████████| 4/4 [00:01<00:00,  3.26it/s]




  0%|          | 0/4 [00:00<?, ?it/s][A[A[A
100%|██████████| 4/4 [00:01<00:00,  3.26it/s]




  0%|          | 0/4 [00:00<?, ?it/s][A[A[A
100%|██████████| 4/4 [00:01<00:00,  3.25it/s]




  0%|          | 0/4 [00:00<?, ?it/s][A[A[A


Memory Creation loop:  92%|█████████▏| 3946/4293 [2:01:22<10:39,  1.84s/it][A[A
100%|██████████| 4/4 [00:01<00:00,  3.24it/s]



Memory Creation loop:  92%|█████████▏| 3952/4293 [2:01:23<10:27,  1.84s/it][A[A



  0%|          | 0/4 [00:00<?, ?it/s][A[A[A
100%|██████████| 4/4 [00:01<00:00,  3.25it/s]




  0%|          | 0/4 [00:00<?, ?it/s][A[A[A
100%|██████████| 4/4 [00:01<00:00,  3.25it/s]




  0%|          | 0/4 [00:00<?, ?it/s][A[A[A
100%|██████████| 4/4 [00:01<00:00,  3.26it/s]




  0%|          | 0/4 [00:00<?, ?it/s][A[A[A
100%|██████████| 4/4 [00:01<00:00,  3.25it/s]




  0%|          | 0/4 [00:00<?, ?it/s][A[A[A
100%|██████████| 4/4 [00:01<00:00,  3.26it/s]




  0%|          | 0/4 [00:00<?, ?it/s][A[A[A
100%|██████████| 4/4 [00:01<00:00,  3.26it/s]



Memory Creation loop:  92%|█████████▏| 3958/4293 [2:01:34<10:16,  1.84s/it][A[A



  0%|          | 0/4 [00:00<?, ?it/s][A[A[A
100%|██████████| 4/4 [00:01<00:00,  3.25it/s]




  0%|          | 0/4 [00:00<?, ?it/s][A[A[A
100%|██████████| 4/4 [00:01<00:00,  3.25it/s]




  0%|          | 0/4 [00:00<?, ?it/s][A[A[A
100%|██████████| 4/4 [00:01<00:00,  3.25it/s]




  0%|          | 0/4 [00:00<?, ?it/s][A[A[A
100%|██████████| 4/4 [00:01<00:00,  3.25it/s]




  0%|          | 0/4 [00:00<?, ?it/s][A[A[A
100%|██████████| 4/4 [00:01<00:00,  3.26it/s]




  0%|          | 0/4 [00:00<?, ?it/s][A[A[A
100%|██████████| 4/4 [00:01<00:00,  3.25it/s]



Memory Creation loop:  92%|█████████▏| 3964/4293 [2:01:45<10:05,  1.84s/it][A[A



  0%|          | 0/4 [00:00<?, ?it/s][A[A[A
100%|██████████| 4/4 [00:01<00:00,  3.26it/s]




  0%|          | 0/4 [00:00<?, ?it/s][A[A[A
100%|██████████| 4/4 [00:01<00:00,  3.25it/s]




  0%|          | 0/4 [00:00<?, ?it/s][A[A[A
100%|██████████| 4/4 [00:01<00:00,  3.24it/s]




  0%|          | 0/4 [00:00<?, ?it/s][A[A[A
100%|██████████| 4/4 [00:01<00:00,  3.24it/s]




  0%|          | 0/4 [00:00<?, ?it/s][A[A[A
100%|██████████| 4/4 [00:01<00:00,  3.25it/s]




  0%|          | 0/4 [00:00<?, ?it/s][A[A[A
100%|██████████| 4/4 [00:01<00:00,  3.25it/s]



Memory Creation loop:  92%|█████████▏| 3970/4293 [2:01:56<09:54,  1.84s/it][A[A



  0%|          | 0/4 [00:00<?, ?it/s][A[A[A
100%|██████████| 4/4 [00:01<00:00,  3.24it/s]




  0%|          | 0/4 [00:00<?, ?it/s][A[A[A
100%|██████████| 4/4 [00:01<00:00,  3.24it/s]




  0%|          | 0/4 [00:00<?, ?it/s][A[A[A
100%|██████████| 4/4 [00:01<00:00,  3.26it/s]




  0%|          | 0/4 [00:00<?, ?it/s][A[A[A
100%|██████████| 4/4 [00:01<00:00,  3.25it/s]




  0%|          | 0/4 [00:00<?, ?it/s][A[A[A
100%|██████████| 4/4 [00:01<00:00,  3.25it/s]




  0%|          | 0/4 [00:00<?, ?it/s][A[A[A
100%|██████████| 4/4 [00:01<00:00,  3.24it/s]



Memory Creation loop:  93%|█████████▎| 3976/4293 [2:02:07<09:43,  1.84s/it][A[A



  0%|          | 0/4 [00:00<?, ?it/s][A[A[A
100%|██████████| 4/4 [00:01<00:00,  3.25it/s]




  0%|          | 0/4 [00:00<?, ?it/s][A[A[A
100%|██████████| 4/4 [00:01<00:00,  3.24it/s]




  0%|          | 0/4 [00:00<?, ?it/s][A[A[A
100%|██████████| 4/4 [00:01<00:00,  3.25it/s]




  0%|          | 0/4 [00:00<?, ?it/s][A[A[A
100%|██████████| 4/4 [00:01<00:00,  3.25it/s]




  0%|          | 0/4 [00:00<?, ?it/s][A[A[A
100%|██████████| 4/4 [00:01<00:00,  3.26it/s]




  0%|          | 0/4 [00:00<?, ?it/s][A[A[A
100%|██████████| 4/4 [00:01<00:00,  3.25it/s]



Memory Creation loop:  93%|█████████▎| 3982/4293 [2:02:18<09:32,  1.84s/it][A[A



  0%|          | 0/4 [00:00<?, ?it/s][A[A[A
100%|██████████| 4/4 [00:01<00:00,  3.24it/s]




  0%|          | 0/4 [00:00<?, ?it/s][A[A[A
100%|██████████| 4/4 [00:01<00:00,  3.24it/s]




  0%|          | 0/4 [00:00<?, ?it/s][A[A[A
100%|██████████| 4/4 [00:01<00:00,  3.24it/s]




  0%|          | 0/4 [00:00<?, ?it/s][A[A[A
100%|██████████| 4/4 [00:01<00:00,  3.25it/s]




  0%|          | 0/4 [00:00<?, ?it/s][A[A[A
100%|██████████| 4/4 [00:01<00:00,  3.26it/s]




  0%|          | 0/4 [00:00<?, ?it/s][A[A[A
100%|██████████| 4/4 [00:01<00:00,  3.25it/s]



Memory Creation loop:  93%|█████████▎| 3988/4293 [2:02:29<09:21,  1.84s/it][A[A



  0%|          | 0/4 [00:00<?, ?it/s][A[A[A
100%|██████████| 4/4 [00:01<00:00,  3.26it/s]




  0%|          | 0/4 [00:00<?, ?it/s][A[A[A
100%|██████████| 4/4 [00:01<00:00,  3.25it/s]




  0%|          | 0/4 [00:00<?, ?it/s][A[A[A
100%|██████████| 4/4 [00:01<00:00,  3.25it/s]




  0%|          | 0/4 [00:00<?, ?it/s][A[A[A
100%|██████████| 4/4 [00:01<00:00,  3.25it/s]




  0%|          | 0/4 [00:00<?, ?it/s][A[A[A
100%|██████████| 4/4 [00:01<00:00,  3.25it/s]




  0%|          | 0/4 [00:00<?, ?it/s][A[A[A
100%|██████████| 4/4 [00:01<00:00,  3.25it/s]



Memory Creation loop:  93%|█████████▎| 3994/4293 [2:02:40<09:10,  1.84s/it][A[A



  0%|          | 0/4 [00:00<?, ?it/s][A[A[A
100%|██████████| 4/4 [00:01<00:00,  3.26it/s]




  0%|          | 0/4 [00:00<?, ?it/s][A[A[A
100%|██████████| 4/4 [00:01<00:00,  3.25it/s]




  0%|          | 0/4 [00:00<?, ?it/s][A[A[A
100%|██████████| 4/4 [00:01<00:00,  3.26it/s]




  0%|          | 0/4 [00:00<?, ?it/s][A[A[A
100%|██████████| 4/4 [00:01<00:00,  3.26it/s]




  0%|          | 0/4 [00:00<?, ?it/s][A[A[A
100%|██████████| 4/4 [00:01<00:00,  3.26it/s]




  0%|          | 0/4 [00:00<?, ?it/s][A[A[A
100%|██████████| 4/4 [00:01<00:00,  3.25it/s]



Memory Creation loop:  93%|█████████▎| 4000/4293 [2:02:51<08:59,  1.84s/it][A[A



  0%|          | 0/4 [00:00<?, ?it/s][A[A[A
100%|██████████| 4/4 [00:01<00:00,  3.26it/s]




  0%|          | 0/4 [00:00<?, ?it/s][A[A[A
100%|██████████| 4/4 [00:01<00:00,  3.25it/s]




  0%|          | 0/4 [00:00<?, ?it/s][A[A[A
100%|██████████| 4/4 [00:01<00:00,  3.25it/s]




  0%|          | 0/4 [00:00<?, ?it/s][A[A[A
100%|██████████| 4/4 [00:01<00:00,  3.25it/s]




  0%|          | 0/4 [00:00<?, ?it/s][A[A[A
100%|██████████| 4/4 [00:01<00:00,  3.26it/s]




  0%|          | 0/4 [00:00<?, ?it/s][A[A[A


Memory Creation loop:  93%|█████████▎| 4000/4293 [2:03:02<08:59,  1.84s/it][A[A
100%|██████████| 4/4 [00:01<00:00,  3.26it/s]



Memory Creation loop:  93%|█████████▎| 4006/4293 [2:03:02<08:48,  1.84s/it][A[A



  0%|          | 0/4 [00:00<?, ?it/s][A[A[A
100%|██████████| 4/4 [00:01<00:00,  3.25it/s]




  0%|          | 0/4 [00:00<?, ?it/s][A[A[A
100%|██████████| 4/4 [00:01<00:00,  3.24it/s]




  0%|          | 0/4 [00:00<?, ?it/s][A[A[A
100%|██████████| 4/4 [00:01<00:00,  3.25it/s]




  0%|          | 0/4 [00:00<?, ?it/s][A[A[A
100%|██████████| 4/4 [00:01<00:00,  3.25it/s]




  0%|          | 0/4 [00:00<?, ?it/s][A[A[A
100%|██████████| 4/4 [00:01<00:00,  3.26it/s]




  0%|          | 0/4 [00:00<?, ?it/s][A[A[A
100%|██████████| 4/4 [00:01<00:00,  3.25it/s]



Memory Creation loop:  93%|█████████▎| 4012/4293 [2:03:13<08:37,  1.84s/it][A[A



  0%|          | 0/4 [00:00<?, ?it/s][A[A[A
100%|██████████| 4/4 [00:01<00:00,  3.26it/s]




  0%|          | 0/4 [00:00<?, ?it/s][A[A[A
100%|██████████| 4/4 [00:01<00:00,  3.26it/s]




  0%|          | 0/4 [00:00<?, ?it/s][A[A[A
100%|██████████| 4/4 [00:01<00:00,  3.25it/s]




  0%|          | 0/4 [00:00<?, ?it/s][A[A[A
100%|██████████| 4/4 [00:01<00:00,  3.24it/s]




  0%|          | 0/4 [00:00<?, ?it/s][A[A[A
100%|██████████| 4/4 [00:01<00:00,  3.24it/s]




  0%|          | 0/4 [00:00<?, ?it/s][A[A[A
100%|██████████| 4/4 [00:01<00:00,  3.24it/s]



Memory Creation loop:  94%|█████████▎| 4018/4293 [2:03:24<08:26,  1.84s/it][A[A



  0%|          | 0/4 [00:00<?, ?it/s][A[A[A
100%|██████████| 4/4 [00:01<00:00,  3.25it/s]




  0%|          | 0/4 [00:00<?, ?it/s][A[A[A
100%|██████████| 4/4 [00:01<00:00,  3.25it/s]




  0%|          | 0/4 [00:00<?, ?it/s][A[A[A
100%|██████████| 4/4 [00:01<00:00,  3.26it/s]




  0%|          | 0/4 [00:00<?, ?it/s][A[A[A
100%|██████████| 4/4 [00:01<00:00,  3.25it/s]




  0%|          | 0/4 [00:00<?, ?it/s][A[A[A
100%|██████████| 4/4 [00:01<00:00,  3.25it/s]




  0%|          | 0/4 [00:00<?, ?it/s][A[A[A
100%|██████████| 4/4 [00:01<00:00,  3.25it/s]



Memory Creation loop:  94%|█████████▎| 4024/4293 [2:03:36<08:15,  1.84s/it][A[A



  0%|          | 0/4 [00:00<?, ?it/s][A[A[A
100%|██████████| 4/4 [00:01<00:00,  3.25it/s]




  0%|          | 0/4 [00:00<?, ?it/s][A[A[A
100%|██████████| 4/4 [00:01<00:00,  3.25it/s]




  0%|          | 0/4 [00:00<?, ?it/s][A[A[A
100%|██████████| 4/4 [00:01<00:00,  3.25it/s]




  0%|          | 0/4 [00:00<?, ?it/s][A[A[A
100%|██████████| 4/4 [00:01<00:00,  3.25it/s]




  0%|          | 0/4 [00:00<?, ?it/s][A[A[A
100%|██████████| 4/4 [00:01<00:00,  3.26it/s]




  0%|          | 0/4 [00:00<?, ?it/s][A[A[A
100%|██████████| 4/4 [00:01<00:00,  3.25it/s]



Memory Creation loop:  94%|█████████▍| 4030/4293 [2:03:47<08:04,  1.84s/it][A[A



  0%|          | 0/4 [00:00<?, ?it/s][A[A[A
100%|██████████| 4/4 [00:01<00:00,  3.25it/s]




  0%|          | 0/4 [00:00<?, ?it/s][A[A[A
100%|██████████| 4/4 [00:01<00:00,  3.25it/s]




  0%|          | 0/4 [00:00<?, ?it/s][A[A[A
100%|██████████| 4/4 [00:01<00:00,  3.25it/s]




  0%|          | 0/4 [00:00<?, ?it/s][A[A[A
100%|██████████| 4/4 [00:01<00:00,  3.25it/s]




  0%|          | 0/4 [00:00<?, ?it/s][A[A[A
100%|██████████| 4/4 [00:01<00:00,  3.25it/s]




  0%|          | 0/4 [00:00<?, ?it/s][A[A[A
100%|██████████| 4/4 [00:01<00:00,  3.25it/s]



Memory Creation loop:  94%|█████████▍| 4036/4293 [2:03:58<07:53,  1.84s/it][A[A



  0%|          | 0/4 [00:00<?, ?it/s][A[A[A
100%|██████████| 4/4 [00:01<00:00,  3.25it/s]




  0%|          | 0/4 [00:00<?, ?it/s][A[A[A
100%|██████████| 4/4 [00:01<00:00,  3.26it/s]




  0%|          | 0/4 [00:00<?, ?it/s][A[A[A
100%|██████████| 4/4 [00:01<00:00,  3.25it/s]




  0%|          | 0/4 [00:00<?, ?it/s][A[A[A
100%|██████████| 4/4 [00:01<00:00,  3.24it/s]




  0%|          | 0/4 [00:00<?, ?it/s][A[A[A
100%|██████████| 4/4 [00:01<00:00,  3.23it/s]




  0%|          | 0/4 [00:00<?, ?it/s][A[A[A
100%|██████████| 4/4 [00:01<00:00,  3.25it/s]



Memory Creation loop:  94%|█████████▍| 4042/4293 [2:04:09<07:42,  1.84s/it][A[A



  0%|          | 0/4 [00:00<?, ?it/s][A[A[A
100%|██████████| 4/4 [00:01<00:00,  3.25it/s]




  0%|          | 0/4 [00:00<?, ?it/s][A[A[A
100%|██████████| 4/4 [00:01<00:00,  3.25it/s]




  0%|          | 0/4 [00:00<?, ?it/s][A[A[A
100%|██████████| 4/4 [00:01<00:00,  3.23it/s]




  0%|          | 0/4 [00:00<?, ?it/s][A[A[A
100%|██████████| 4/4 [00:01<00:00,  3.25it/s]




  0%|          | 0/4 [00:00<?, ?it/s][A[A[A
100%|██████████| 4/4 [00:01<00:00,  3.25it/s]




  0%|          | 0/4 [00:00<?, ?it/s][A[A[A
100%|██████████| 4/4 [00:01<00:00,  3.25it/s]



Memory Creation loop:  94%|█████████▍| 4048/4293 [2:04:20<07:31,  1.84s/it][A[A



  0%|          | 0/4 [00:00<?, ?it/s][A[A[A
100%|██████████| 4/4 [00:01<00:00,  3.25it/s]




  0%|          | 0/4 [00:00<?, ?it/s][A[A[A
100%|██████████| 4/4 [00:01<00:00,  3.26it/s]




  0%|          | 0/4 [00:00<?, ?it/s][A[A[A
100%|██████████| 4/4 [00:01<00:00,  3.24it/s]




  0%|          | 0/4 [00:00<?, ?it/s][A[A[A
100%|██████████| 4/4 [00:01<00:00,  3.25it/s]




  0%|          | 0/4 [00:00<?, ?it/s][A[A[A
100%|██████████| 4/4 [00:01<00:00,  3.25it/s]




  0%|          | 0/4 [00:00<?, ?it/s][A[A[A
100%|██████████| 4/4 [00:01<00:00,  3.26it/s]



Memory Creation loop:  94%|█████████▍| 4054/4293 [2:04:31<07:20,  1.84s/it][A[A



  0%|          | 0/4 [00:00<?, ?it/s][A[A[A
100%|██████████| 4/4 [00:01<00:00,  3.24it/s]




  0%|          | 0/4 [00:00<?, ?it/s][A[A[A
100%|██████████| 4/4 [00:01<00:00,  3.26it/s]




  0%|          | 0/4 [00:00<?, ?it/s][A[A[A
100%|██████████| 4/4 [00:01<00:00,  3.26it/s]




  0%|          | 0/4 [00:00<?, ?it/s][A[A[A
100%|██████████| 4/4 [00:01<00:00,  3.25it/s]




  0%|          | 0/4 [00:00<?, ?it/s][A[A[A
100%|██████████| 4/4 [00:01<00:00,  3.24it/s]




  0%|          | 0/4 [00:00<?, ?it/s][A[A[A
100%|██████████| 4/4 [00:01<00:00,  3.25it/s]



Memory Creation loop:  95%|█████████▍| 4060/4293 [2:04:42<07:09,  1.84s/it][A[A



  0%|          | 0/4 [00:00<?, ?it/s][A[A[A
100%|██████████| 4/4 [00:01<00:00,  3.26it/s]




  0%|          | 0/4 [00:00<?, ?it/s][A[A[A
100%|██████████| 4/4 [00:01<00:00,  3.25it/s]




  0%|          | 0/4 [00:00<?, ?it/s][A[A[A
100%|██████████| 4/4 [00:01<00:00,  3.25it/s]




  0%|          | 0/4 [00:00<?, ?it/s][A[A[A
100%|██████████| 4/4 [00:01<00:00,  3.17it/s]




  0%|          | 0/4 [00:00<?, ?it/s][A[A[A
100%|██████████| 4/4 [00:01<00:00,  3.26it/s]




  0%|          | 0/4 [00:00<?, ?it/s][A[A[A


Memory Creation loop:  95%|█████████▍| 4060/4293 [2:04:52<07:09,  1.84s/it][A[A
100%|██████████| 4/4 [00:01<00:00,  3.23it/s]



Memory Creation loop:  95%|█████████▍| 4066/4293 [2:04:53<06:58,  1.84s/it][A[A



  0%|          | 0/4 [00:00<?, ?it/s][A[A[A
100%|██████████| 4/4 [00:01<00:00,  3.17it/s]




  0%|          | 0/4 [00:00<?, ?it/s][A[A[A
100%|██████████| 4/4 [00:01<00:00,  3.18it/s]




  0%|          | 0/4 [00:00<?, ?it/s][A[A[A
100%|██████████| 4/4 [00:01<00:00,  3.19it/s]




  0%|          | 0/4 [00:00<?, ?it/s][A[A[A
100%|██████████| 4/4 [00:01<00:00,  3.19it/s]




  0%|          | 0/4 [00:00<?, ?it/s][A[A[A
100%|██████████| 4/4 [00:01<00:00,  3.16it/s]




  0%|          | 0/4 [00:00<?, ?it/s][A[A[A
100%|██████████| 4/4 [00:01<00:00,  3.18it/s]



Memory Creation loop:  95%|█████████▍| 4072/4293 [2:05:04<06:49,  1.85s/it][A[A



  0%|          | 0/4 [00:00<?, ?it/s][A[A[A
100%|██████████| 4/4 [00:01<00:00,  3.23it/s]




  0%|          | 0/4 [00:00<?, ?it/s][A[A[A
100%|██████████| 4/4 [00:01<00:00,  3.24it/s]




  0%|          | 0/4 [00:00<?, ?it/s][A[A[A
100%|██████████| 4/4 [00:01<00:00,  3.24it/s]




  0%|          | 0/4 [00:00<?, ?it/s][A[A[A
100%|██████████| 4/4 [00:01<00:00,  3.26it/s]




  0%|          | 0/4 [00:00<?, ?it/s][A[A[A
100%|██████████| 4/4 [00:01<00:00,  3.27it/s]




  0%|          | 0/4 [00:00<?, ?it/s][A[A[A
100%|██████████| 4/4 [00:01<00:00,  3.26it/s]



Memory Creation loop:  95%|█████████▍| 4078/4293 [2:05:15<06:37,  1.85s/it][A[A



  0%|          | 0/4 [00:00<?, ?it/s][A[A[A
100%|██████████| 4/4 [00:01<00:00,  3.23it/s]




  0%|          | 0/4 [00:00<?, ?it/s][A[A[A
100%|██████████| 4/4 [00:01<00:00,  3.18it/s]




  0%|          | 0/4 [00:00<?, ?it/s][A[A[A
100%|██████████| 4/4 [00:01<00:00,  3.18it/s]




  0%|          | 0/4 [00:00<?, ?it/s][A[A[A
100%|██████████| 4/4 [00:01<00:00,  3.21it/s]




  0%|          | 0/4 [00:00<?, ?it/s][A[A[A
100%|██████████| 4/4 [00:01<00:00,  3.26it/s]




  0%|          | 0/4 [00:00<?, ?it/s][A[A[A
100%|██████████| 4/4 [00:01<00:00,  3.25it/s]



Memory Creation loop:  95%|█████████▌| 4084/4293 [2:05:26<06:27,  1.85s/it][A[A



  0%|          | 0/4 [00:00<?, ?it/s][A[A[A
100%|██████████| 4/4 [00:01<00:00,  3.27it/s]




  0%|          | 0/4 [00:00<?, ?it/s][A[A[A
100%|██████████| 4/4 [00:01<00:00,  3.27it/s]




  0%|          | 0/4 [00:00<?, ?it/s][A[A[A
100%|██████████| 4/4 [00:01<00:00,  3.25it/s]




  0%|          | 0/4 [00:00<?, ?it/s][A[A[A
100%|██████████| 4/4 [00:01<00:00,  3.25it/s]




  0%|          | 0/4 [00:00<?, ?it/s][A[A[A
100%|██████████| 4/4 [00:01<00:00,  3.24it/s]




  0%|          | 0/4 [00:00<?, ?it/s][A[A[A
100%|██████████| 4/4 [00:01<00:00,  3.26it/s]



Memory Creation loop:  95%|█████████▌| 4090/4293 [2:05:37<06:15,  1.85s/it][A[A



  0%|          | 0/4 [00:00<?, ?it/s][A[A[A
100%|██████████| 4/4 [00:01<00:00,  3.26it/s]




  0%|          | 0/4 [00:00<?, ?it/s][A[A[A
100%|██████████| 4/4 [00:01<00:00,  3.25it/s]




  0%|          | 0/4 [00:00<?, ?it/s][A[A[A
100%|██████████| 4/4 [00:01<00:00,  3.26it/s]




  0%|          | 0/4 [00:00<?, ?it/s][A[A[A
100%|██████████| 4/4 [00:01<00:00,  3.26it/s]




  0%|          | 0/4 [00:00<?, ?it/s][A[A[A
100%|██████████| 4/4 [00:01<00:00,  3.26it/s]




  0%|          | 0/4 [00:00<?, ?it/s][A[A[A
100%|██████████| 4/4 [00:01<00:00,  3.25it/s]



Memory Creation loop:  95%|█████████▌| 4096/4293 [2:05:48<06:03,  1.85s/it][A[A



  0%|          | 0/4 [00:00<?, ?it/s][A[A[A
100%|██████████| 4/4 [00:01<00:00,  3.28it/s]




  0%|          | 0/4 [00:00<?, ?it/s][A[A[A
100%|██████████| 4/4 [00:01<00:00,  3.26it/s]




  0%|          | 0/4 [00:00<?, ?it/s][A[A[A
100%|██████████| 4/4 [00:01<00:00,  3.27it/s]




  0%|          | 0/4 [00:00<?, ?it/s][A[A[A
100%|██████████| 4/4 [00:01<00:00,  3.24it/s]




  0%|          | 0/4 [00:00<?, ?it/s][A[A[A
100%|██████████| 4/4 [00:01<00:00,  3.26it/s]




  0%|          | 0/4 [00:00<?, ?it/s][A[A[A
100%|██████████| 4/4 [00:01<00:00,  3.26it/s]



Memory Creation loop:  96%|█████████▌| 4102/4293 [2:06:00<05:52,  1.84s/it][A[A



  0%|          | 0/4 [00:00<?, ?it/s][A[A[A
100%|██████████| 4/4 [00:01<00:00,  3.24it/s]




  0%|          | 0/4 [00:00<?, ?it/s][A[A[A
100%|██████████| 4/4 [00:01<00:00,  3.23it/s]




  0%|          | 0/4 [00:00<?, ?it/s][A[A[A
100%|██████████| 4/4 [00:01<00:00,  3.17it/s]




  0%|          | 0/4 [00:00<?, ?it/s][A[A[A
100%|██████████| 4/4 [00:01<00:00,  3.22it/s]




  0%|          | 0/4 [00:00<?, ?it/s][A[A[A
100%|██████████| 4/4 [00:01<00:00,  3.26it/s]




  0%|          | 0/4 [00:00<?, ?it/s][A[A[A
100%|██████████| 4/4 [00:01<00:00,  3.26it/s]



Memory Creation loop:  96%|█████████▌| 4108/4293 [2:06:11<05:41,  1.85s/it][A[A



  0%|          | 0/4 [00:00<?, ?it/s][A[A[A
100%|██████████| 4/4 [00:01<00:00,  3.25it/s]




  0%|          | 0/4 [00:00<?, ?it/s][A[A[A
100%|██████████| 4/4 [00:01<00:00,  3.27it/s]




  0%|          | 0/4 [00:00<?, ?it/s][A[A[A
100%|██████████| 4/4 [00:01<00:00,  3.24it/s]




  0%|          | 0/4 [00:00<?, ?it/s][A[A[A
100%|██████████| 4/4 [00:01<00:00,  3.24it/s]




  0%|          | 0/4 [00:00<?, ?it/s][A[A[A
100%|██████████| 4/4 [00:01<00:00,  3.17it/s]




  0%|          | 0/4 [00:00<?, ?it/s][A[A[A
100%|██████████| 4/4 [00:01<00:00,  3.18it/s]



Memory Creation loop:  96%|█████████▌| 4114/4293 [2:06:22<05:31,  1.85s/it][A[A



  0%|          | 0/4 [00:00<?, ?it/s][A[A[A
100%|██████████| 4/4 [00:01<00:00,  3.26it/s]




  0%|          | 0/4 [00:00<?, ?it/s][A[A[A
100%|██████████| 4/4 [00:01<00:00,  3.25it/s]




  0%|          | 0/4 [00:00<?, ?it/s][A[A[A
100%|██████████| 4/4 [00:01<00:00,  3.27it/s]




  0%|          | 0/4 [00:00<?, ?it/s][A[A[A
100%|██████████| 4/4 [00:01<00:00,  3.25it/s]




  0%|          | 0/4 [00:00<?, ?it/s][A[A[A
100%|██████████| 4/4 [00:01<00:00,  3.25it/s]




  0%|          | 0/4 [00:00<?, ?it/s][A[A[A


Memory Creation loop:  96%|█████████▌| 4114/4293 [2:06:32<05:31,  1.85s/it][A[A
100%|██████████| 4/4 [00:01<00:00,  3.27it/s]



Memory Creation loop:  96%|█████████▌| 4120/4293 [2:06:33<05:19,  1.85s/it][A[A



  0%|          | 0/4 [00:00<?, ?it/s][A[A[A
100%|██████████| 4/4 [00:01<00:00,  3.25it/s]




  0%|          | 0/4 [00:00<?, ?it/s][A[A[A
100%|██████████| 4/4 [00:01<00:00,  3.25it/s]




  0%|          | 0/4 [00:00<?, ?it/s][A[A[A
100%|██████████| 4/4 [00:01<00:00,  3.26it/s]




  0%|          | 0/4 [00:00<?, ?it/s][A[A[A
100%|██████████| 4/4 [00:01<00:00,  3.27it/s]




  0%|          | 0/4 [00:00<?, ?it/s][A[A[A
100%|██████████| 4/4 [00:01<00:00,  3.27it/s]




  0%|          | 0/4 [00:00<?, ?it/s][A[A[A
100%|██████████| 4/4 [00:01<00:00,  3.27it/s]



Memory Creation loop:  96%|█████████▌| 4126/4293 [2:06:44<05:08,  1.84s/it][A[A



  0%|          | 0/4 [00:00<?, ?it/s][A[A[A
100%|██████████| 4/4 [00:01<00:00,  3.26it/s]




  0%|          | 0/4 [00:00<?, ?it/s][A[A[A
100%|██████████| 4/4 [00:01<00:00,  3.26it/s]




  0%|          | 0/4 [00:00<?, ?it/s][A[A[A
100%|██████████| 4/4 [00:01<00:00,  3.27it/s]




  0%|          | 0/4 [00:00<?, ?it/s][A[A[A
100%|██████████| 4/4 [00:01<00:00,  3.26it/s]




  0%|          | 0/4 [00:00<?, ?it/s][A[A[A
100%|██████████| 4/4 [00:01<00:00,  3.25it/s]




  0%|          | 0/4 [00:00<?, ?it/s][A[A[A
100%|██████████| 4/4 [00:01<00:00,  3.27it/s]



Memory Creation loop:  96%|█████████▌| 4132/4293 [2:06:55<04:56,  1.84s/it][A[A



  0%|          | 0/4 [00:00<?, ?it/s][A[A[A
100%|██████████| 4/4 [00:01<00:00,  3.28it/s]




  0%|          | 0/4 [00:00<?, ?it/s][A[A[A
100%|██████████| 4/4 [00:01<00:00,  3.28it/s]




  0%|          | 0/4 [00:00<?, ?it/s][A[A[A
100%|██████████| 4/4 [00:01<00:00,  3.27it/s]




  0%|          | 0/4 [00:00<?, ?it/s][A[A[A
100%|██████████| 4/4 [00:01<00:00,  3.18it/s]




  0%|          | 0/4 [00:00<?, ?it/s][A[A[A
100%|██████████| 4/4 [00:01<00:00,  3.20it/s]




  0%|          | 0/4 [00:00<?, ?it/s][A[A[A
100%|██████████| 4/4 [00:01<00:00,  3.19it/s]



Memory Creation loop:  96%|█████████▋| 4138/4293 [2:07:06<04:45,  1.84s/it][A[A



  0%|          | 0/4 [00:00<?, ?it/s][A[A[A
100%|██████████| 4/4 [00:01<00:00,  3.19it/s]




  0%|          | 0/4 [00:00<?, ?it/s][A[A[A
100%|██████████| 4/4 [00:01<00:00,  3.25it/s]




  0%|          | 0/4 [00:00<?, ?it/s][A[A[A
100%|██████████| 4/4 [00:01<00:00,  3.27it/s]




  0%|          | 0/4 [00:00<?, ?it/s][A[A[A
100%|██████████| 4/4 [00:01<00:00,  3.18it/s]




  0%|          | 0/4 [00:00<?, ?it/s][A[A[A
100%|██████████| 4/4 [00:01<00:00,  3.19it/s]




  0%|          | 0/4 [00:00<?, ?it/s][A[A[A
100%|██████████| 4/4 [00:01<00:00,  3.19it/s]



Memory Creation loop:  97%|█████████▋| 4144/4293 [2:07:17<04:35,  1.85s/it][A[A



  0%|          | 0/4 [00:00<?, ?it/s][A[A[A
100%|██████████| 4/4 [00:01<00:00,  3.18it/s]




  0%|          | 0/4 [00:00<?, ?it/s][A[A[A
100%|██████████| 4/4 [00:01<00:00,  3.26it/s]




  0%|          | 0/4 [00:00<?, ?it/s][A[A[A
100%|██████████| 4/4 [00:01<00:00,  3.25it/s]




  0%|          | 0/4 [00:00<?, ?it/s][A[A[A
100%|██████████| 4/4 [00:01<00:00,  3.24it/s]




  0%|          | 0/4 [00:00<?, ?it/s][A[A[A
100%|██████████| 4/4 [00:01<00:00,  3.28it/s]




  0%|          | 0/4 [00:00<?, ?it/s][A[A[A
100%|██████████| 4/4 [00:01<00:00,  3.28it/s]



Memory Creation loop:  97%|█████████▋| 4150/4293 [2:07:28<04:24,  1.85s/it][A[A



  0%|          | 0/4 [00:00<?, ?it/s][A[A[A
100%|██████████| 4/4 [00:01<00:00,  3.26it/s]




  0%|          | 0/4 [00:00<?, ?it/s][A[A[A
100%|██████████| 4/4 [00:01<00:00,  3.25it/s]




  0%|          | 0/4 [00:00<?, ?it/s][A[A[A
100%|██████████| 4/4 [00:01<00:00,  3.26it/s]




  0%|          | 0/4 [00:00<?, ?it/s][A[A[A
100%|██████████| 4/4 [00:01<00:00,  3.27it/s]




  0%|          | 0/4 [00:00<?, ?it/s][A[A[A
100%|██████████| 4/4 [00:01<00:00,  3.26it/s]




  0%|          | 0/4 [00:00<?, ?it/s][A[A[A
100%|██████████| 4/4 [00:01<00:00,  3.26it/s]



Memory Creation loop:  97%|█████████▋| 4156/4293 [2:07:39<04:12,  1.84s/it][A[A



  0%|          | 0/4 [00:00<?, ?it/s][A[A[A
100%|██████████| 4/4 [00:01<00:00,  3.27it/s]




  0%|          | 0/4 [00:00<?, ?it/s][A[A[A
100%|██████████| 4/4 [00:01<00:00,  3.27it/s]




  0%|          | 0/4 [00:00<?, ?it/s][A[A[A
100%|██████████| 4/4 [00:01<00:00,  3.26it/s]




  0%|          | 0/4 [00:00<?, ?it/s][A[A[A
100%|██████████| 4/4 [00:01<00:00,  3.24it/s]




  0%|          | 0/4 [00:00<?, ?it/s][A[A[A
100%|██████████| 4/4 [00:01<00:00,  3.26it/s]




  0%|          | 0/4 [00:00<?, ?it/s][A[A[A
100%|██████████| 4/4 [00:01<00:00,  3.24it/s]



Memory Creation loop:  97%|█████████▋| 4162/4293 [2:07:50<04:01,  1.84s/it][A[A



  0%|          | 0/4 [00:00<?, ?it/s][A[A[A
100%|██████████| 4/4 [00:01<00:00,  3.27it/s]




  0%|          | 0/4 [00:00<?, ?it/s][A[A[A
100%|██████████| 4/4 [00:01<00:00,  3.27it/s]




  0%|          | 0/4 [00:00<?, ?it/s][A[A[A
100%|██████████| 4/4 [00:01<00:00,  3.28it/s]




  0%|          | 0/4 [00:00<?, ?it/s][A[A[A
100%|██████████| 4/4 [00:01<00:00,  3.19it/s]




  0%|          | 0/4 [00:00<?, ?it/s][A[A[A
100%|██████████| 4/4 [00:01<00:00,  3.26it/s]




  0%|          | 0/4 [00:00<?, ?it/s][A[A[A
100%|██████████| 4/4 [00:01<00:00,  3.26it/s]



Memory Creation loop:  97%|█████████▋| 4168/4293 [2:08:01<03:50,  1.84s/it][A[A



  0%|          | 0/4 [00:00<?, ?it/s][A[A[A
100%|██████████| 4/4 [00:01<00:00,  3.26it/s]




  0%|          | 0/4 [00:00<?, ?it/s][A[A[A
100%|██████████| 4/4 [00:01<00:00,  3.26it/s]




  0%|          | 0/4 [00:00<?, ?it/s][A[A[A
100%|██████████| 4/4 [00:01<00:00,  3.16it/s]




  0%|          | 0/4 [00:00<?, ?it/s][A[A[A
100%|██████████| 4/4 [00:01<00:00,  3.24it/s]




  0%|          | 0/4 [00:00<?, ?it/s][A[A[A
100%|██████████| 4/4 [00:01<00:00,  3.26it/s]




  0%|          | 0/4 [00:00<?, ?it/s][A[A[A


Memory Creation loop:  97%|█████████▋| 4168/4293 [2:08:12<03:50,  1.84s/it][A[A
100%|██████████| 4/4 [00:01<00:00,  3.26it/s]



Memory Creation loop:  97%|█████████▋| 4174/4293 [2:08:12<03:39,  1.84s/it][A[A



  0%|          | 0/4 [00:00<?, ?it/s][A[A[A
100%|██████████| 4/4 [00:01<00:00,  3.26it/s]




  0%|          | 0/4 [00:00<?, ?it/s][A[A[A
100%|██████████| 4/4 [00:01<00:00,  3.27it/s]




  0%|          | 0/4 [00:00<?, ?it/s][A[A[A
100%|██████████| 4/4 [00:01<00:00,  3.27it/s]




  0%|          | 0/4 [00:00<?, ?it/s][A[A[A
100%|██████████| 4/4 [00:01<00:00,  3.26it/s]




  0%|          | 0/4 [00:00<?, ?it/s][A[A[A
100%|██████████| 4/4 [00:01<00:00,  3.26it/s]




  0%|          | 0/4 [00:00<?, ?it/s][A[A[A
100%|██████████| 4/4 [00:01<00:00,  3.27it/s]



Memory Creation loop:  97%|█████████▋| 4180/4293 [2:08:23<03:28,  1.84s/it][A[A



  0%|          | 0/4 [00:00<?, ?it/s][A[A[A
100%|██████████| 4/4 [00:01<00:00,  3.27it/s]




  0%|          | 0/4 [00:00<?, ?it/s][A[A[A
100%|██████████| 4/4 [00:01<00:00,  3.19it/s]




  0%|          | 0/4 [00:00<?, ?it/s][A[A[A
100%|██████████| 4/4 [00:01<00:00,  3.25it/s]




  0%|          | 0/4 [00:00<?, ?it/s][A[A[A
100%|██████████| 4/4 [00:01<00:00,  3.26it/s]




  0%|          | 0/4 [00:00<?, ?it/s][A[A[A
100%|██████████| 4/4 [00:01<00:00,  3.26it/s]




  0%|          | 0/4 [00:00<?, ?it/s][A[A[A
100%|██████████| 4/4 [00:01<00:00,  3.27it/s]



Memory Creation loop:  98%|█████████▊| 4186/4293 [2:08:34<03:17,  1.84s/it][A[A



  0%|          | 0/4 [00:00<?, ?it/s][A[A[A
100%|██████████| 4/4 [00:01<00:00,  3.27it/s]




  0%|          | 0/4 [00:00<?, ?it/s][A[A[A
100%|██████████| 4/4 [00:01<00:00,  3.26it/s]




  0%|          | 0/4 [00:00<?, ?it/s][A[A[A
100%|██████████| 4/4 [00:01<00:00,  3.27it/s]




  0%|          | 0/4 [00:00<?, ?it/s][A[A[A
100%|██████████| 4/4 [00:01<00:00,  3.27it/s]




  0%|          | 0/4 [00:00<?, ?it/s][A[A[A
100%|██████████| 4/4 [00:01<00:00,  3.26it/s]




  0%|          | 0/4 [00:00<?, ?it/s][A[A[A
100%|██████████| 4/4 [00:01<00:00,  3.26it/s]



Memory Creation loop:  98%|█████████▊| 4192/4293 [2:08:46<03:05,  1.84s/it][A[A



  0%|          | 0/4 [00:00<?, ?it/s][A[A[A
100%|██████████| 4/4 [00:01<00:00,  3.25it/s]




  0%|          | 0/4 [00:00<?, ?it/s][A[A[A
100%|██████████| 4/4 [00:01<00:00,  3.26it/s]




  0%|          | 0/4 [00:00<?, ?it/s][A[A[A
100%|██████████| 4/4 [00:01<00:00,  3.27it/s]




  0%|          | 0/4 [00:00<?, ?it/s][A[A[A
100%|██████████| 4/4 [00:01<00:00,  3.27it/s]




  0%|          | 0/4 [00:00<?, ?it/s][A[A[A
100%|██████████| 4/4 [00:01<00:00,  3.28it/s]




  0%|          | 0/4 [00:00<?, ?it/s][A[A[A
100%|██████████| 4/4 [00:01<00:00,  3.27it/s]



Memory Creation loop:  98%|█████████▊| 4198/4293 [2:08:57<02:54,  1.84s/it][A[A



  0%|          | 0/4 [00:00<?, ?it/s][A[A[A
100%|██████████| 4/4 [00:01<00:00,  3.26it/s]




  0%|          | 0/4 [00:00<?, ?it/s][A[A[A
100%|██████████| 4/4 [00:01<00:00,  3.27it/s]




  0%|          | 0/4 [00:00<?, ?it/s][A[A[A
100%|██████████| 4/4 [00:01<00:00,  3.27it/s]




  0%|          | 0/4 [00:00<?, ?it/s][A[A[A
100%|██████████| 4/4 [00:01<00:00,  3.25it/s]




  0%|          | 0/4 [00:00<?, ?it/s][A[A[A
100%|██████████| 4/4 [00:01<00:00,  3.26it/s]




  0%|          | 0/4 [00:00<?, ?it/s][A[A[A
100%|██████████| 4/4 [00:01<00:00,  3.27it/s]



Memory Creation loop:  98%|█████████▊| 4204/4293 [2:09:08<02:43,  1.84s/it][A[A



  0%|          | 0/4 [00:00<?, ?it/s][A[A[A
100%|██████████| 4/4 [00:01<00:00,  3.27it/s]




  0%|          | 0/4 [00:00<?, ?it/s][A[A[A
100%|██████████| 4/4 [00:01<00:00,  3.27it/s]




  0%|          | 0/4 [00:00<?, ?it/s][A[A[A
100%|██████████| 4/4 [00:01<00:00,  3.26it/s]




  0%|          | 0/4 [00:00<?, ?it/s][A[A[A
100%|██████████| 4/4 [00:01<00:00,  3.26it/s]




  0%|          | 0/4 [00:00<?, ?it/s][A[A[A
100%|██████████| 4/4 [00:01<00:00,  3.26it/s]




  0%|          | 0/4 [00:00<?, ?it/s][A[A[A
100%|██████████| 4/4 [00:01<00:00,  3.26it/s]



Memory Creation loop:  98%|█████████▊| 4210/4293 [2:09:19<02:32,  1.84s/it][A[A



  0%|          | 0/4 [00:00<?, ?it/s][A[A[A
100%|██████████| 4/4 [00:01<00:00,  3.26it/s]




  0%|          | 0/4 [00:00<?, ?it/s][A[A[A
100%|██████████| 4/4 [00:01<00:00,  3.26it/s]




  0%|          | 0/4 [00:00<?, ?it/s][A[A[A
100%|██████████| 4/4 [00:01<00:00,  3.27it/s]




  0%|          | 0/4 [00:00<?, ?it/s][A[A[A
100%|██████████| 4/4 [00:01<00:00,  3.27it/s]




  0%|          | 0/4 [00:00<?, ?it/s][A[A[A
100%|██████████| 4/4 [00:01<00:00,  3.26it/s]




  0%|          | 0/4 [00:00<?, ?it/s][A[A[A
100%|██████████| 4/4 [00:01<00:00,  3.27it/s]



Memory Creation loop:  98%|█████████▊| 4216/4293 [2:09:30<02:21,  1.84s/it][A[A



  0%|          | 0/4 [00:00<?, ?it/s][A[A[A
100%|██████████| 4/4 [00:01<00:00,  3.26it/s]




  0%|          | 0/4 [00:00<?, ?it/s][A[A[A
100%|██████████| 4/4 [00:01<00:00,  3.27it/s]




  0%|          | 0/4 [00:00<?, ?it/s][A[A[A
100%|██████████| 4/4 [00:01<00:00,  3.26it/s]




  0%|          | 0/4 [00:00<?, ?it/s][A[A[A
100%|██████████| 4/4 [00:01<00:00,  3.26it/s]




  0%|          | 0/4 [00:00<?, ?it/s][A[A[A
100%|██████████| 4/4 [00:01<00:00,  3.26it/s]




  0%|          | 0/4 [00:00<?, ?it/s][A[A[A
100%|██████████| 4/4 [00:01<00:00,  3.27it/s]



Memory Creation loop:  98%|█████████▊| 4222/4293 [2:09:41<02:10,  1.84s/it][A[A



  0%|          | 0/4 [00:00<?, ?it/s][A[A[A
100%|██████████| 4/4 [00:01<00:00,  3.26it/s]




  0%|          | 0/4 [00:00<?, ?it/s][A[A[A
100%|██████████| 4/4 [00:01<00:00,  3.26it/s]




  0%|          | 0/4 [00:00<?, ?it/s][A[A[A
100%|██████████| 4/4 [00:01<00:00,  3.27it/s]




  0%|          | 0/4 [00:00<?, ?it/s][A[A[A
100%|██████████| 4/4 [00:01<00:00,  3.26it/s]




  0%|          | 0/4 [00:00<?, ?it/s][A[A[A
100%|██████████| 4/4 [00:01<00:00,  3.27it/s]




  0%|          | 0/4 [00:00<?, ?it/s][A[A[A
100%|██████████| 4/4 [00:01<00:00,  3.26it/s]



Memory Creation loop:  98%|█████████▊| 4228/4293 [2:09:52<01:59,  1.84s/it][A[A



  0%|          | 0/4 [00:00<?, ?it/s][A[A[A
100%|██████████| 4/4 [00:01<00:00,  3.27it/s]




  0%|          | 0/4 [00:00<?, ?it/s][A[A[A
100%|██████████| 4/4 [00:01<00:00,  3.28it/s]




  0%|          | 0/4 [00:00<?, ?it/s][A[A[A
100%|██████████| 4/4 [00:01<00:00,  3.27it/s]




  0%|          | 0/4 [00:00<?, ?it/s][A[A[A
100%|██████████| 4/4 [00:01<00:00,  3.27it/s]




  0%|          | 0/4 [00:00<?, ?it/s][A[A[A
100%|██████████| 4/4 [00:01<00:00,  3.28it/s]




  0%|          | 0/4 [00:00<?, ?it/s][A[A[A


Memory Creation loop:  98%|█████████▊| 4228/4293 [2:10:02<01:59,  1.84s/it][A[A
100%|██████████| 4/4 [00:01<00:00,  3.23it/s]



Memory Creation loop:  99%|█████████▊| 4234/4293 [2:10:03<01:48,  1.84s/it][A[A



  0%|          | 0/4 [00:00<?, ?it/s][A[A[A
100%|██████████| 4/4 [00:01<00:00,  3.26it/s]




  0%|          | 0/4 [00:00<?, ?it/s][A[A[A
100%|██████████| 4/4 [00:01<00:00,  3.26it/s]




  0%|          | 0/4 [00:00<?, ?it/s][A[A[A
100%|██████████| 4/4 [00:01<00:00,  3.27it/s]




  0%|          | 0/4 [00:00<?, ?it/s][A[A[A
100%|██████████| 4/4 [00:01<00:00,  3.27it/s]




  0%|          | 0/4 [00:00<?, ?it/s][A[A[A
100%|██████████| 4/4 [00:01<00:00,  3.25it/s]




  0%|          | 0/4 [00:00<?, ?it/s][A[A[A
100%|██████████| 4/4 [00:01<00:00,  3.25it/s]



Memory Creation loop:  99%|█████████▉| 4240/4293 [2:10:14<01:37,  1.84s/it][A[A



  0%|          | 0/4 [00:00<?, ?it/s][A[A[A
100%|██████████| 4/4 [00:01<00:00,  3.27it/s]




  0%|          | 0/4 [00:00<?, ?it/s][A[A[A
100%|██████████| 4/4 [00:01<00:00,  3.26it/s]




  0%|          | 0/4 [00:00<?, ?it/s][A[A[A
100%|██████████| 4/4 [00:01<00:00,  3.27it/s]




  0%|          | 0/4 [00:00<?, ?it/s][A[A[A
100%|██████████| 4/4 [00:01<00:00,  3.27it/s]




  0%|          | 0/4 [00:00<?, ?it/s][A[A[A
100%|██████████| 4/4 [00:01<00:00,  3.27it/s]




  0%|          | 0/4 [00:00<?, ?it/s][A[A[A
100%|██████████| 4/4 [00:01<00:00,  3.27it/s]



Memory Creation loop:  99%|█████████▉| 4246/4293 [2:10:25<01:26,  1.84s/it][A[A



  0%|          | 0/4 [00:00<?, ?it/s][A[A[A
100%|██████████| 4/4 [00:01<00:00,  3.26it/s]




  0%|          | 0/4 [00:00<?, ?it/s][A[A[A
100%|██████████| 4/4 [00:01<00:00,  3.25it/s]




  0%|          | 0/4 [00:00<?, ?it/s][A[A[A
100%|██████████| 4/4 [00:01<00:00,  3.27it/s]




  0%|          | 0/4 [00:00<?, ?it/s][A[A[A
100%|██████████| 4/4 [00:01<00:00,  3.27it/s]




  0%|          | 0/4 [00:00<?, ?it/s][A[A[A
100%|██████████| 4/4 [00:01<00:00,  3.27it/s]




  0%|          | 0/4 [00:00<?, ?it/s][A[A[A
100%|██████████| 4/4 [00:01<00:00,  3.27it/s]



Memory Creation loop:  99%|█████████▉| 4252/4293 [2:10:36<01:15,  1.84s/it][A[A



  0%|          | 0/4 [00:00<?, ?it/s][A[A[A
100%|██████████| 4/4 [00:01<00:00,  3.27it/s]




  0%|          | 0/4 [00:00<?, ?it/s][A[A[A
100%|██████████| 4/4 [00:01<00:00,  3.27it/s]




  0%|          | 0/4 [00:00<?, ?it/s][A[A[A
100%|██████████| 4/4 [00:01<00:00,  3.27it/s]




  0%|          | 0/4 [00:00<?, ?it/s][A[A[A
100%|██████████| 4/4 [00:01<00:00,  3.25it/s]




  0%|          | 0/4 [00:00<?, ?it/s][A[A[A
100%|██████████| 4/4 [00:01<00:00,  3.26it/s]




  0%|          | 0/4 [00:00<?, ?it/s][A[A[A
100%|██████████| 4/4 [00:01<00:00,  3.25it/s]



Memory Creation loop:  99%|█████████▉| 4258/4293 [2:10:47<01:04,  1.84s/it][A[A



  0%|          | 0/4 [00:00<?, ?it/s][A[A[A
100%|██████████| 4/4 [00:01<00:00,  3.26it/s]




  0%|          | 0/4 [00:00<?, ?it/s][A[A[A
100%|██████████| 4/4 [00:01<00:00,  3.26it/s]




  0%|          | 0/4 [00:00<?, ?it/s][A[A[A
100%|██████████| 4/4 [00:01<00:00,  3.26it/s]




  0%|          | 0/4 [00:00<?, ?it/s][A[A[A
100%|██████████| 4/4 [00:01<00:00,  3.27it/s]




  0%|          | 0/4 [00:00<?, ?it/s][A[A[A
100%|██████████| 4/4 [00:01<00:00,  3.26it/s]




  0%|          | 0/4 [00:00<?, ?it/s][A[A[A
100%|██████████| 4/4 [00:01<00:00,  3.25it/s]



Memory Creation loop:  99%|█████████▉| 4264/4293 [2:10:58<00:53,  1.84s/it][A[A



  0%|          | 0/4 [00:00<?, ?it/s][A[A[A
100%|██████████| 4/4 [00:01<00:00,  3.26it/s]




  0%|          | 0/4 [00:00<?, ?it/s][A[A[A
100%|██████████| 4/4 [00:01<00:00,  3.26it/s]




  0%|          | 0/4 [00:00<?, ?it/s][A[A[A
100%|██████████| 4/4 [00:01<00:00,  3.26it/s]




  0%|          | 0/4 [00:00<?, ?it/s][A[A[A
100%|██████████| 4/4 [00:01<00:00,  3.26it/s]




  0%|          | 0/4 [00:00<?, ?it/s][A[A[A
100%|██████████| 4/4 [00:01<00:00,  3.27it/s]




  0%|          | 0/4 [00:00<?, ?it/s][A[A[A
100%|██████████| 4/4 [00:01<00:00,  3.27it/s]



Memory Creation loop:  99%|█████████▉| 4270/4293 [2:11:09<00:42,  1.84s/it][A[A



  0%|          | 0/4 [00:00<?, ?it/s][A[A[A
100%|██████████| 4/4 [00:01<00:00,  3.26it/s]




  0%|          | 0/4 [00:00<?, ?it/s][A[A[A
100%|██████████| 4/4 [00:01<00:00,  3.25it/s]




  0%|          | 0/4 [00:00<?, ?it/s][A[A[A
100%|██████████| 4/4 [00:01<00:00,  3.26it/s]




  0%|          | 0/4 [00:00<?, ?it/s][A[A[A
100%|██████████| 4/4 [00:01<00:00,  3.25it/s]




  0%|          | 0/4 [00:00<?, ?it/s][A[A[A
100%|██████████| 4/4 [00:01<00:00,  3.26it/s]




  0%|          | 0/4 [00:00<?, ?it/s][A[A[A
100%|██████████| 4/4 [00:01<00:00,  3.25it/s]



Memory Creation loop: 100%|█████████▉| 4276/4293 [2:11:20<00:31,  1.84s/it][A[A



  0%|          | 0/4 [00:00<?, ?it/s][A[A[A
100%|██████████| 4/4 [00:01<00:00,  3.26it/s]




  0%|          | 0/4 [00:00<?, ?it/s][A[A[A
100%|██████████| 4/4 [00:01<00:00,  3.26it/s]




  0%|          | 0/4 [00:00<?, ?it/s][A[A[A
100%|██████████| 4/4 [00:01<00:00,  3.25it/s]




  0%|          | 0/4 [00:00<?, ?it/s][A[A[A
100%|██████████| 4/4 [00:01<00:00,  3.25it/s]




  0%|          | 0/4 [00:00<?, ?it/s][A[A[A
100%|██████████| 4/4 [00:01<00:00,  3.26it/s]




  0%|          | 0/4 [00:00<?, ?it/s][A[A[A
100%|██████████| 4/4 [00:01<00:00,  3.26it/s]



Memory Creation loop: 100%|█████████▉| 4282/4293 [2:11:31<00:20,  1.84s/it][A[A



  0%|          | 0/4 [00:00<?, ?it/s][A[A[A
100%|██████████| 4/4 [00:01<00:00,  3.26it/s]




  0%|          | 0/4 [00:00<?, ?it/s][A[A[A
100%|██████████| 4/4 [00:01<00:00,  3.26it/s]




  0%|          | 0/4 [00:00<?, ?it/s][A[A[A
100%|██████████| 4/4 [00:01<00:00,  3.26it/s]




  0%|          | 0/4 [00:00<?, ?it/s][A[A[A
100%|██████████| 4/4 [00:01<00:00,  3.26it/s]




  0%|          | 0/4 [00:00<?, ?it/s][A[A[A
100%|██████████| 4/4 [00:01<00:00,  3.26it/s]




  0%|          | 0/4 [00:00<?, ?it/s][A[A[A
100%|██████████| 4/4 [00:01<00:00,  3.25it/s]



Memory Creation loop: 100%|█████████▉| 4288/4293 [2:11:42<00:09,  1.84s/it][A[A



  0%|          | 0/4 [00:00<?, ?it/s][A[A[A
100%|██████████| 4/4 [00:01<00:00,  3.25it/s]




  0%|          | 0/4 [00:00<?, ?it/s][A[A[A
100%|██████████| 4/4 [00:01<00:00,  3.25it/s]




  0%|          | 0/4 [00:00<?, ?it/s][A[A[A
100%|██████████| 4/4 [00:01<00:00,  3.25it/s]




  0%|          | 0/4 [00:00<?, ?it/s][A[A[A
100%|██████████| 4/4 [00:01<00:00,  3.26it/s]




  0%|          | 0/4 [00:00<?, ?it/s][A[A[A
100%|██████████| 4/4 [00:01<00:00,  3.27it/s]

Memory Creation loop: 100%|██████████| 4293/4293 [2:11:51<00:00,  1.84s/it]


Augmentation loop: 100%|██████████| 1/1 [2:11:51<00:00, 7911.80s/it][A
Augmentation loop: 100%|██████████| 1/1 [2:11:51<00:00, 7911.80s/it]
Using shard index
✅ MVImgNet Loaded → Train: 0 | Val: 4293


Evaluation loop:   0%|          | 0/1073 [00:00<?, ?it/s][A

Evaluation loop:   0%|          | 1/1073 [00:04<1:16:31,  4.28s/it][A

Evaluation loop:   0%|          | 2/1073 [00:06<53:11,  2.98s/it]  [A

Evaluation loop:   0%|          | 3/1073 [00:08<45:43,  2.56s/it][A

Evaluation loop:   0%|          | 4/1073 [00:10<41:53,  2.35s/it][A

Evaluation loop:   0%|          | 5/1073 [00:12<39:42,  2.23s/it][A

Evaluation loop:   1%|          | 6/1073 [00:14<38:38,  2.17s/it][A

Evaluation loop:   1%|          | 7/1073 [00:16<37:57,  2.14s/it][A

Evaluation loop:   1%|          | 8/1073 [00:18<37:32,  2.12s/it][A

Evaluation loop:   1%|          | 9/1073 [00:20<37:04,  2.09s/it][A

Evaluation loop:   1%|          | 10/1073 [00:22<37:11,  2.10s/it][A

Evaluation loop:   1%|          | 11/1073 [00:24<36:51,  2.08s/it][A

Evaluation loop:   1%|          | 12/1073 [00:26<36:51,  2.08s/it][A

Evaluation loop:   1%|          | 13/1073 [00:29<37:33,  2.13s/it][A

Evaluation loop:   1%|▏         | 14/1073 [00:31<37:13,  2.11s/it][A

Evaluation loop:   1%|▏         | 15/1073 [00:33<36:47,  2.09s/it][A

Evaluation loop:   1%|▏         | 16/1073 [00:35<36:22,  2.07s/it][A

Evaluation loop:   2%|▏         | 17/1073 [00:37<36:07,  2.05s/it][A

Evaluation loop:   2%|▏         | 18/1073 [00:39<35:55,  2.04s/it][A

Evaluation loop:   2%|▏         | 19/1073 [00:41<35:40,  2.03s/it][A

Evaluation loop:   2%|▏         | 20/1073 [00:43<35:39,  2.03s/it][A

Evaluation loop:   2%|▏         | 21/1073 [00:45<35:57,  2.05s/it][A

Evaluation loop:   2%|▏         | 22/1073 [00:47<36:15,  2.07s/it][A

Evaluation loop:   2%|▏         | 23/1073 [00:49<35:58,  2.06s/it][A

Evaluation loop:   2%|▏         | 24/1073 [00:51<35:44,  2.04s/it][A

Evaluation loop:   2%|▏         | 25/1073 [00:53<35:38,  2.04s/it][A

Evaluation loop:   2%|▏         | 26/1073 [00:55<35:29,  2.03s/it][A

Evaluation loop:   3%|▎         | 27/1073 [00:57<35:22,  2.03s/it][A

Evaluation loop:   3%|▎         | 28/1073 [00:59<35:57,  2.06s/it][A

Evaluation loop:   3%|▎         | 29/1073 [01:01<35:50,  2.06s/it][A

Evaluation loop:   3%|▎         | 30/1073 [01:03<35:30,  2.04s/it][A

Evaluation loop:   3%|▎         | 31/1073 [01:05<35:22,  2.04s/it][A

Evaluation loop:   3%|▎         | 32/1073 [01:07<35:11,  2.03s/it][A

Evaluation loop:   3%|▎         | 33/1073 [01:09<35:09,  2.03s/it][A

Evaluation loop:   3%|▎         | 34/1073 [01:11<35:08,  2.03s/it][A

Evaluation loop:   3%|▎         | 35/1073 [01:13<35:01,  2.02s/it][A

Evaluation loop:   3%|▎         | 36/1073 [01:16<34:58,  2.02s/it][A

Evaluation loop:   3%|▎         | 37/1073 [01:18<35:20,  2.05s/it][A

Evaluation loop:   4%|▎         | 38/1073 [01:20<35:20,  2.05s/it][A

Evaluation loop:   4%|▎         | 39/1073 [01:22<35:16,  2.05s/it][A

Evaluation loop:   4%|▎         | 40/1073 [01:24<35:07,  2.04s/it][A

Evaluation loop:   4%|▍         | 41/1073 [01:26<35:11,  2.05s/it][A

Evaluation loop:   4%|▍         | 42/1073 [01:28<35:30,  2.07s/it][A

Evaluation loop:   4%|▍         | 43/1073 [01:30<35:22,  2.06s/it][A

Evaluation loop:   4%|▍         | 44/1073 [01:32<35:13,  2.05s/it][A

Evaluation loop:   4%|▍         | 45/1073 [01:34<35:11,  2.05s/it][A

Evaluation loop:   4%|▍         | 46/1073 [01:36<35:01,  2.05s/it][A

Evaluation loop:   4%|▍         | 47/1073 [01:38<34:57,  2.04s/it][A

Evaluation loop:   4%|▍         | 48/1073 [01:40<34:50,  2.04s/it][A

Evaluation loop:   5%|▍         | 49/1073 [01:42<34:52,  2.04s/it][A

Evaluation loop:   5%|▍         | 50/1073 [01:44<34:45,  2.04s/it][A

Evaluation loop:   5%|▍         | 51/1073 [01:46<35:09,  2.06s/it][A

Evaluation loop:   5%|▍         | 52/1073 [01:48<34:57,  2.05s/it][A

Evaluation loop:   5%|▍         | 53/1073 [01:50<34:54,  2.05s/it][A

Evaluation loop:   5%|▌         | 54/1073 [01:52<34:37,  2.04s/it][A

Evaluation loop:   5%|▌         | 55/1073 [01:54<34:27,  2.03s/it][A

Evaluation loop:   5%|▌         | 56/1073 [01:56<34:13,  2.02s/it][A

Evaluation loop:   5%|▌         | 57/1073 [01:59<35:17,  2.08s/it][A

Evaluation loop:   5%|▌         | 58/1073 [02:01<34:57,  2.07s/it][A

Evaluation loop:   5%|▌         | 59/1073 [02:03<34:40,  2.05s/it][A

Evaluation loop:   6%|▌         | 60/1073 [02:05<34:51,  2.07s/it][A

Evaluation loop:   6%|▌         | 61/1073 [02:07<34:33,  2.05s/it][A

Evaluation loop:   6%|▌         | 62/1073 [02:09<34:20,  2.04s/it][A

Evaluation loop:   6%|▌         | 63/1073 [02:11<34:18,  2.04s/it][A

Evaluation loop:   6%|▌         | 64/1073 [02:13<34:09,  2.03s/it][A

Evaluation loop:   6%|▌         | 65/1073 [02:15<34:01,  2.03s/it][A

Evaluation loop:   6%|▌         | 66/1073 [02:17<33:58,  2.02s/it][A

Evaluation loop:   6%|▌         | 67/1073 [02:19<34:02,  2.03s/it][A

Evaluation loop:   6%|▋         | 68/1073 [02:21<34:00,  2.03s/it][A

Evaluation loop:   6%|▋         | 69/1073 [02:23<33:54,  2.03s/it][A

Evaluation loop:   7%|▋         | 70/1073 [02:25<33:44,  2.02s/it][A

Evaluation loop:   7%|▋         | 71/1073 [02:27<33:46,  2.02s/it][A

Evaluation loop:   7%|▋         | 72/1073 [02:29<34:22,  2.06s/it][A

Evaluation loop:   7%|▋         | 73/1073 [02:31<34:14,  2.05s/it][A

Evaluation loop:   7%|▋         | 74/1073 [02:33<33:57,  2.04s/it][A

Evaluation loop:   7%|▋         | 75/1073 [02:35<33:55,  2.04s/it][A

Evaluation loop:   7%|▋         | 76/1073 [02:37<33:41,  2.03s/it][A

Evaluation loop:   7%|▋         | 77/1073 [02:39<34:12,  2.06s/it][A

Evaluation loop:   7%|▋         | 78/1073 [02:41<33:58,  2.05s/it][A

Evaluation loop:   7%|▋         | 79/1073 [02:43<33:50,  2.04s/it][A

Evaluation loop:   7%|▋         | 80/1073 [02:45<33:37,  2.03s/it][A

Evaluation loop:   8%|▊         | 81/1073 [02:48<33:39,  2.04s/it][A

Evaluation loop:   8%|▊         | 82/1073 [02:50<33:26,  2.02s/it][A

Evaluation loop:   8%|▊         | 83/1073 [02:52<33:32,  2.03s/it][A

Evaluation loop:   8%|▊         | 84/1073 [02:54<33:26,  2.03s/it][A

Evaluation loop:   8%|▊         | 85/1073 [02:56<33:26,  2.03s/it][A

Evaluation loop:   8%|▊         | 86/1073 [02:58<33:20,  2.03s/it][A

Evaluation loop:   8%|▊         | 87/1073 [03:00<33:50,  2.06s/it][A

Evaluation loop:   8%|▊         | 88/1073 [03:02<33:38,  2.05s/it][A

Evaluation loop:   8%|▊         | 89/1073 [03:04<33:29,  2.04s/it][A

Evaluation loop:   8%|▊         | 90/1073 [03:06<33:18,  2.03s/it][A

Evaluation loop:   8%|▊         | 91/1073 [03:08<33:21,  2.04s/it][A

Evaluation loop:   9%|▊         | 92/1073 [03:10<33:25,  2.04s/it][A

Evaluation loop:   9%|▊         | 93/1073 [03:12<33:20,  2.04s/it][A

Evaluation loop:   9%|▉         | 94/1073 [03:14<33:17,  2.04s/it][A

Evaluation loop:   9%|▉         | 95/1073 [03:16<33:12,  2.04s/it][A

Evaluation loop:   9%|▉         | 96/1073 [03:18<32:57,  2.02s/it][A

Evaluation loop:   9%|▉         | 97/1073 [03:20<32:58,  2.03s/it][A

Evaluation loop:   9%|▉         | 98/1073 [03:22<32:45,  2.02s/it][A

Evaluation loop:   9%|▉         | 99/1073 [03:24<32:47,  2.02s/it][A

Evaluation loop:   9%|▉         | 100/1073 [03:26<33:21,  2.06s/it][A

Evaluation loop:   9%|▉         | 101/1073 [03:28<33:11,  2.05s/it][A

Evaluation loop:  10%|▉         | 102/1073 [03:30<33:00,  2.04s/it][A

Evaluation loop:  10%|▉         | 103/1073 [03:32<32:55,  2.04s/it][A

Evaluation loop:  10%|▉         | 104/1073 [03:34<32:50,  2.03s/it][A

Evaluation loop:  10%|▉         | 105/1073 [03:36<32:50,  2.04s/it][A

Evaluation loop:  10%|▉         | 106/1073 [03:38<32:37,  2.02s/it][A

Evaluation loop:  10%|▉         | 107/1073 [03:40<32:32,  2.02s/it][A

Evaluation loop:  10%|█         | 108/1073 [03:42<32:19,  2.01s/it][A

Evaluation loop:  10%|█         | 109/1073 [03:44<32:18,  2.01s/it][A

Evaluation loop:  10%|█         | 110/1073 [03:46<32:08,  2.00s/it][A

Evaluation loop:  10%|█         | 111/1073 [03:48<32:07,  2.00s/it][A

Evaluation loop:  10%|█         | 112/1073 [03:50<32:03,  2.00s/it][A

Evaluation loop:  11%|█         | 113/1073 [03:52<32:11,  2.01s/it][A

Evaluation loop:  11%|█         | 114/1073 [03:54<32:04,  2.01s/it][A

Evaluation loop:  11%|█         | 115/1073 [03:56<32:11,  2.02s/it][A

Evaluation loop:  11%|█         | 116/1073 [03:59<33:06,  2.08s/it][A

Evaluation loop:  11%|█         | 117/1073 [04:01<32:56,  2.07s/it][A

Evaluation loop:  11%|█         | 118/1073 [04:03<32:33,  2.05s/it][A

Evaluation loop:  11%|█         | 119/1073 [04:05<32:19,  2.03s/it][A

Evaluation loop:  11%|█         | 120/1073 [04:07<32:06,  2.02s/it][A

Evaluation loop:  11%|█▏        | 121/1073 [04:09<31:52,  2.01s/it][A

Evaluation loop:  11%|█▏        | 122/1073 [04:11<31:41,  2.00s/it][A

Evaluation loop:  11%|█▏        | 123/1073 [04:13<31:35,  1.99s/it][A

Evaluation loop:  12%|█▏        | 124/1073 [04:15<31:33,  2.00s/it][A

Evaluation loop:  12%|█▏        | 125/1073 [04:17<31:26,  1.99s/it][A

Evaluation loop:  12%|█▏        | 126/1073 [04:19<31:22,  1.99s/it][A

Evaluation loop:  12%|█▏        | 127/1073 [04:21<31:15,  1.98s/it][A

Evaluation loop:  12%|█▏        | 128/1073 [04:23<31:11,  1.98s/it][A

Evaluation loop:  12%|█▏        | 129/1073 [04:25<31:09,  1.98s/it][A

Evaluation loop:  12%|█▏        | 130/1073 [04:27<31:13,  1.99s/it][A

Evaluation loop:  12%|█▏        | 131/1073 [04:29<31:50,  2.03s/it][A

Evaluation loop:  12%|█▏        | 132/1073 [04:31<31:34,  2.01s/it][A

Evaluation loop:  12%|█▏        | 133/1073 [04:33<31:20,  2.00s/it][A

Evaluation loop:  12%|█▏        | 134/1073 [04:35<31:12,  1.99s/it][A

Evaluation loop:  13%|█▎        | 135/1073 [04:37<31:05,  1.99s/it][A

Evaluation loop:  13%|█▎        | 136/1073 [04:39<31:01,  1.99s/it][A

Evaluation loop:  13%|█▎        | 137/1073 [04:41<31:04,  1.99s/it][A

Evaluation loop:  13%|█▎        | 138/1073 [04:43<30:57,  1.99s/it][A

Evaluation loop:  13%|█▎        | 139/1073 [04:44<30:51,  1.98s/it][A

Evaluation loop:  13%|█▎        | 140/1073 [04:46<30:47,  1.98s/it][A

Evaluation loop:  13%|█▎        | 141/1073 [04:48<30:44,  1.98s/it][A

Evaluation loop:  13%|█▎        | 142/1073 [04:50<30:47,  1.98s/it][A

Evaluation loop:  13%|█▎        | 143/1073 [04:52<30:47,  1.99s/it][A

Evaluation loop:  13%|█▎        | 144/1073 [04:55<31:22,  2.03s/it][A

Evaluation loop:  14%|█▎        | 145/1073 [04:57<31:09,  2.01s/it][A

Evaluation loop:  14%|█▎        | 146/1073 [04:59<31:39,  2.05s/it][A

Evaluation loop:  14%|█▎        | 147/1073 [05:01<31:28,  2.04s/it][A

Evaluation loop:  14%|█▍        | 148/1073 [05:03<31:14,  2.03s/it][A

Evaluation loop:  14%|█▍        | 149/1073 [05:05<30:58,  2.01s/it][A

Evaluation loop:  14%|█▍        | 150/1073 [05:07<30:47,  2.00s/it][A

Evaluation loop:  14%|█▍        | 151/1073 [05:09<30:48,  2.00s/it][A

Evaluation loop:  14%|█▍        | 152/1073 [05:11<30:38,  2.00s/it][A

Evaluation loop:  14%|█▍        | 153/1073 [05:13<30:30,  1.99s/it][A

Evaluation loop:  14%|█▍        | 154/1073 [05:15<30:32,  1.99s/it][A

Evaluation loop:  14%|█▍        | 155/1073 [05:17<30:32,  2.00s/it][A

Evaluation loop:  15%|█▍        | 156/1073 [05:19<30:23,  1.99s/it][A

Evaluation loop:  15%|█▍        | 157/1073 [05:21<30:19,  1.99s/it][A

Evaluation loop:  15%|█▍        | 158/1073 [05:23<30:20,  1.99s/it][A

Evaluation loop:  15%|█▍        | 159/1073 [05:25<30:14,  1.98s/it][A

Evaluation loop:  15%|█▍        | 160/1073 [05:26<30:08,  1.98s/it][A

Evaluation loop:  15%|█▌        | 161/1073 [05:29<30:57,  2.04s/it][A

Evaluation loop:  15%|█▌        | 162/1073 [05:31<30:53,  2.03s/it][A

Evaluation loop:  15%|█▌        | 163/1073 [05:33<30:36,  2.02s/it][A

Evaluation loop:  15%|█▌        | 164/1073 [05:35<30:21,  2.00s/it][A

Evaluation loop:  15%|█▌        | 165/1073 [05:37<30:13,  2.00s/it][A

Evaluation loop:  15%|█▌        | 166/1073 [05:39<30:46,  2.04s/it][A

Evaluation loop:  16%|█▌        | 167/1073 [05:41<30:32,  2.02s/it][A

Evaluation loop:  16%|█▌        | 168/1073 [05:43<30:24,  2.02s/it][A

Evaluation loop:  16%|█▌        | 169/1073 [05:45<30:14,  2.01s/it][A

Evaluation loop:  16%|█▌        | 170/1073 [05:47<30:08,  2.00s/it][A

Evaluation loop:  16%|█▌        | 171/1073 [05:49<30:03,  2.00s/it][A

Evaluation loop:  16%|█▌        | 172/1073 [05:51<30:01,  2.00s/it][A

Evaluation loop:  16%|█▌        | 173/1073 [05:53<29:56,  2.00s/it][A

Evaluation loop:  16%|█▌        | 174/1073 [05:55<29:52,  1.99s/it][A

Evaluation loop:  16%|█▋        | 175/1073 [05:57<30:08,  2.01s/it][A

Evaluation loop:  16%|█▋        | 176/1073 [05:59<30:39,  2.05s/it][A

Evaluation loop:  16%|█▋        | 177/1073 [06:01<30:20,  2.03s/it][A

Evaluation loop:  17%|█▋        | 178/1073 [06:03<30:18,  2.03s/it][A

Evaluation loop:  17%|█▋        | 179/1073 [06:05<30:03,  2.02s/it][A

Evaluation loop:  17%|█▋        | 180/1073 [06:07<29:58,  2.01s/it][A

Evaluation loop:  17%|█▋        | 181/1073 [06:09<29:50,  2.01s/it][A

Evaluation loop:  17%|█▋        | 182/1073 [06:11<29:43,  2.00s/it][A

Evaluation loop:  17%|█▋        | 183/1073 [06:13<29:38,  2.00s/it][A

Evaluation loop:  17%|█▋        | 184/1073 [06:15<29:35,  2.00s/it][A

Evaluation loop:  17%|█▋        | 185/1073 [06:17<29:44,  2.01s/it][A

Evaluation loop:  17%|█▋        | 186/1073 [06:19<29:40,  2.01s/it][A

Evaluation loop:  17%|█▋        | 187/1073 [06:21<29:32,  2.00s/it][A

Evaluation loop:  18%|█▊        | 188/1073 [06:23<29:40,  2.01s/it][A

Evaluation loop:  18%|█▊        | 189/1073 [06:25<29:31,  2.00s/it][A

Evaluation loop:  18%|█▊        | 190/1073 [06:27<29:25,  2.00s/it][A

Evaluation loop:  18%|█▊        | 191/1073 [06:29<29:53,  2.03s/it][A

Evaluation loop:  18%|█▊        | 192/1073 [06:31<29:39,  2.02s/it][A

Evaluation loop:  18%|█▊        | 193/1073 [06:33<29:28,  2.01s/it][A

Evaluation loop:  18%|█▊        | 194/1073 [06:35<29:21,  2.00s/it][A

Evaluation loop:  18%|█▊        | 195/1073 [06:37<29:53,  2.04s/it][A

Evaluation loop:  18%|█▊        | 196/1073 [06:39<29:37,  2.03s/it][A

Evaluation loop:  18%|█▊        | 197/1073 [06:41<29:31,  2.02s/it][A

Evaluation loop:  18%|█▊        | 198/1073 [06:43<29:19,  2.01s/it][A

Evaluation loop:  19%|█▊        | 199/1073 [06:45<29:18,  2.01s/it][A

Evaluation loop:  19%|█▊        | 200/1073 [06:47<29:08,  2.00s/it][A

Evaluation loop:  19%|█▊        | 201/1073 [06:49<29:01,  2.00s/it][A

Evaluation loop:  19%|█▉        | 202/1073 [06:51<29:06,  2.00s/it][A

Evaluation loop:  19%|█▉        | 203/1073 [06:53<28:59,  2.00s/it][A

Evaluation loop:  19%|█▉        | 204/1073 [06:55<28:57,  2.00s/it][A

Evaluation loop:  19%|█▉        | 205/1073 [06:57<28:52,  2.00s/it][A

Evaluation loop:  19%|█▉        | 206/1073 [06:59<29:26,  2.04s/it][A

Evaluation loop:  19%|█▉        | 207/1073 [07:01<29:18,  2.03s/it][A

Evaluation loop:  19%|█▉        | 208/1073 [07:03<29:09,  2.02s/it][A

Evaluation loop:  19%|█▉        | 209/1073 [07:05<28:58,  2.01s/it][A

Evaluation loop:  20%|█▉        | 210/1073 [07:07<28:52,  2.01s/it][A

Evaluation loop:  20%|█▉        | 211/1073 [07:09<28:48,  2.01s/it][A

Evaluation loop:  20%|█▉        | 212/1073 [07:11<28:41,  2.00s/it][A

Evaluation loop:  20%|█▉        | 213/1073 [07:13<28:36,  2.00s/it][A

Evaluation loop:  20%|█▉        | 214/1073 [07:15<28:34,  2.00s/it][A

Evaluation loop:  20%|██        | 215/1073 [07:17<28:30,  1.99s/it][A

Evaluation loop:  20%|██        | 216/1073 [07:19<28:38,  2.00s/it][A

Evaluation loop:  20%|██        | 217/1073 [07:21<28:32,  2.00s/it][A

Evaluation loop:  20%|██        | 218/1073 [07:23<28:28,  2.00s/it][A

Evaluation loop:  20%|██        | 219/1073 [07:25<28:29,  2.00s/it][A

Evaluation loop:  21%|██        | 220/1073 [07:27<28:24,  2.00s/it][A

Evaluation loop:  21%|██        | 221/1073 [07:29<28:54,  2.04s/it][A

Evaluation loop:  21%|██        | 222/1073 [07:31<28:39,  2.02s/it][A

Evaluation loop:  21%|██        | 223/1073 [07:33<29:02,  2.05s/it][A

Evaluation loop:  21%|██        | 224/1073 [07:35<28:50,  2.04s/it][A

Evaluation loop:  21%|██        | 225/1073 [07:37<28:36,  2.02s/it][A

Evaluation loop:  21%|██        | 226/1073 [07:39<28:26,  2.01s/it][A

Evaluation loop:  21%|██        | 227/1073 [07:41<28:18,  2.01s/it][A

Evaluation loop:  21%|██        | 228/1073 [07:43<28:12,  2.00s/it][A

Evaluation loop:  21%|██▏       | 229/1073 [07:45<28:07,  2.00s/it][A

Evaluation loop:  21%|██▏       | 230/1073 [07:47<28:01,  1.99s/it][A

Evaluation loop:  22%|██▏       | 231/1073 [07:49<27:58,  1.99s/it][A

Evaluation loop:  22%|██▏       | 232/1073 [07:51<27:57,  2.00s/it][A

Evaluation loop:  22%|██▏       | 233/1073 [07:53<27:53,  1.99s/it][A

Evaluation loop:  22%|██▏       | 234/1073 [07:55<27:51,  1.99s/it][A

Evaluation loop:  22%|██▏       | 235/1073 [07:57<27:47,  1.99s/it][A

Evaluation loop:  22%|██▏       | 236/1073 [07:59<28:22,  2.03s/it][A

Evaluation loop:  22%|██▏       | 237/1073 [08:01<28:10,  2.02s/it][A

Evaluation loop:  22%|██▏       | 238/1073 [08:04<28:36,  2.06s/it][A

Evaluation loop:  22%|██▏       | 239/1073 [08:06<28:17,  2.03s/it][A

Evaluation loop:  22%|██▏       | 240/1073 [08:08<28:03,  2.02s/it][A

Evaluation loop:  22%|██▏       | 241/1073 [08:10<27:55,  2.01s/it][A

Evaluation loop:  23%|██▎       | 242/1073 [08:12<27:46,  2.01s/it][A

Evaluation loop:  23%|██▎       | 243/1073 [08:14<27:41,  2.00s/it][A

Evaluation loop:  23%|██▎       | 244/1073 [08:16<27:37,  2.00s/it][A

Evaluation loop:  23%|██▎       | 245/1073 [08:18<27:35,  2.00s/it][A

Evaluation loop:  23%|██▎       | 246/1073 [08:20<27:29,  2.00s/it][A

Evaluation loop:  23%|██▎       | 247/1073 [08:21<27:25,  1.99s/it][A

Evaluation loop:  23%|██▎       | 248/1073 [08:23<27:22,  1.99s/it][A

Evaluation loop:  23%|██▎       | 249/1073 [08:25<27:18,  1.99s/it][A

Evaluation loop:  23%|██▎       | 250/1073 [08:27<27:24,  2.00s/it][A

Evaluation loop:  23%|██▎       | 251/1073 [08:30<27:53,  2.04s/it][A

Evaluation loop:  23%|██▎       | 252/1073 [08:32<27:44,  2.03s/it][A

Evaluation loop:  24%|██▎       | 253/1073 [08:34<27:33,  2.02s/it][A

Evaluation loop:  24%|██▎       | 254/1073 [08:36<27:24,  2.01s/it][A

Evaluation loop:  24%|██▍       | 255/1073 [08:38<27:16,  2.00s/it][A

Evaluation loop:  24%|██▍       | 256/1073 [08:40<27:12,  2.00s/it][A

Evaluation loop:  24%|██▍       | 257/1073 [08:42<27:08,  2.00s/it][A

Evaluation loop:  24%|██▍       | 258/1073 [08:44<27:05,  1.99s/it][A

Evaluation loop:  24%|██▍       | 259/1073 [08:46<27:02,  1.99s/it][A

Evaluation loop:  24%|██▍       | 260/1073 [08:48<27:00,  1.99s/it][A

Evaluation loop:  24%|██▍       | 261/1073 [08:50<27:03,  2.00s/it][A

Evaluation loop:  24%|██▍       | 262/1073 [08:52<26:59,  2.00s/it][A

Evaluation loop:  25%|██▍       | 263/1073 [08:54<26:58,  2.00s/it][A

Evaluation loop:  25%|██▍       | 264/1073 [08:56<26:59,  2.00s/it][A

Evaluation loop:  25%|██▍       | 265/1073 [08:58<26:52,  2.00s/it][A

Evaluation loop:  25%|██▍       | 266/1073 [09:00<27:23,  2.04s/it][A

Evaluation loop:  25%|██▍       | 267/1073 [09:02<27:09,  2.02s/it][A

Evaluation loop:  25%|██▍       | 268/1073 [09:04<27:04,  2.02s/it][A

Evaluation loop:  25%|██▌       | 269/1073 [09:06<26:56,  2.01s/it][A

Evaluation loop:  25%|██▌       | 270/1073 [09:08<26:49,  2.00s/it][A

Evaluation loop:  25%|██▌       | 271/1073 [09:10<26:42,  2.00s/it][A

Evaluation loop:  25%|██▌       | 272/1073 [09:12<26:37,  1.99s/it][A

Evaluation loop:  25%|██▌       | 273/1073 [09:14<26:33,  1.99s/it][A

Evaluation loop:  26%|██▌       | 274/1073 [09:16<26:33,  1.99s/it][A

Evaluation loop:  26%|██▌       | 275/1073 [09:18<26:30,  1.99s/it][A

Evaluation loop:  26%|██▌       | 276/1073 [09:20<26:29,  1.99s/it][A

Evaluation loop:  26%|██▌       | 277/1073 [09:22<26:25,  1.99s/it][A

Evaluation loop:  26%|██▌       | 278/1073 [09:24<26:37,  2.01s/it][A

Evaluation loop:  26%|██▌       | 279/1073 [09:26<26:30,  2.00s/it][A

Evaluation loop:  26%|██▌       | 280/1073 [09:28<26:23,  2.00s/it][A

Evaluation loop:  26%|██▌       | 281/1073 [09:30<27:05,  2.05s/it][A

Evaluation loop:  26%|██▋       | 282/1073 [09:32<26:47,  2.03s/it][A

Evaluation loop:  26%|██▋       | 283/1073 [09:34<26:35,  2.02s/it][A

Evaluation loop:  26%|██▋       | 284/1073 [09:36<26:30,  2.02s/it][A

Evaluation loop:  27%|██▋       | 285/1073 [09:38<26:22,  2.01s/it][A

Evaluation loop:  27%|██▋       | 286/1073 [09:40<26:20,  2.01s/it][A

Evaluation loop:  27%|██▋       | 287/1073 [09:42<26:12,  2.00s/it][A

Evaluation loop:  27%|██▋       | 288/1073 [09:44<26:08,  2.00s/it][A

Evaluation loop:  27%|██▋       | 289/1073 [09:46<26:03,  1.99s/it][A

Evaluation loop:  27%|██▋       | 290/1073 [09:48<25:58,  1.99s/it][A

Evaluation loop:  27%|██▋       | 291/1073 [09:50<25:55,  1.99s/it][A

Evaluation loop:  27%|██▋       | 292/1073 [09:52<25:51,  1.99s/it][A

Evaluation loop:  27%|██▋       | 293/1073 [09:54<25:50,  1.99s/it][A

Evaluation loop:  27%|██▋       | 294/1073 [09:56<25:48,  1.99s/it][A

Evaluation loop:  27%|██▋       | 295/1073 [09:58<25:47,  1.99s/it][A

Evaluation loop:  28%|██▊       | 296/1073 [10:00<26:44,  2.07s/it][A

Evaluation loop:  28%|██▊       | 297/1073 [10:02<26:23,  2.04s/it][A

Evaluation loop:  28%|██▊       | 298/1073 [10:04<26:09,  2.03s/it][A

Evaluation loop:  28%|██▊       | 299/1073 [10:06<25:57,  2.01s/it][A

Evaluation loop:  28%|██▊       | 300/1073 [10:08<25:55,  2.01s/it][A

Evaluation loop:  28%|██▊       | 301/1073 [10:10<25:50,  2.01s/it][A

Evaluation loop:  28%|██▊       | 302/1073 [10:12<25:44,  2.00s/it][A

Evaluation loop:  28%|██▊       | 303/1073 [10:14<25:39,  2.00s/it][A

Evaluation loop:  28%|██▊       | 304/1073 [10:16<25:41,  2.01s/it][A

Evaluation loop:  28%|██▊       | 305/1073 [10:18<25:36,  2.00s/it][A

Evaluation loop:  29%|██▊       | 306/1073 [10:20<25:30,  2.00s/it][A

Evaluation loop:  29%|██▊       | 307/1073 [10:22<25:25,  1.99s/it][A

Evaluation loop:  29%|██▊       | 308/1073 [10:24<25:21,  1.99s/it][A

Evaluation loop:  29%|██▉       | 309/1073 [10:26<25:22,  1.99s/it][A

Evaluation loop:  29%|██▉       | 310/1073 [10:28<25:19,  1.99s/it][A

Evaluation loop:  29%|██▉       | 311/1073 [10:30<25:24,  2.00s/it][A

Evaluation loop:  29%|██▉       | 312/1073 [10:32<25:19,  2.00s/it][A

Evaluation loop:  29%|██▉       | 313/1073 [10:34<25:14,  1.99s/it][A

Evaluation loop:  29%|██▉       | 314/1073 [10:36<25:10,  1.99s/it][A

Evaluation loop:  29%|██▉       | 315/1073 [10:38<25:07,  1.99s/it][A

Evaluation loop:  29%|██▉       | 316/1073 [10:40<25:04,  1.99s/it][A

Evaluation loop:  30%|██▉       | 317/1073 [10:42<25:02,  1.99s/it][A

Evaluation loop:  30%|██▉       | 318/1073 [10:44<25:01,  1.99s/it][A

Evaluation loop:  30%|██▉       | 319/1073 [10:46<25:00,  1.99s/it][A

Evaluation loop:  30%|██▉       | 320/1073 [10:48<24:58,  1.99s/it][A

Evaluation loop:  30%|██▉       | 321/1073 [10:50<25:07,  2.00s/it][A

Evaluation loop:  30%|███       | 322/1073 [10:52<25:02,  2.00s/it][A

Evaluation loop:  30%|███       | 323/1073 [10:54<24:56,  1.99s/it][A

Evaluation loop:  30%|███       | 324/1073 [10:56<24:53,  1.99s/it][A

Evaluation loop:  30%|███       | 325/1073 [10:58<24:50,  1.99s/it][A

Evaluation loop:  30%|███       | 326/1073 [11:00<25:33,  2.05s/it][A

Evaluation loop:  30%|███       | 327/1073 [11:02<25:25,  2.04s/it][A

Evaluation loop:  31%|███       | 328/1073 [11:04<25:09,  2.03s/it][A

Evaluation loop:  31%|███       | 329/1073 [11:06<25:01,  2.02s/it][A

Evaluation loop:  31%|███       | 330/1073 [11:08<24:51,  2.01s/it][A

Evaluation loop:  31%|███       | 331/1073 [11:10<24:44,  2.00s/it][A

Evaluation loop:  31%|███       | 332/1073 [11:12<24:44,  2.00s/it][A

Evaluation loop:  31%|███       | 333/1073 [11:14<24:43,  2.00s/it][A

Evaluation loop:  31%|███       | 334/1073 [11:16<24:36,  2.00s/it][A

Evaluation loop:  31%|███       | 335/1073 [11:18<24:52,  2.02s/it][A

Evaluation loop:  31%|███▏      | 336/1073 [11:20<24:44,  2.01s/it][A

Evaluation loop:  31%|███▏      | 337/1073 [11:22<24:35,  2.00s/it][A

Evaluation loop:  32%|███▏      | 338/1073 [11:24<25:00,  2.04s/it][A

Evaluation loop:  32%|███▏      | 339/1073 [11:26<24:47,  2.03s/it][A

Evaluation loop:  32%|███▏      | 340/1073 [11:28<24:37,  2.02s/it][A

Evaluation loop:  32%|███▏      | 341/1073 [11:30<24:30,  2.01s/it][A

Evaluation loop:  32%|███▏      | 342/1073 [11:32<24:25,  2.00s/it][A

Evaluation loop:  32%|███▏      | 343/1073 [11:34<24:24,  2.01s/it][A

Evaluation loop:  32%|███▏      | 344/1073 [11:36<24:52,  2.05s/it][A

Evaluation loop:  32%|███▏      | 345/1073 [11:38<25:06,  2.07s/it][A

Evaluation loop:  32%|███▏      | 346/1073 [11:40<24:52,  2.05s/it][A

Evaluation loop:  32%|███▏      | 347/1073 [11:42<24:36,  2.03s/it][A

Evaluation loop:  32%|███▏      | 348/1073 [11:44<24:24,  2.02s/it][A

Evaluation loop:  33%|███▎      | 349/1073 [11:46<24:16,  2.01s/it][A

Evaluation loop:  33%|███▎      | 350/1073 [11:48<24:09,  2.00s/it][A

Evaluation loop:  33%|███▎      | 351/1073 [11:50<24:04,  2.00s/it][A

Evaluation loop:  33%|███▎      | 352/1073 [11:52<23:58,  1.99s/it][A

Evaluation loop:  33%|███▎      | 353/1073 [11:54<23:55,  1.99s/it][A

Evaluation loop:  33%|███▎      | 354/1073 [11:56<23:52,  1.99s/it][A

Evaluation loop:  33%|███▎      | 355/1073 [11:58<23:49,  1.99s/it][A

Evaluation loop:  33%|███▎      | 356/1073 [12:00<24:17,  2.03s/it][A

Evaluation loop:  33%|███▎      | 357/1073 [12:02<24:07,  2.02s/it][A

Evaluation loop:  33%|███▎      | 358/1073 [12:04<23:57,  2.01s/it][A

Evaluation loop:  33%|███▎      | 359/1073 [12:06<23:51,  2.01s/it][A

Evaluation loop:  34%|███▎      | 360/1073 [12:08<23:46,  2.00s/it][A

Evaluation loop:  34%|███▎      | 361/1073 [12:10<23:41,  2.00s/it][A

Evaluation loop:  34%|███▎      | 362/1073 [12:12<23:36,  1.99s/it][A

Evaluation loop:  34%|███▍      | 363/1073 [12:14<23:34,  1.99s/it][A

Evaluation loop:  34%|███▍      | 364/1073 [12:16<23:32,  1.99s/it][A

Evaluation loop:  34%|███▍      | 365/1073 [12:18<23:28,  1.99s/it][A

Evaluation loop:  34%|███▍      | 366/1073 [12:20<23:25,  1.99s/it][A

Evaluation loop:  34%|███▍      | 367/1073 [12:22<23:24,  1.99s/it][A

Evaluation loop:  34%|███▍      | 368/1073 [12:24<23:22,  1.99s/it][A

Evaluation loop:  34%|███▍      | 369/1073 [12:26<23:50,  2.03s/it][A

Evaluation loop:  34%|███▍      | 370/1073 [12:28<23:53,  2.04s/it][A

Evaluation loop:  35%|███▍      | 371/1073 [12:30<24:06,  2.06s/it][A

Evaluation loop:  35%|███▍      | 372/1073 [12:32<23:49,  2.04s/it][A

Evaluation loop:  35%|███▍      | 373/1073 [12:34<23:36,  2.02s/it][A

Evaluation loop:  35%|███▍      | 374/1073 [12:36<23:26,  2.01s/it][A

Evaluation loop:  35%|███▍      | 375/1073 [12:38<23:19,  2.00s/it][A

Evaluation loop:  35%|███▌      | 376/1073 [12:40<23:12,  2.00s/it][A

Evaluation loop:  35%|███▌      | 377/1073 [12:42<23:07,  1.99s/it][A

Evaluation loop:  35%|███▌      | 378/1073 [12:44<23:03,  1.99s/it][A

Evaluation loop:  35%|███▌      | 379/1073 [12:46<23:00,  1.99s/it][A

Evaluation loop:  35%|███▌      | 380/1073 [12:48<22:57,  1.99s/it][A

Evaluation loop:  36%|███▌      | 381/1073 [12:50<22:55,  1.99s/it][A

Evaluation loop:  36%|███▌      | 382/1073 [12:52<22:53,  1.99s/it][A

Evaluation loop:  36%|███▌      | 383/1073 [12:54<22:49,  1.99s/it][A

Evaluation loop:  36%|███▌      | 384/1073 [12:56<22:47,  1.98s/it][A

Evaluation loop:  36%|███▌      | 385/1073 [12:58<23:02,  2.01s/it][A

Evaluation loop:  36%|███▌      | 386/1073 [13:00<23:01,  2.01s/it][A

Evaluation loop:  36%|███▌      | 387/1073 [13:02<22:53,  2.00s/it][A

Evaluation loop:  36%|███▌      | 388/1073 [13:04<22:48,  2.00s/it][A

Evaluation loop:  36%|███▋      | 389/1073 [13:06<22:43,  1.99s/it][A

Evaluation loop:  36%|███▋      | 390/1073 [13:08<22:44,  2.00s/it][A

Evaluation loop:  36%|███▋      | 391/1073 [13:10<22:39,  1.99s/it][A

Evaluation loop:  37%|███▋      | 392/1073 [13:12<22:35,  1.99s/it][A

Evaluation loop:  37%|███▋      | 393/1073 [13:14<22:31,  1.99s/it][A

Evaluation loop:  37%|███▋      | 394/1073 [13:16<22:33,  1.99s/it][A

Evaluation loop:  37%|███▋      | 395/1073 [13:18<22:30,  1.99s/it][A

Evaluation loop:  37%|███▋      | 396/1073 [13:20<22:26,  1.99s/it][A

Evaluation loop:  37%|███▋      | 397/1073 [13:22<22:23,  1.99s/it][A

Evaluation loop:  37%|███▋      | 398/1073 [13:24<22:20,  1.99s/it][A

Evaluation loop:  37%|███▋      | 399/1073 [13:26<22:18,  1.99s/it][A

Evaluation loop:  37%|███▋      | 400/1073 [13:28<22:15,  1.99s/it][A

Evaluation loop:  37%|███▋      | 401/1073 [13:30<22:15,  1.99s/it][A

Evaluation loop:  37%|███▋      | 402/1073 [13:32<22:17,  1.99s/it][A

Evaluation loop:  38%|███▊      | 403/1073 [13:34<22:13,  1.99s/it][A

Evaluation loop:  38%|███▊      | 404/1073 [13:36<22:10,  1.99s/it][A

Evaluation loop:  38%|███▊      | 405/1073 [13:38<22:21,  2.01s/it][A

Evaluation loop:  38%|███▊      | 406/1073 [13:40<22:15,  2.00s/it][A

Evaluation loop:  38%|███▊      | 407/1073 [13:42<22:14,  2.00s/it][A

Evaluation loop:  38%|███▊      | 408/1073 [13:44<22:08,  2.00s/it][A

Evaluation loop:  38%|███▊      | 409/1073 [13:46<22:03,  1.99s/it][A

Evaluation loop:  38%|███▊      | 410/1073 [13:48<21:59,  1.99s/it][A

Evaluation loop:  38%|███▊      | 411/1073 [13:50<21:56,  1.99s/it][A

Evaluation loop:  38%|███▊      | 412/1073 [13:52<21:53,  1.99s/it][A

Evaluation loop:  38%|███▊      | 413/1073 [13:54<21:56,  1.99s/it][A

Evaluation loop:  39%|███▊      | 414/1073 [13:56<21:52,  1.99s/it][A

Evaluation loop:  39%|███▊      | 415/1073 [13:58<22:18,  2.03s/it][A

Evaluation loop:  39%|███▉      | 416/1073 [14:00<22:12,  2.03s/it][A

Evaluation loop:  39%|███▉      | 417/1073 [14:02<22:02,  2.02s/it][A

Evaluation loop:  39%|███▉      | 418/1073 [14:04<21:56,  2.01s/it][A

Evaluation loop:  39%|███▉      | 419/1073 [14:06<21:50,  2.00s/it][A

Evaluation loop:  39%|███▉      | 420/1073 [14:08<22:16,  2.05s/it][A

Evaluation loop:  39%|███▉      | 421/1073 [14:10<22:23,  2.06s/it][A

Evaluation loop:  39%|███▉      | 422/1073 [14:12<22:07,  2.04s/it][A

Evaluation loop:  39%|███▉      | 423/1073 [14:15<22:18,  2.06s/it][A

Evaluation loop:  40%|███▉      | 424/1073 [14:17<22:01,  2.04s/it][A

Evaluation loop:  40%|███▉      | 425/1073 [14:19<21:49,  2.02s/it][A

Evaluation loop:  40%|███▉      | 426/1073 [14:21<21:40,  2.01s/it][A

Evaluation loop:  40%|███▉      | 427/1073 [14:23<21:45,  2.02s/it][A

Evaluation loop:  40%|███▉      | 428/1073 [14:25<21:36,  2.01s/it][A

Evaluation loop:  40%|███▉      | 429/1073 [14:27<21:56,  2.04s/it][A

Evaluation loop:  40%|████      | 430/1073 [14:29<22:10,  2.07s/it][A

Evaluation loop:  40%|████      | 431/1073 [14:31<21:56,  2.05s/it][A

Evaluation loop:  40%|████      | 432/1073 [14:33<21:41,  2.03s/it][A

Evaluation loop:  40%|████      | 433/1073 [14:35<21:36,  2.03s/it][A

Evaluation loop:  40%|████      | 434/1073 [14:37<21:26,  2.01s/it][A

Evaluation loop:  41%|████      | 435/1073 [14:39<21:18,  2.00s/it][A

Evaluation loop:  41%|████      | 436/1073 [14:41<21:13,  2.00s/it][A

Evaluation loop:  41%|████      | 437/1073 [14:43<21:08,  2.00s/it][A

Evaluation loop:  41%|████      | 438/1073 [14:45<21:08,  2.00s/it][A

Evaluation loop:  41%|████      | 439/1073 [14:47<21:04,  1.99s/it][A

Evaluation loop:  41%|████      | 440/1073 [14:49<21:01,  1.99s/it][A

Evaluation loop:  41%|████      | 441/1073 [14:51<20:58,  1.99s/it][A

Evaluation loop:  41%|████      | 442/1073 [14:53<20:57,  1.99s/it][A

Evaluation loop:  41%|████▏     | 443/1073 [14:55<20:57,  2.00s/it][A

Evaluation loop:  41%|████▏     | 444/1073 [14:57<20:52,  1.99s/it][A

Evaluation loop:  41%|████▏     | 445/1073 [14:59<21:18,  2.04s/it][A

Evaluation loop:  42%|████▏     | 446/1073 [15:01<21:08,  2.02s/it][A

Evaluation loop:  42%|████▏     | 447/1073 [15:03<21:00,  2.01s/it][A

Evaluation loop:  42%|████▏     | 448/1073 [15:05<20:53,  2.01s/it][A

Evaluation loop:  42%|████▏     | 449/1073 [15:07<21:16,  2.05s/it][A

Evaluation loop:  42%|████▏     | 450/1073 [15:09<21:31,  2.07s/it][A

Evaluation loop:  42%|████▏     | 451/1073 [15:11<21:18,  2.06s/it][A

Evaluation loop:  42%|████▏     | 452/1073 [15:13<21:03,  2.03s/it][A

Evaluation loop:  42%|████▏     | 453/1073 [15:15<20:52,  2.02s/it][A

Evaluation loop:  42%|████▏     | 454/1073 [15:17<20:43,  2.01s/it][A

Evaluation loop:  42%|████▏     | 455/1073 [15:19<20:55,  2.03s/it][A

Evaluation loop:  42%|████▏     | 456/1073 [15:21<20:45,  2.02s/it][A

Evaluation loop:  43%|████▎     | 457/1073 [15:23<20:57,  2.04s/it][A

Evaluation loop:  43%|████▎     | 458/1073 [15:25<20:44,  2.02s/it][A

Evaluation loop:  43%|████▎     | 459/1073 [15:27<20:35,  2.01s/it][A

Evaluation loop:  43%|████▎     | 460/1073 [15:29<20:56,  2.05s/it][A

Evaluation loop:  43%|████▎     | 461/1073 [15:31<20:42,  2.03s/it][A

Evaluation loop:  43%|████▎     | 462/1073 [15:33<20:32,  2.02s/it][A

Evaluation loop:  43%|████▎     | 463/1073 [15:35<20:24,  2.01s/it][A

Evaluation loop:  43%|████▎     | 464/1073 [15:37<20:19,  2.00s/it][A

Evaluation loop:  43%|████▎     | 465/1073 [15:39<20:14,  2.00s/it][A

Evaluation loop:  43%|████▎     | 466/1073 [15:41<20:20,  2.01s/it][A

Evaluation loop:  44%|████▎     | 467/1073 [15:43<20:13,  2.00s/it][A

Evaluation loop:  44%|████▎     | 468/1073 [15:45<20:15,  2.01s/it][A

Evaluation loop:  44%|████▎     | 469/1073 [15:47<20:12,  2.01s/it][A

Evaluation loop:  44%|████▍     | 470/1073 [15:49<20:32,  2.04s/it][A

Evaluation loop:  44%|████▍     | 471/1073 [15:52<20:48,  2.07s/it][A

Evaluation loop:  44%|████▍     | 472/1073 [15:54<20:35,  2.06s/it][A

Evaluation loop:  44%|████▍     | 473/1073 [15:56<20:20,  2.03s/it][A

Evaluation loop:  44%|████▍     | 474/1073 [15:58<20:09,  2.02s/it][A

Evaluation loop:  44%|████▍     | 475/1073 [16:00<20:37,  2.07s/it][A

Evaluation loop:  44%|████▍     | 476/1073 [16:02<20:21,  2.05s/it][A

Evaluation loop:  44%|████▍     | 477/1073 [16:04<20:35,  2.07s/it][A

Evaluation loop:  45%|████▍     | 478/1073 [16:06<20:18,  2.05s/it][A

Evaluation loop:  45%|████▍     | 479/1073 [16:08<20:11,  2.04s/it][A

Evaluation loop:  45%|████▍     | 480/1073 [16:10<20:00,  2.02s/it][A

Evaluation loop:  45%|████▍     | 481/1073 [16:12<19:51,  2.01s/it][A

Evaluation loop:  45%|████▍     | 482/1073 [16:14<19:45,  2.01s/it][A

Evaluation loop:  45%|████▌     | 483/1073 [16:16<19:40,  2.00s/it][A

Evaluation loop:  45%|████▌     | 484/1073 [16:18<19:39,  2.00s/it][A

Evaluation loop:  45%|████▌     | 485/1073 [16:20<19:34,  2.00s/it][A

Evaluation loop:  45%|████▌     | 486/1073 [16:22<19:30,  1.99s/it][A

Evaluation loop:  45%|████▌     | 487/1073 [16:24<19:28,  1.99s/it][A

Evaluation loop:  45%|████▌     | 488/1073 [16:26<19:25,  1.99s/it][A

Evaluation loop:  46%|████▌     | 489/1073 [16:28<19:22,  1.99s/it][A

Evaluation loop:  46%|████▌     | 490/1073 [16:30<19:24,  2.00s/it][A

Evaluation loop:  46%|████▌     | 491/1073 [16:32<19:24,  2.00s/it][A

Evaluation loop:  46%|████▌     | 492/1073 [16:34<19:20,  2.00s/it][A

Evaluation loop:  46%|████▌     | 493/1073 [16:36<19:21,  2.00s/it][A

Evaluation loop:  46%|████▌     | 494/1073 [16:38<19:20,  2.00s/it][A

Evaluation loop:  46%|████▌     | 495/1073 [16:40<19:16,  2.00s/it][A

Evaluation loop:  46%|████▌     | 496/1073 [16:42<19:13,  2.00s/it][A

Evaluation loop:  46%|████▋     | 497/1073 [16:44<19:09,  2.00s/it][A

Evaluation loop:  46%|████▋     | 498/1073 [16:46<19:09,  2.00s/it][A

Evaluation loop:  47%|████▋     | 499/1073 [16:48<19:05,  2.00s/it][A

Evaluation loop:  47%|████▋     | 500/1073 [16:50<19:25,  2.03s/it][A

Evaluation loop:  47%|████▋     | 501/1073 [16:52<19:15,  2.02s/it][A

Evaluation loop:  47%|████▋     | 502/1073 [16:54<19:10,  2.01s/it][A

Evaluation loop:  47%|████▋     | 503/1073 [16:56<19:03,  2.01s/it][A

Evaluation loop:  47%|████▋     | 504/1073 [16:58<18:57,  2.00s/it][A

Evaluation loop:  47%|████▋     | 505/1073 [17:00<18:59,  2.01s/it][A

Evaluation loop:  47%|████▋     | 506/1073 [17:02<18:54,  2.00s/it][A

Evaluation loop:  47%|████▋     | 507/1073 [17:04<18:49,  2.00s/it][A

Evaluation loop:  47%|████▋     | 508/1073 [17:06<18:45,  1.99s/it][A

Evaluation loop:  47%|████▋     | 509/1073 [17:08<18:42,  1.99s/it][A

Evaluation loop:  48%|████▊     | 510/1073 [17:10<18:41,  1.99s/it][A

Evaluation loop:  48%|████▊     | 511/1073 [17:12<18:38,  1.99s/it][A

Evaluation loop:  48%|████▊     | 512/1073 [17:14<18:35,  1.99s/it][A

Evaluation loop:  48%|████▊     | 513/1073 [17:16<18:33,  1.99s/it][A

Evaluation loop:  48%|████▊     | 514/1073 [17:18<18:31,  1.99s/it][A

Evaluation loop:  48%|████▊     | 515/1073 [17:20<18:29,  1.99s/it][A

Evaluation loop:  48%|████▊     | 516/1073 [17:22<18:27,  1.99s/it][A

Evaluation loop:  48%|████▊     | 517/1073 [17:24<18:26,  1.99s/it][A

Evaluation loop:  48%|████▊     | 518/1073 [17:26<18:23,  1.99s/it][A

Evaluation loop:  48%|████▊     | 519/1073 [17:28<18:20,  1.99s/it][A

Evaluation loop:  48%|████▊     | 520/1073 [17:30<18:46,  2.04s/it][A

Evaluation loop:  49%|████▊     | 521/1073 [17:32<18:35,  2.02s/it][A

Evaluation loop:  49%|████▊     | 522/1073 [17:34<18:30,  2.01s/it][A

Evaluation loop:  49%|████▊     | 523/1073 [17:36<18:23,  2.01s/it][A

Evaluation loop:  49%|████▉     | 524/1073 [17:38<18:17,  2.00s/it][A

Evaluation loop:  49%|████▉     | 525/1073 [17:40<18:13,  2.00s/it][A

Evaluation loop:  49%|████▉     | 526/1073 [17:42<18:10,  1.99s/it][A

Evaluation loop:  49%|████▉     | 527/1073 [17:44<18:07,  1.99s/it][A

Evaluation loop:  49%|████▉     | 528/1073 [17:46<18:09,  2.00s/it][A

Evaluation loop:  49%|████▉     | 529/1073 [17:48<18:05,  2.00s/it][A

Evaluation loop:  49%|████▉     | 530/1073 [17:50<18:02,  1.99s/it][A

Evaluation loop:  49%|████▉     | 531/1073 [17:52<17:58,  1.99s/it][A

Evaluation loop:  50%|████▉     | 532/1073 [17:54<17:56,  1.99s/it][A

Evaluation loop:  50%|████▉     | 533/1073 [17:56<17:55,  1.99s/it][A

Evaluation loop:  50%|████▉     | 534/1073 [17:58<17:53,  1.99s/it][A

Evaluation loop:  50%|████▉     | 535/1073 [18:00<18:02,  2.01s/it][A

Evaluation loop:  50%|████▉     | 536/1073 [18:02<17:56,  2.00s/it][A

Evaluation loop:  50%|█████     | 537/1073 [18:04<17:51,  2.00s/it][A

Evaluation loop:  50%|█████     | 538/1073 [18:06<17:47,  2.00s/it][A

Evaluation loop:  50%|█████     | 539/1073 [18:08<17:45,  2.00s/it][A

Evaluation loop:  50%|█████     | 540/1073 [18:10<17:43,  2.00s/it][A

Evaluation loop:  50%|█████     | 541/1073 [18:12<17:40,  1.99s/it][A

Evaluation loop:  51%|█████     | 542/1073 [18:14<17:37,  1.99s/it][A

Evaluation loop:  51%|█████     | 543/1073 [18:16<17:37,  1.99s/it][A

Evaluation loop:  51%|█████     | 544/1073 [18:18<17:33,  1.99s/it][A

Evaluation loop:  51%|█████     | 545/1073 [18:20<17:30,  1.99s/it][A

Evaluation loop:  51%|█████     | 546/1073 [18:22<17:27,  1.99s/it][A

Evaluation loop:  51%|█████     | 547/1073 [18:24<17:25,  1.99s/it][A

Evaluation loop:  51%|█████     | 548/1073 [18:26<17:23,  1.99s/it][A

Evaluation loop:  51%|█████     | 549/1073 [18:28<17:21,  1.99s/it][A

Evaluation loop:  51%|█████▏    | 550/1073 [18:30<17:42,  2.03s/it][A

Evaluation loop:  51%|█████▏    | 551/1073 [18:32<17:39,  2.03s/it][A

Evaluation loop:  51%|█████▏    | 552/1073 [18:34<17:32,  2.02s/it][A

Evaluation loop:  52%|█████▏    | 553/1073 [18:36<17:25,  2.01s/it][A

Evaluation loop:  52%|█████▏    | 554/1073 [18:38<17:19,  2.00s/it][A

Evaluation loop:  52%|█████▏    | 555/1073 [18:40<17:16,  2.00s/it][A

Evaluation loop:  52%|█████▏    | 556/1073 [18:42<17:17,  2.01s/it][A

Evaluation loop:  52%|█████▏    | 557/1073 [18:44<17:13,  2.00s/it][A

Evaluation loop:  52%|█████▏    | 558/1073 [18:46<17:10,  2.00s/it][A

Evaluation loop:  52%|█████▏    | 559/1073 [18:48<17:05,  2.00s/it][A

Evaluation loop:  52%|█████▏    | 560/1073 [18:50<17:04,  2.00s/it][A

Evaluation loop:  52%|█████▏    | 561/1073 [18:52<17:01,  1.99s/it][A

Evaluation loop:  52%|█████▏    | 562/1073 [18:54<16:57,  1.99s/it][A

Evaluation loop:  52%|█████▏    | 563/1073 [18:56<16:54,  1.99s/it][A

Evaluation loop:  53%|█████▎    | 564/1073 [18:58<16:52,  1.99s/it][A

Evaluation loop:  53%|█████▎    | 565/1073 [19:00<17:03,  2.02s/it][A

Evaluation loop:  53%|█████▎    | 566/1073 [19:02<16:57,  2.01s/it][A

Evaluation loop:  53%|█████▎    | 567/1073 [19:04<16:52,  2.00s/it][A

Evaluation loop:  53%|█████▎    | 568/1073 [19:06<16:51,  2.00s/it][A

Evaluation loop:  53%|█████▎    | 569/1073 [19:08<16:47,  2.00s/it][A

Evaluation loop:  53%|█████▎    | 570/1073 [19:10<16:43,  1.99s/it][A

Evaluation loop:  53%|█████▎    | 571/1073 [19:12<16:45,  2.00s/it][A

Evaluation loop:  53%|█████▎    | 572/1073 [19:14<16:40,  2.00s/it][A

Evaluation loop:  53%|█████▎    | 573/1073 [19:16<16:37,  1.99s/it][A

Evaluation loop:  53%|█████▎    | 574/1073 [19:18<16:35,  2.00s/it][A

Evaluation loop:  54%|█████▎    | 575/1073 [19:20<16:32,  1.99s/it][A

Evaluation loop:  54%|█████▎    | 576/1073 [19:22<16:29,  1.99s/it][A

Evaluation loop:  54%|█████▍    | 577/1073 [19:24<16:27,  1.99s/it][A

Evaluation loop:  54%|█████▍    | 578/1073 [19:26<16:24,  1.99s/it][A

Evaluation loop:  54%|█████▍    | 579/1073 [19:28<16:24,  1.99s/it][A

Evaluation loop:  54%|█████▍    | 580/1073 [19:30<16:55,  2.06s/it][A

Evaluation loop:  54%|█████▍    | 581/1073 [19:32<16:42,  2.04s/it][A

Evaluation loop:  54%|█████▍    | 582/1073 [19:34<16:32,  2.02s/it][A

Evaluation loop:  54%|█████▍    | 583/1073 [19:36<16:25,  2.01s/it][A

Evaluation loop:  54%|█████▍    | 584/1073 [19:38<16:19,  2.00s/it][A

Evaluation loop:  55%|█████▍    | 585/1073 [19:40<16:14,  2.00s/it][A

Evaluation loop:  55%|█████▍    | 586/1073 [19:42<16:16,  2.01s/it][A

Evaluation loop:  55%|█████▍    | 587/1073 [19:44<16:17,  2.01s/it][A

Evaluation loop:  55%|█████▍    | 588/1073 [19:46<16:12,  2.00s/it][A

Evaluation loop:  55%|█████▍    | 589/1073 [19:48<16:09,  2.00s/it][A

Evaluation loop:  55%|█████▍    | 590/1073 [19:50<16:07,  2.00s/it][A

Evaluation loop:  55%|█████▌    | 591/1073 [19:52<16:03,  2.00s/it][A

Evaluation loop:  55%|█████▌    | 592/1073 [19:54<16:00,  2.00s/it][A

Evaluation loop:  55%|█████▌    | 593/1073 [19:56<15:56,  1.99s/it][A

Evaluation loop:  55%|█████▌    | 594/1073 [19:58<15:53,  1.99s/it][A

Evaluation loop:  55%|█████▌    | 595/1073 [20:00<15:55,  2.00s/it][A

Evaluation loop:  56%|█████▌    | 596/1073 [20:02<15:51,  1.99s/it][A

Evaluation loop:  56%|█████▌    | 597/1073 [20:04<15:48,  1.99s/it][A

Evaluation loop:  56%|█████▌    | 598/1073 [20:06<15:45,  1.99s/it][A

Evaluation loop:  56%|█████▌    | 599/1073 [20:08<15:44,  1.99s/it][A

Evaluation loop:  56%|█████▌    | 600/1073 [20:10<15:41,  1.99s/it][A

Evaluation loop:  56%|█████▌    | 601/1073 [20:12<15:38,  1.99s/it][A

Evaluation loop:  56%|█████▌    | 602/1073 [20:14<15:36,  1.99s/it][A

Evaluation loop:  56%|█████▌    | 603/1073 [20:16<15:34,  1.99s/it][A

Evaluation loop:  56%|█████▋    | 604/1073 [20:18<15:32,  1.99s/it][A

Evaluation loop:  56%|█████▋    | 605/1073 [20:20<15:31,  1.99s/it][A

Evaluation loop:  56%|█████▋    | 606/1073 [20:22<15:29,  1.99s/it][A

Evaluation loop:  57%|█████▋    | 607/1073 [20:24<15:26,  1.99s/it][A

Evaluation loop:  57%|█████▋    | 608/1073 [20:26<15:26,  1.99s/it][A

Evaluation loop:  57%|█████▋    | 609/1073 [20:28<15:24,  1.99s/it][A

Evaluation loop:  57%|█████▋    | 610/1073 [20:30<15:37,  2.03s/it][A

Evaluation loop:  57%|█████▋    | 611/1073 [20:32<15:30,  2.01s/it][A

Evaluation loop:  57%|█████▋    | 612/1073 [20:34<15:25,  2.01s/it][A

Evaluation loop:  57%|█████▋    | 613/1073 [20:36<15:21,  2.00s/it][A

Evaluation loop:  57%|█████▋    | 614/1073 [20:38<15:17,  2.00s/it][A

Evaluation loop:  57%|█████▋    | 615/1073 [20:40<15:14,  2.00s/it][A

Evaluation loop:  57%|█████▋    | 616/1073 [20:42<15:11,  1.99s/it][A

Evaluation loop:  58%|█████▊    | 617/1073 [20:44<15:08,  1.99s/it][A

Evaluation loop:  58%|█████▊    | 618/1073 [20:46<15:05,  1.99s/it][A

Evaluation loop:  58%|█████▊    | 619/1073 [20:48<15:02,  1.99s/it][A

Evaluation loop:  58%|█████▊    | 620/1073 [20:50<15:00,  1.99s/it][A

Evaluation loop:  58%|█████▊    | 621/1073 [20:52<14:58,  1.99s/it][A

Evaluation loop:  58%|█████▊    | 622/1073 [20:54<14:55,  1.99s/it][A

Evaluation loop:  58%|█████▊    | 623/1073 [20:56<14:53,  1.99s/it][A

Evaluation loop:  58%|█████▊    | 624/1073 [20:58<14:52,  1.99s/it][A

Evaluation loop:  58%|█████▊    | 625/1073 [21:00<15:14,  2.04s/it][A

Evaluation loop:  58%|█████▊    | 626/1073 [21:02<15:06,  2.03s/it][A

Evaluation loop:  58%|█████▊    | 627/1073 [21:04<14:58,  2.02s/it][A

Evaluation loop:  59%|█████▊    | 628/1073 [21:06<14:54,  2.01s/it][A

Evaluation loop:  59%|█████▊    | 629/1073 [21:08<14:51,  2.01s/it][A

Evaluation loop:  59%|█████▊    | 630/1073 [21:10<14:48,  2.00s/it][A

Evaluation loop:  59%|█████▉    | 631/1073 [21:12<15:04,  2.05s/it][A

Evaluation loop:  59%|█████▉    | 632/1073 [21:14<14:56,  2.03s/it][A

Evaluation loop:  59%|█████▉    | 633/1073 [21:16<14:50,  2.02s/it][A

Evaluation loop:  59%|█████▉    | 634/1073 [21:18<14:44,  2.01s/it][A

Evaluation loop:  59%|█████▉    | 635/1073 [21:20<14:40,  2.01s/it][A

Evaluation loop:  59%|█████▉    | 636/1073 [21:22<14:37,  2.01s/it][A

Evaluation loop:  59%|█████▉    | 637/1073 [21:24<14:33,  2.00s/it][A

Evaluation loop:  59%|█████▉    | 638/1073 [21:26<14:31,  2.00s/it][A

Evaluation loop:  60%|█████▉    | 639/1073 [21:28<14:27,  2.00s/it][A

Evaluation loop:  60%|█████▉    | 640/1073 [21:30<14:25,  2.00s/it][A

Evaluation loop:  60%|█████▉    | 641/1073 [21:32<14:22,  2.00s/it][A

Evaluation loop:  60%|█████▉    | 642/1073 [21:34<14:19,  1.99s/it][A

Evaluation loop:  60%|█████▉    | 643/1073 [21:36<14:18,  2.00s/it][A

Evaluation loop:  60%|██████    | 644/1073 [21:38<14:16,  2.00s/it][A

Evaluation loop:  60%|██████    | 645/1073 [21:40<14:14,  2.00s/it][A

Evaluation loop:  60%|██████    | 646/1073 [21:42<14:15,  2.00s/it][A

Evaluation loop:  60%|██████    | 647/1073 [21:44<14:12,  2.00s/it][A

Evaluation loop:  60%|██████    | 648/1073 [21:46<14:09,  2.00s/it][A

Evaluation loop:  60%|██████    | 649/1073 [21:48<14:06,  2.00s/it][A

Evaluation loop:  61%|██████    | 650/1073 [21:50<14:03,  1.99s/it][A

Evaluation loop:  61%|██████    | 651/1073 [21:52<14:02,  2.00s/it][A

Evaluation loop:  61%|██████    | 652/1073 [21:54<14:00,  2.00s/it][A

Evaluation loop:  61%|██████    | 653/1073 [21:56<13:58,  2.00s/it][A

Evaluation loop:  61%|██████    | 654/1073 [21:58<14:14,  2.04s/it][A

Evaluation loop:  61%|██████    | 655/1073 [22:00<14:06,  2.03s/it][A

Evaluation loop:  61%|██████    | 656/1073 [22:02<14:00,  2.02s/it][A

Evaluation loop:  61%|██████    | 657/1073 [22:04<13:55,  2.01s/it][A

Evaluation loop:  61%|██████▏   | 658/1073 [22:06<13:51,  2.00s/it][A

Evaluation loop:  61%|██████▏   | 659/1073 [22:08<13:49,  2.00s/it][A

Evaluation loop:  62%|██████▏   | 660/1073 [22:10<13:47,  2.00s/it][A

Evaluation loop:  62%|██████▏   | 661/1073 [22:12<13:44,  2.00s/it][A

Evaluation loop:  62%|██████▏   | 662/1073 [22:14<13:40,  2.00s/it][A

Evaluation loop:  62%|██████▏   | 663/1073 [22:16<13:44,  2.01s/it][A

Evaluation loop:  62%|██████▏   | 664/1073 [22:18<13:40,  2.01s/it][A

Evaluation loop:  62%|██████▏   | 665/1073 [22:20<13:37,  2.00s/it][A

Evaluation loop:  62%|██████▏   | 666/1073 [22:22<13:34,  2.00s/it][A

Evaluation loop:  62%|██████▏   | 667/1073 [22:24<13:31,  2.00s/it][A

Evaluation loop:  62%|██████▏   | 668/1073 [22:26<13:28,  2.00s/it][A

Evaluation loop:  62%|██████▏   | 669/1073 [22:28<13:26,  2.00s/it][A

Evaluation loop:  62%|██████▏   | 670/1073 [22:30<13:40,  2.03s/it][A

Evaluation loop:  63%|██████▎   | 671/1073 [22:32<13:33,  2.02s/it][A

Evaluation loop:  63%|██████▎   | 672/1073 [22:34<13:28,  2.02s/it][A

Evaluation loop:  63%|██████▎   | 673/1073 [22:36<13:24,  2.01s/it][A

Evaluation loop:  63%|██████▎   | 674/1073 [22:38<13:19,  2.00s/it][A

Evaluation loop:  63%|██████▎   | 675/1073 [22:40<13:16,  2.00s/it][A

Evaluation loop:  63%|██████▎   | 676/1073 [22:42<13:13,  2.00s/it][A

Evaluation loop:  63%|██████▎   | 677/1073 [22:44<13:10,  2.00s/it][A

Evaluation loop:  63%|██████▎   | 678/1073 [22:46<13:08,  2.00s/it][A

Evaluation loop:  63%|██████▎   | 679/1073 [22:48<13:05,  1.99s/it][A

Evaluation loop:  63%|██████▎   | 680/1073 [22:50<13:04,  1.99s/it][A

Evaluation loop:  63%|██████▎   | 681/1073 [22:52<13:01,  1.99s/it][A

Evaluation loop:  64%|██████▎   | 682/1073 [22:54<12:59,  1.99s/it][A

Evaluation loop:  64%|██████▎   | 683/1073 [22:56<12:56,  1.99s/it][A

Evaluation loop:  64%|██████▎   | 684/1073 [22:58<12:58,  2.00s/it][A

Evaluation loop:  64%|██████▍   | 685/1073 [23:00<13:02,  2.02s/it][A

Evaluation loop:  64%|██████▍   | 686/1073 [23:02<12:57,  2.01s/it][A

Evaluation loop:  64%|██████▍   | 687/1073 [23:04<12:56,  2.01s/it][A

Evaluation loop:  64%|██████▍   | 688/1073 [23:06<12:52,  2.01s/it][A

Evaluation loop:  64%|██████▍   | 689/1073 [23:08<12:48,  2.00s/it][A

Evaluation loop:  64%|██████▍   | 690/1073 [23:10<12:46,  2.00s/it][A

Evaluation loop:  64%|██████▍   | 691/1073 [23:12<12:59,  2.04s/it][A

Evaluation loop:  64%|██████▍   | 692/1073 [23:14<12:54,  2.03s/it][A

Evaluation loop:  65%|██████▍   | 693/1073 [23:16<12:48,  2.02s/it][A

Evaluation loop:  65%|██████▍   | 694/1073 [23:18<12:44,  2.02s/it][A

Evaluation loop:  65%|██████▍   | 695/1073 [23:20<12:41,  2.02s/it][A

Evaluation loop:  65%|██████▍   | 696/1073 [23:22<12:37,  2.01s/it][A

Evaluation loop:  65%|██████▍   | 697/1073 [23:24<12:33,  2.00s/it][A

Evaluation loop:  65%|██████▌   | 698/1073 [23:26<12:30,  2.00s/it][A

Evaluation loop:  65%|██████▌   | 699/1073 [23:28<12:27,  2.00s/it][A

Evaluation loop:  65%|██████▌   | 700/1073 [23:30<12:25,  2.00s/it][A

Evaluation loop:  65%|██████▌   | 701/1073 [23:32<12:23,  2.00s/it][A

Evaluation loop:  65%|██████▌   | 702/1073 [23:34<12:20,  2.00s/it][A

Evaluation loop:  66%|██████▌   | 703/1073 [23:36<12:18,  2.00s/it][A

Evaluation loop:  66%|██████▌   | 704/1073 [23:38<12:16,  2.00s/it][A

Evaluation loop:  66%|██████▌   | 705/1073 [23:40<12:14,  2.00s/it][A

Evaluation loop:  66%|██████▌   | 706/1073 [23:42<12:12,  2.00s/it][A

Evaluation loop:  66%|██████▌   | 707/1073 [23:44<12:09,  1.99s/it][A

Evaluation loop:  66%|██████▌   | 708/1073 [23:46<12:06,  1.99s/it][A

Evaluation loop:  66%|██████▌   | 709/1073 [23:48<12:07,  2.00s/it][A

Evaluation loop:  66%|██████▌   | 710/1073 [23:50<12:04,  2.00s/it][A

Evaluation loop:  66%|██████▋   | 711/1073 [23:52<12:03,  2.00s/it][A

Evaluation loop:  66%|██████▋   | 712/1073 [23:54<11:59,  1.99s/it][A

Evaluation loop:  66%|██████▋   | 713/1073 [23:56<12:01,  2.00s/it][A

Evaluation loop:  67%|██████▋   | 714/1073 [23:58<11:59,  2.00s/it][A

Evaluation loop:  67%|██████▋   | 715/1073 [24:00<12:11,  2.04s/it][A

Evaluation loop:  67%|██████▋   | 716/1073 [24:02<12:18,  2.07s/it][A

Evaluation loop:  67%|██████▋   | 717/1073 [24:04<12:09,  2.05s/it][A

Evaluation loop:  67%|██████▋   | 718/1073 [24:06<12:01,  2.03s/it][A

Evaluation loop:  67%|██████▋   | 719/1073 [24:08<11:54,  2.02s/it][A

Evaluation loop:  67%|██████▋   | 720/1073 [24:10<11:50,  2.01s/it][A

Evaluation loop:  67%|██████▋   | 721/1073 [24:12<11:46,  2.01s/it][A

Evaluation loop:  67%|██████▋   | 722/1073 [24:14<11:43,  2.01s/it][A

Evaluation loop:  67%|██████▋   | 723/1073 [24:16<11:40,  2.00s/it][A

Evaluation loop:  67%|██████▋   | 724/1073 [24:19<11:52,  2.04s/it][A

Evaluation loop:  68%|██████▊   | 725/1073 [24:21<11:45,  2.03s/it][A

Evaluation loop:  68%|██████▊   | 726/1073 [24:23<11:39,  2.02s/it][A

Evaluation loop:  68%|██████▊   | 727/1073 [24:25<11:35,  2.01s/it][A

Evaluation loop:  68%|██████▊   | 728/1073 [24:27<11:32,  2.01s/it][A

Evaluation loop:  68%|██████▊   | 729/1073 [24:29<11:44,  2.05s/it][A

Evaluation loop:  68%|██████▊   | 730/1073 [24:31<11:38,  2.04s/it][A

Evaluation loop:  68%|██████▊   | 731/1073 [24:33<11:43,  2.06s/it][A

Evaluation loop:  68%|██████▊   | 732/1073 [24:35<11:50,  2.08s/it][A

Evaluation loop:  68%|██████▊   | 733/1073 [24:37<11:54,  2.10s/it][A

Evaluation loop:  68%|██████▊   | 734/1073 [24:39<11:53,  2.11s/it][A

Evaluation loop:  68%|██████▊   | 735/1073 [24:41<11:55,  2.12s/it][A

Evaluation loop:  69%|██████▊   | 736/1073 [24:43<11:54,  2.12s/it][A

Evaluation loop:  69%|██████▊   | 737/1073 [24:46<11:49,  2.11s/it][A

Evaluation loop:  69%|██████▉   | 738/1073 [24:48<11:48,  2.12s/it][A

Evaluation loop:  69%|██████▉   | 739/1073 [24:50<11:48,  2.12s/it][A

Evaluation loop:  69%|██████▉   | 740/1073 [24:52<11:44,  2.12s/it][A

Evaluation loop:  69%|██████▉   | 741/1073 [24:54<11:36,  2.10s/it][A

Evaluation loop:  69%|██████▉   | 742/1073 [24:56<11:33,  2.10s/it][A

Evaluation loop:  69%|██████▉   | 743/1073 [24:58<11:32,  2.10s/it][A

Evaluation loop:  69%|██████▉   | 744/1073 [25:00<11:38,  2.12s/it][A

Evaluation loop:  69%|██████▉   | 745/1073 [25:02<11:35,  2.12s/it][A

Evaluation loop:  70%|██████▉   | 746/1073 [25:05<11:34,  2.12s/it][A

Evaluation loop:  70%|██████▉   | 747/1073 [25:07<11:19,  2.08s/it][A

Evaluation loop:  70%|██████▉   | 748/1073 [25:09<11:07,  2.06s/it][A

Evaluation loop:  70%|██████▉   | 749/1073 [25:11<10:59,  2.04s/it][A

Evaluation loop:  70%|██████▉   | 750/1073 [25:13<10:53,  2.02s/it][A

Evaluation loop:  70%|██████▉   | 751/1073 [25:15<10:52,  2.03s/it][A

Evaluation loop:  70%|███████   | 752/1073 [25:17<10:47,  2.02s/it][A

Evaluation loop:  70%|███████   | 753/1073 [25:19<10:57,  2.05s/it][A

Evaluation loop:  70%|███████   | 754/1073 [25:21<10:48,  2.03s/it][A

Evaluation loop:  70%|███████   | 755/1073 [25:23<10:42,  2.02s/it][A

Evaluation loop:  70%|███████   | 756/1073 [25:25<10:36,  2.01s/it][A

Evaluation loop:  71%|███████   | 757/1073 [25:27<10:34,  2.01s/it][A

Evaluation loop:  71%|███████   | 758/1073 [25:29<10:45,  2.05s/it][A

Evaluation loop:  71%|███████   | 759/1073 [25:31<10:38,  2.03s/it][A

Evaluation loop:  71%|███████   | 760/1073 [25:33<10:32,  2.02s/it][A

Evaluation loop:  71%|███████   | 761/1073 [25:35<10:28,  2.01s/it][A

Evaluation loop:  71%|███████   | 762/1073 [25:37<10:24,  2.01s/it][A

Evaluation loop:  71%|███████   | 763/1073 [25:39<10:29,  2.03s/it][A

Evaluation loop:  71%|███████   | 764/1073 [25:41<10:22,  2.02s/it][A

Evaluation loop:  71%|███████▏  | 765/1073 [25:43<10:18,  2.01s/it][A

Evaluation loop:  71%|███████▏  | 766/1073 [25:45<10:15,  2.00s/it][A

Evaluation loop:  71%|███████▏  | 767/1073 [25:47<10:13,  2.00s/it][A

Evaluation loop:  72%|███████▏  | 768/1073 [25:49<10:09,  2.00s/it][A

Evaluation loop:  72%|███████▏  | 769/1073 [25:51<10:06,  2.00s/it][A

Evaluation loop:  72%|███████▏  | 770/1073 [25:53<10:06,  2.00s/it][A

Evaluation loop:  72%|███████▏  | 771/1073 [25:55<10:06,  2.01s/it][A

Evaluation loop:  72%|███████▏  | 772/1073 [25:57<10:04,  2.01s/it][A

Evaluation loop:  72%|███████▏  | 773/1073 [25:59<10:13,  2.05s/it][A

Evaluation loop:  72%|███████▏  | 774/1073 [26:01<10:07,  2.03s/it][A

Evaluation loop:  72%|███████▏  | 775/1073 [26:03<10:03,  2.02s/it][A

Evaluation loop:  72%|███████▏  | 776/1073 [26:05<09:58,  2.01s/it][A

Evaluation loop:  72%|███████▏  | 777/1073 [26:07<09:55,  2.01s/it][A

Evaluation loop:  73%|███████▎  | 778/1073 [26:09<10:06,  2.06s/it][A

Evaluation loop:  73%|███████▎  | 779/1073 [26:11<09:58,  2.04s/it][A

Evaluation loop:  73%|███████▎  | 780/1073 [26:13<09:53,  2.02s/it][A

Evaluation loop:  73%|███████▎  | 781/1073 [26:15<09:51,  2.03s/it][A

Evaluation loop:  73%|███████▎  | 782/1073 [26:17<09:56,  2.05s/it][A

Evaluation loop:  73%|███████▎  | 783/1073 [26:19<09:58,  2.06s/it][A

Evaluation loop:  73%|███████▎  | 784/1073 [26:21<09:50,  2.04s/it][A

Evaluation loop:  73%|███████▎  | 785/1073 [26:23<09:44,  2.03s/it][A

Evaluation loop:  73%|███████▎  | 786/1073 [26:25<09:38,  2.02s/it][A

Evaluation loop:  73%|███████▎  | 787/1073 [26:27<09:33,  2.01s/it][A

Evaluation loop:  73%|███████▎  | 788/1073 [26:29<09:42,  2.04s/it][A

Evaluation loop:  74%|███████▎  | 789/1073 [26:31<09:34,  2.02s/it][A

Evaluation loop:  74%|███████▎  | 790/1073 [26:33<09:29,  2.01s/it][A

Evaluation loop:  74%|███████▎  | 791/1073 [26:35<09:24,  2.00s/it][A

Evaluation loop:  74%|███████▍  | 792/1073 [26:37<09:21,  2.00s/it][A

Evaluation loop:  74%|███████▍  | 793/1073 [26:39<09:19,  2.00s/it][A

Evaluation loop:  74%|███████▍  | 794/1073 [26:41<09:16,  2.00s/it][A

Evaluation loop:  74%|███████▍  | 795/1073 [26:43<09:17,  2.01s/it][A

Evaluation loop:  74%|███████▍  | 796/1073 [26:45<09:14,  2.00s/it][A

Evaluation loop:  74%|███████▍  | 797/1073 [26:47<09:11,  2.00s/it][A

Evaluation loop:  74%|███████▍  | 798/1073 [26:49<09:08,  1.99s/it][A

Evaluation loop:  74%|███████▍  | 799/1073 [26:51<09:07,  2.00s/it][A

Evaluation loop:  75%|███████▍  | 800/1073 [26:53<09:04,  2.00s/it][A

Evaluation loop:  75%|███████▍  | 801/1073 [26:55<09:01,  1.99s/it][A

Evaluation loop:  75%|███████▍  | 802/1073 [26:57<08:59,  1.99s/it][A

Evaluation loop:  75%|███████▍  | 803/1073 [27:00<09:08,  2.03s/it][A

Evaluation loop:  75%|███████▍  | 804/1073 [27:02<09:04,  2.02s/it][A

Evaluation loop:  75%|███████▌  | 805/1073 [27:04<09:14,  2.07s/it][A

Evaluation loop:  75%|███████▌  | 806/1073 [27:06<09:05,  2.04s/it][A

Evaluation loop:  75%|███████▌  | 807/1073 [27:08<08:58,  2.03s/it][A

Evaluation loop:  75%|███████▌  | 808/1073 [27:10<08:53,  2.01s/it][A

Evaluation loop:  75%|███████▌  | 809/1073 [27:12<08:49,  2.00s/it][A

Evaluation loop:  75%|███████▌  | 810/1073 [27:14<08:45,  2.00s/it][A

Evaluation loop:  76%|███████▌  | 811/1073 [27:16<08:42,  1.99s/it][A

Evaluation loop:  76%|███████▌  | 812/1073 [27:18<08:40,  1.99s/it][A

Evaluation loop:  76%|███████▌  | 813/1073 [27:20<08:37,  1.99s/it][A

Evaluation loop:  76%|███████▌  | 814/1073 [27:22<08:37,  2.00s/it][A

Evaluation loop:  76%|███████▌  | 815/1073 [27:24<08:34,  1.99s/it][A

Evaluation loop:  76%|███████▌  | 816/1073 [27:26<08:32,  1.99s/it][A

Evaluation loop:  76%|███████▌  | 817/1073 [27:28<08:33,  2.01s/it][A

Evaluation loop:  76%|███████▌  | 818/1073 [27:30<08:43,  2.05s/it][A

Evaluation loop:  76%|███████▋  | 819/1073 [27:32<08:36,  2.03s/it][A

Evaluation loop:  76%|███████▋  | 820/1073 [27:34<08:31,  2.02s/it][A

Evaluation loop:  77%|███████▋  | 821/1073 [27:36<08:29,  2.02s/it][A

Evaluation loop:  77%|███████▋  | 822/1073 [27:38<08:31,  2.04s/it][A

Evaluation loop:  77%|███████▋  | 823/1073 [27:40<08:27,  2.03s/it][A

Evaluation loop:  77%|███████▋  | 824/1073 [27:42<08:22,  2.02s/it][A

Evaluation loop:  77%|███████▋  | 825/1073 [27:44<08:29,  2.05s/it][A

Evaluation loop:  77%|███████▋  | 826/1073 [27:46<08:22,  2.03s/it][A

Evaluation loop:  77%|███████▋  | 827/1073 [27:48<08:17,  2.02s/it][A

Evaluation loop:  77%|███████▋  | 828/1073 [27:50<08:24,  2.06s/it][A

Evaluation loop:  77%|███████▋  | 829/1073 [27:52<08:26,  2.08s/it][A

Evaluation loop:  77%|███████▋  | 830/1073 [27:54<08:18,  2.05s/it][A

Evaluation loop:  77%|███████▋  | 831/1073 [27:56<08:12,  2.04s/it][A

Evaluation loop:  78%|███████▊  | 832/1073 [27:58<08:09,  2.03s/it][A

Evaluation loop:  78%|███████▊  | 833/1073 [28:00<08:15,  2.06s/it][A

Evaluation loop:  78%|███████▊  | 834/1073 [28:02<08:07,  2.04s/it][A

Evaluation loop:  78%|███████▊  | 835/1073 [28:04<08:01,  2.02s/it][A

Evaluation loop:  78%|███████▊  | 836/1073 [28:06<07:57,  2.01s/it][A

Evaluation loop:  78%|███████▊  | 837/1073 [28:08<07:53,  2.01s/it][A

Evaluation loop:  78%|███████▊  | 838/1073 [28:10<07:51,  2.01s/it][A

Evaluation loop:  78%|███████▊  | 839/1073 [28:12<07:49,  2.01s/it][A

Evaluation loop:  78%|███████▊  | 840/1073 [28:14<07:53,  2.03s/it][A

Evaluation loop:  78%|███████▊  | 841/1073 [28:16<07:48,  2.02s/it][A

Evaluation loop:  78%|███████▊  | 842/1073 [28:18<07:45,  2.01s/it][A

Evaluation loop:  79%|███████▊  | 843/1073 [28:20<07:41,  2.01s/it][A

Evaluation loop:  79%|███████▊  | 844/1073 [28:22<07:39,  2.01s/it][A

Evaluation loop:  79%|███████▉  | 845/1073 [28:24<07:37,  2.01s/it][A

Evaluation loop:  79%|███████▉  | 846/1073 [28:27<07:43,  2.04s/it][A

Evaluation loop:  79%|███████▉  | 847/1073 [28:29<07:48,  2.07s/it][A

Evaluation loop:  79%|███████▉  | 848/1073 [28:31<07:41,  2.05s/it][A

Evaluation loop:  79%|███████▉  | 849/1073 [28:33<07:36,  2.04s/it][A

Evaluation loop:  79%|███████▉  | 850/1073 [28:35<07:31,  2.02s/it][A

Evaluation loop:  79%|███████▉  | 851/1073 [28:37<07:28,  2.02s/it][A

Evaluation loop:  79%|███████▉  | 852/1073 [28:39<07:24,  2.01s/it][A

Evaluation loop:  79%|███████▉  | 853/1073 [28:41<07:21,  2.01s/it][A

Evaluation loop:  80%|███████▉  | 854/1073 [28:43<07:18,  2.00s/it][A

Evaluation loop:  80%|███████▉  | 855/1073 [28:45<07:15,  2.00s/it][A

Evaluation loop:  80%|███████▉  | 856/1073 [28:47<07:13,  2.00s/it][A

Evaluation loop:  80%|███████▉  | 857/1073 [28:49<07:12,  2.00s/it][A

Evaluation loop:  80%|███████▉  | 858/1073 [28:51<07:11,  2.01s/it][A

Evaluation loop:  80%|████████  | 859/1073 [28:53<07:08,  2.00s/it][A

Evaluation loop:  80%|████████  | 860/1073 [28:55<07:07,  2.01s/it][A

Evaluation loop:  80%|████████  | 861/1073 [28:57<07:05,  2.00s/it][A

Evaluation loop:  80%|████████  | 862/1073 [28:59<07:11,  2.04s/it][A

Evaluation loop:  80%|████████  | 863/1073 [29:01<07:14,  2.07s/it][A

Evaluation loop:  81%|████████  | 864/1073 [29:03<07:08,  2.05s/it][A

Evaluation loop:  81%|████████  | 865/1073 [29:05<07:03,  2.03s/it][A

Evaluation loop:  81%|████████  | 866/1073 [29:07<06:58,  2.02s/it][A

Evaluation loop:  81%|████████  | 867/1073 [29:09<06:54,  2.01s/it][A

Evaluation loop:  81%|████████  | 868/1073 [29:11<06:53,  2.02s/it][A

Evaluation loop:  81%|████████  | 869/1073 [29:13<06:50,  2.01s/it][A

Evaluation loop:  81%|████████  | 870/1073 [29:15<06:53,  2.04s/it][A

Evaluation loop:  81%|████████  | 871/1073 [29:17<06:49,  2.03s/it][A

Evaluation loop:  81%|████████▏ | 872/1073 [29:19<06:45,  2.02s/it][A

Evaluation loop:  81%|████████▏ | 873/1073 [29:21<06:41,  2.01s/it][A

Evaluation loop:  81%|████████▏ | 874/1073 [29:23<06:38,  2.00s/it][A

Evaluation loop:  82%|████████▏ | 875/1073 [29:25<06:35,  2.00s/it][A

Evaluation loop:  82%|████████▏ | 876/1073 [29:27<06:32,  1.99s/it][A

Evaluation loop:  82%|████████▏ | 877/1073 [29:29<06:38,  2.03s/it][A

Evaluation loop:  82%|████████▏ | 878/1073 [29:31<06:33,  2.02s/it][A

Evaluation loop:  82%|████████▏ | 879/1073 [29:33<06:29,  2.01s/it][A

Evaluation loop:  82%|████████▏ | 880/1073 [29:35<06:28,  2.01s/it][A

Evaluation loop:  82%|████████▏ | 881/1073 [29:37<06:28,  2.02s/it][A

Evaluation loop:  82%|████████▏ | 882/1073 [29:39<06:24,  2.01s/it][A

Evaluation loop:  82%|████████▏ | 883/1073 [29:41<06:20,  2.00s/it][A

Evaluation loop:  82%|████████▏ | 884/1073 [29:43<06:17,  2.00s/it][A

Evaluation loop:  82%|████████▏ | 885/1073 [29:45<06:14,  1.99s/it][A

Evaluation loop:  83%|████████▎ | 886/1073 [29:47<06:12,  1.99s/it][A

Evaluation loop:  83%|████████▎ | 887/1073 [29:49<06:10,  1.99s/it][A

Evaluation loop:  83%|████████▎ | 888/1073 [29:51<06:07,  1.99s/it][A

Evaluation loop:  83%|████████▎ | 889/1073 [29:53<06:06,  1.99s/it][A

Evaluation loop:  83%|████████▎ | 890/1073 [29:55<06:03,  1.99s/it][A

Evaluation loop:  83%|████████▎ | 891/1073 [29:57<06:02,  1.99s/it][A

Evaluation loop:  83%|████████▎ | 892/1073 [29:59<06:09,  2.04s/it][A

Evaluation loop:  83%|████████▎ | 893/1073 [30:01<06:04,  2.02s/it][A

Evaluation loop:  83%|████████▎ | 894/1073 [30:03<06:00,  2.02s/it][A

Evaluation loop:  83%|████████▎ | 895/1073 [30:05<05:57,  2.01s/it][A

Evaluation loop:  84%|████████▎ | 896/1073 [30:07<05:54,  2.00s/it][A

Evaluation loop:  84%|████████▎ | 897/1073 [30:09<05:51,  2.00s/it][A

Evaluation loop:  84%|████████▎ | 898/1073 [30:11<05:49,  2.00s/it][A

Evaluation loop:  84%|████████▍ | 899/1073 [30:13<05:47,  2.00s/it][A

Evaluation loop:  84%|████████▍ | 900/1073 [30:15<05:45,  2.00s/it][A

Evaluation loop:  84%|████████▍ | 901/1073 [30:17<05:50,  2.04s/it][A

Evaluation loop:  84%|████████▍ | 902/1073 [30:19<05:48,  2.04s/it][A

Evaluation loop:  84%|████████▍ | 903/1073 [30:21<05:44,  2.03s/it][A

Evaluation loop:  84%|████████▍ | 904/1073 [30:23<05:41,  2.02s/it][A

Evaluation loop:  84%|████████▍ | 905/1073 [30:25<05:41,  2.03s/it][A

Evaluation loop:  84%|████████▍ | 906/1073 [30:27<05:37,  2.02s/it][A

Evaluation loop:  85%|████████▍ | 907/1073 [30:30<05:41,  2.06s/it][A

Evaluation loop:  85%|████████▍ | 908/1073 [30:32<05:36,  2.04s/it][A

Evaluation loop:  85%|████████▍ | 909/1073 [30:34<05:33,  2.03s/it][A

Evaluation loop:  85%|████████▍ | 910/1073 [30:36<05:28,  2.02s/it][A

Evaluation loop:  85%|████████▍ | 911/1073 [30:38<05:25,  2.01s/it][A

Evaluation loop:  85%|████████▍ | 912/1073 [30:40<05:22,  2.00s/it][A

Evaluation loop:  85%|████████▌ | 913/1073 [30:42<05:26,  2.04s/it][A

Evaluation loop:  85%|████████▌ | 914/1073 [30:44<05:22,  2.03s/it][A

Evaluation loop:  85%|████████▌ | 915/1073 [30:46<05:18,  2.01s/it][A

Evaluation loop:  85%|████████▌ | 916/1073 [30:48<05:14,  2.01s/it][A

Evaluation loop:  85%|████████▌ | 917/1073 [30:50<05:12,  2.00s/it][A

Evaluation loop:  86%|████████▌ | 918/1073 [30:52<05:09,  2.00s/it][A

Evaluation loop:  86%|████████▌ | 919/1073 [30:54<05:08,  2.00s/it][A

Evaluation loop:  86%|████████▌ | 920/1073 [30:56<05:05,  2.00s/it][A

Evaluation loop:  86%|████████▌ | 921/1073 [30:58<05:03,  1.99s/it][A

Evaluation loop:  86%|████████▌ | 922/1073 [31:00<05:11,  2.06s/it][A

Evaluation loop:  86%|████████▌ | 923/1073 [31:02<05:05,  2.04s/it][A

Evaluation loop:  86%|████████▌ | 924/1073 [31:04<05:01,  2.02s/it][A

Evaluation loop:  86%|████████▌ | 925/1073 [31:06<04:58,  2.02s/it][A

Evaluation loop:  86%|████████▋ | 926/1073 [31:08<04:55,  2.01s/it][A

Evaluation loop:  86%|████████▋ | 927/1073 [31:10<04:52,  2.00s/it][A

Evaluation loop:  86%|████████▋ | 928/1073 [31:12<04:50,  2.00s/it][A

Evaluation loop:  87%|████████▋ | 929/1073 [31:14<04:47,  2.00s/it][A

Evaluation loop:  87%|████████▋ | 930/1073 [31:16<04:45,  2.00s/it][A

Evaluation loop:  87%|████████▋ | 931/1073 [31:18<04:43,  1.99s/it][A

Evaluation loop:  87%|████████▋ | 932/1073 [31:20<04:40,  1.99s/it][A

Evaluation loop:  87%|████████▋ | 933/1073 [31:22<04:38,  1.99s/it][A

Evaluation loop:  87%|████████▋ | 934/1073 [31:24<04:36,  1.99s/it][A

Evaluation loop:  87%|████████▋ | 935/1073 [31:26<04:34,  1.99s/it][A

Evaluation loop:  87%|████████▋ | 936/1073 [31:28<04:32,  1.99s/it][A

Evaluation loop:  87%|████████▋ | 937/1073 [31:30<04:38,  2.05s/it][A

Evaluation loop:  87%|████████▋ | 938/1073 [31:32<04:33,  2.03s/it][A

Evaluation loop:  88%|████████▊ | 939/1073 [31:34<04:30,  2.02s/it][A

Evaluation loop:  88%|████████▊ | 940/1073 [31:36<04:29,  2.02s/it][A

Evaluation loop:  88%|████████▊ | 941/1073 [31:38<04:26,  2.02s/it][A

Evaluation loop:  88%|████████▊ | 942/1073 [31:40<04:28,  2.05s/it][A

Evaluation loop:  88%|████████▊ | 943/1073 [31:42<04:24,  2.04s/it][A

Evaluation loop:  88%|████████▊ | 944/1073 [31:44<04:20,  2.02s/it][A

Evaluation loop:  88%|████████▊ | 945/1073 [31:46<04:17,  2.01s/it][A

Evaluation loop:  88%|████████▊ | 946/1073 [31:48<04:14,  2.00s/it][A

Evaluation loop:  88%|████████▊ | 947/1073 [31:50<04:12,  2.00s/it][A

Evaluation loop:  88%|████████▊ | 948/1073 [31:52<04:16,  2.05s/it][A

Evaluation loop:  88%|████████▊ | 949/1073 [31:54<04:12,  2.03s/it][A

Evaluation loop:  89%|████████▊ | 950/1073 [31:56<04:08,  2.02s/it][A

Evaluation loop:  89%|████████▊ | 951/1073 [31:58<04:05,  2.01s/it][A

Evaluation loop:  89%|████████▊ | 952/1073 [32:00<04:03,  2.01s/it][A

Evaluation loop:  89%|████████▉ | 953/1073 [32:02<04:00,  2.01s/it][A

Evaluation loop:  89%|████████▉ | 954/1073 [32:04<03:59,  2.01s/it][A

Evaluation loop:  89%|████████▉ | 955/1073 [32:06<03:57,  2.01s/it][A

Evaluation loop:  89%|████████▉ | 956/1073 [32:08<03:56,  2.02s/it][A

Evaluation loop:  89%|████████▉ | 957/1073 [32:10<03:53,  2.01s/it][A

Evaluation loop:  89%|████████▉ | 958/1073 [32:12<03:50,  2.00s/it][A

Evaluation loop:  89%|████████▉ | 959/1073 [32:14<03:47,  2.00s/it][A

Evaluation loop:  89%|████████▉ | 960/1073 [32:16<03:45,  1.99s/it][A

Evaluation loop:  90%|████████▉ | 961/1073 [32:18<03:42,  1.99s/it][A

Evaluation loop:  90%|████████▉ | 962/1073 [32:20<03:40,  1.99s/it][A

Evaluation loop:  90%|████████▉ | 963/1073 [32:22<03:38,  1.99s/it][A

Evaluation loop:  90%|████████▉ | 964/1073 [32:24<03:36,  1.99s/it][A

Evaluation loop:  90%|████████▉ | 965/1073 [32:26<03:35,  1.99s/it][A

Evaluation loop:  90%|█████████ | 966/1073 [32:28<03:37,  2.04s/it][A

Evaluation loop:  90%|█████████ | 967/1073 [32:30<03:34,  2.03s/it][A

Evaluation loop:  90%|█████████ | 968/1073 [32:32<03:31,  2.02s/it][A

Evaluation loop:  90%|█████████ | 969/1073 [32:34<03:28,  2.01s/it][A

Evaluation loop:  90%|█████████ | 970/1073 [32:36<03:26,  2.01s/it][A

Evaluation loop:  90%|█████████ | 971/1073 [32:38<03:25,  2.01s/it][A

Evaluation loop:  91%|█████████ | 972/1073 [32:40<03:27,  2.05s/it][A

Evaluation loop:  91%|█████████ | 973/1073 [32:42<03:23,  2.04s/it][A

Evaluation loop:  91%|█████████ | 974/1073 [32:44<03:20,  2.02s/it][A

Evaluation loop:  91%|█████████ | 975/1073 [32:46<03:17,  2.01s/it][A

Evaluation loop:  91%|█████████ | 976/1073 [32:48<03:14,  2.00s/it][A

Evaluation loop:  91%|█████████ | 977/1073 [32:50<03:12,  2.00s/it][A

Evaluation loop:  91%|█████████ | 978/1073 [32:52<03:10,  2.00s/it][A

Evaluation loop:  91%|█████████ | 979/1073 [32:54<03:08,  2.00s/it][A

Evaluation loop:  91%|█████████▏| 980/1073 [32:56<03:06,  2.00s/it][A

Evaluation loop:  91%|█████████▏| 981/1073 [32:58<03:05,  2.01s/it][A

Evaluation loop:  92%|█████████▏| 982/1073 [33:00<03:02,  2.01s/it][A

Evaluation loop:  92%|█████████▏| 983/1073 [33:02<03:00,  2.00s/it][A

Evaluation loop:  92%|█████████▏| 984/1073 [33:04<02:57,  2.00s/it][A

Evaluation loop:  92%|█████████▏| 985/1073 [33:06<02:55,  2.00s/it][A

Evaluation loop:  92%|█████████▏| 986/1073 [33:08<02:53,  1.99s/it][A

Evaluation loop:  92%|█████████▏| 987/1073 [33:10<02:51,  1.99s/it][A

Evaluation loop:  92%|█████████▏| 988/1073 [33:12<02:50,  2.00s/it][A

Evaluation loop:  92%|█████████▏| 989/1073 [33:14<02:48,  2.01s/it][A

Evaluation loop:  92%|█████████▏| 990/1073 [33:16<02:46,  2.00s/it][A

Evaluation loop:  92%|█████████▏| 991/1073 [33:18<02:43,  2.00s/it][A

Evaluation loop:  92%|█████████▏| 992/1073 [33:20<02:41,  1.99s/it][A

Evaluation loop:  93%|█████████▎| 993/1073 [33:22<02:39,  1.99s/it][A

Evaluation loop:  93%|█████████▎| 994/1073 [33:24<02:37,  1.99s/it][A

Evaluation loop:  93%|█████████▎| 995/1073 [33:26<02:35,  1.99s/it][A

Evaluation loop:  93%|█████████▎| 996/1073 [33:28<02:33,  1.99s/it][A

Evaluation loop:  93%|█████████▎| 997/1073 [33:30<02:31,  1.99s/it][A

Evaluation loop:  93%|█████████▎| 998/1073 [33:32<02:29,  1.99s/it][A

Evaluation loop:  93%|█████████▎| 999/1073 [33:34<02:27,  2.00s/it][A

Evaluation loop:  93%|█████████▎| 1000/1073 [33:36<02:25,  2.00s/it][A

Evaluation loop:  93%|█████████▎| 1001/1073 [33:38<02:27,  2.05s/it][A

Evaluation loop:  93%|█████████▎| 1002/1073 [33:41<02:27,  2.08s/it][A

Evaluation loop:  93%|█████████▎| 1003/1073 [33:43<02:23,  2.05s/it][A

Evaluation loop:  94%|█████████▎| 1004/1073 [33:45<02:20,  2.03s/it][A

Evaluation loop:  94%|█████████▎| 1005/1073 [33:47<02:17,  2.02s/it][A

Evaluation loop:  94%|█████████▍| 1006/1073 [33:49<02:14,  2.01s/it][A

Evaluation loop:  94%|█████████▍| 1007/1073 [33:51<02:12,  2.01s/it][A

Evaluation loop:  94%|█████████▍| 1008/1073 [33:53<02:12,  2.03s/it][A

Evaluation loop:  94%|█████████▍| 1009/1073 [33:55<02:09,  2.02s/it][A

Evaluation loop:  94%|█████████▍| 1010/1073 [33:57<02:06,  2.01s/it][A

Evaluation loop:  94%|█████████▍| 1011/1073 [33:59<02:06,  2.04s/it][A

Evaluation loop:  94%|█████████▍| 1012/1073 [34:01<02:03,  2.03s/it][A

Evaluation loop:  94%|█████████▍| 1013/1073 [34:03<02:01,  2.02s/it][A

Evaluation loop:  95%|█████████▍| 1014/1073 [34:05<01:58,  2.01s/it][A

Evaluation loop:  95%|█████████▍| 1015/1073 [34:07<01:56,  2.01s/it][A

Evaluation loop:  95%|█████████▍| 1016/1073 [34:09<01:55,  2.02s/it][A

Evaluation loop:  95%|█████████▍| 1017/1073 [34:11<01:52,  2.02s/it][A

Evaluation loop:  95%|█████████▍| 1018/1073 [34:13<01:50,  2.01s/it][A

Evaluation loop:  95%|█████████▍| 1019/1073 [34:15<01:48,  2.00s/it][A

Evaluation loop:  95%|█████████▌| 1020/1073 [34:17<01:45,  2.00s/it][A

Evaluation loop:  95%|█████████▌| 1021/1073 [34:19<01:43,  1.99s/it][A

Evaluation loop:  95%|█████████▌| 1022/1073 [34:21<01:41,  1.99s/it][A

Evaluation loop:  95%|█████████▌| 1023/1073 [34:23<01:39,  1.99s/it][A

Evaluation loop:  95%|█████████▌| 1024/1073 [34:25<01:37,  1.99s/it][A

Evaluation loop:  96%|█████████▌| 1025/1073 [34:27<01:35,  1.99s/it][A

Evaluation loop:  96%|█████████▌| 1026/1073 [34:29<01:35,  2.03s/it][A

Evaluation loop:  96%|█████████▌| 1027/1073 [34:31<01:33,  2.02s/it][A

Evaluation loop:  96%|█████████▌| 1028/1073 [34:33<01:30,  2.01s/it][A

Evaluation loop:  96%|█████████▌| 1029/1073 [34:35<01:28,  2.00s/it][A

Evaluation loop:  96%|█████████▌| 1030/1073 [34:37<01:25,  2.00s/it][A

Evaluation loop:  96%|█████████▌| 1031/1073 [34:39<01:23,  1.99s/it][A

Evaluation loop:  96%|█████████▌| 1032/1073 [34:41<01:21,  1.99s/it][A

Evaluation loop:  96%|█████████▋| 1033/1073 [34:43<01:19,  1.99s/it][A

Evaluation loop:  96%|█████████▋| 1034/1073 [34:45<01:17,  1.99s/it][A

Evaluation loop:  96%|█████████▋| 1035/1073 [34:47<01:15,  1.99s/it][A

Evaluation loop:  97%|█████████▋| 1036/1073 [34:49<01:13,  1.99s/it][A

Evaluation loop:  97%|█████████▋| 1037/1073 [34:51<01:11,  2.00s/it][A

Evaluation loop:  97%|█████████▋| 1038/1073 [34:53<01:10,  2.00s/it][A

Evaluation loop:  97%|█████████▋| 1039/1073 [34:55<01:08,  2.00s/it][A

Evaluation loop:  97%|█████████▋| 1040/1073 [34:57<01:05,  2.00s/it][A

Evaluation loop:  97%|█████████▋| 1041/1073 [34:59<01:05,  2.03s/it][A

Evaluation loop:  97%|█████████▋| 1042/1073 [35:01<01:02,  2.02s/it][A

Evaluation loop:  97%|█████████▋| 1043/1073 [35:03<01:00,  2.01s/it][A

Evaluation loop:  97%|█████████▋| 1044/1073 [35:05<00:58,  2.00s/it][A

Evaluation loop:  97%|█████████▋| 1045/1073 [35:07<00:55,  2.00s/it][A

Evaluation loop:  97%|█████████▋| 1046/1073 [35:09<00:53,  2.00s/it][A

Evaluation loop:  98%|█████████▊| 1047/1073 [35:11<00:51,  2.00s/it][A

Evaluation loop:  98%|█████████▊| 1048/1073 [35:13<00:49,  1.99s/it][A

Evaluation loop:  98%|█████████▊| 1049/1073 [35:15<00:47,  2.00s/it][A

Evaluation loop:  98%|█████████▊| 1050/1073 [35:17<00:45,  1.99s/it][A

Evaluation loop:  98%|█████████▊| 1051/1073 [35:19<00:43,  1.99s/it][A

Evaluation loop:  98%|█████████▊| 1052/1073 [35:21<00:41,  1.99s/it][A

Evaluation loop:  98%|█████████▊| 1053/1073 [35:23<00:39,  1.99s/it][A

Evaluation loop:  98%|█████████▊| 1054/1073 [35:25<00:37,  1.99s/it][A

Evaluation loop:  98%|█████████▊| 1055/1073 [35:27<00:35,  1.99s/it][A

Evaluation loop:  98%|█████████▊| 1056/1073 [35:29<00:34,  2.03s/it][A

Evaluation loop:  99%|█████████▊| 1057/1073 [35:31<00:32,  2.06s/it][A

Evaluation loop:  99%|█████████▊| 1058/1073 [35:33<00:31,  2.08s/it][A

Evaluation loop:  99%|█████████▊| 1059/1073 [35:35<00:29,  2.08s/it][A

Evaluation loop:  99%|█████████▉| 1060/1073 [35:37<00:26,  2.05s/it][A

Evaluation loop:  99%|█████████▉| 1061/1073 [35:39<00:24,  2.03s/it][A

Evaluation loop:  99%|█████████▉| 1062/1073 [35:41<00:22,  2.02s/it][A

Evaluation loop:  99%|█████████▉| 1063/1073 [35:43<00:20,  2.01s/it][A

Evaluation loop:  99%|█████████▉| 1064/1073 [35:45<00:18,  2.00s/it][A

Evaluation loop:  99%|█████████▉| 1065/1073 [35:47<00:15,  2.00s/it][A

Evaluation loop:  99%|█████████▉| 1066/1073 [35:49<00:13,  1.99s/it][A

Evaluation loop:  99%|█████████▉| 1067/1073 [35:51<00:11,  1.99s/it][A

Evaluation loop: 100%|█████████▉| 1068/1073 [35:53<00:09,  1.99s/it][A

Evaluation loop: 100%|█████████▉| 1069/1073 [35:55<00:07,  1.99s/it][A

Evaluation loop: 100%|█████████▉| 1070/1073 [35:57<00:05,  1.99s/it][A

Evaluation loop: 100%|█████████▉| 1071/1073 [35:59<00:04,  2.03s/it][A

Evaluation loop: 100%|█████████▉| 1072/1073 [36:01<00:02,  2.02s/it][A

Evaluation loop: 100%|██████████| 1073/1073 [36:03<00:00,  2.01s/it][A
Evaluation loop: 100%|██████████| 1073/1073 [36:04<00:00,  2.02s/it]

  0%|          | 0/4 [2:48:19<?, ?it/s]
Traceback (most recent call last):
  File "/gpfs/home2/jbibo/open-hummingbird-eval/python_scripts/exp_a_b.py", line 302, in <module>
    main()
  File "/gpfs/home2/jbibo/open-hummingbird-eval/python_scripts/exp_a_b.py", line 250, in main
    hbird_miou = eval_fn(
                 ^^^^^^^^
  File "/gpfs/home2/jbibo/open-hummingbird-eval/hbird/hbird_eval_vggt.py", line 791, in hbird_evaluation
    val_bin_miou = evaluator.evaluate(
                   ^^^^^^^^^^^^^^^^^^^
  File "/gpfs/home2/jbibo/open-hummingbird-eval/hbird/hbird_eval_vggt.py", line 506, in evaluate
    valid_target = lables[valid_idx]
                   ~~~~~~^^^^^^^^^^^
torch.OutOfMemoryError: CUDA out of memory. Tried to allocate 32.49 GiB. GPU 0 has a total capacity of 39.49 GiB of which 12.05 GiB is free. Including non-PyTorch memory, this process has 27.43 GiB memory in use. Of the allocated memory 22.02 GiB is allocated by PyTorch, and 1.45 GiB is reserved by PyTorch but unallocated. If reserved but unallocated memory is large try setting PYTORCH_CUDA_ALLOC_CONF=expandable_segments:True to avoid fragmentation.  See documentation for Memory Management  (https://pytorch.org/docs/stable/notes/cuda.html#environment-variables)
srun: error: gcn71: task 0: Exited with exit code 1
srun: Terminating StepId=17046778.0
